2026-03-27T10:09:09.690+08:00  WARN 49860 --- [HikariPool-1:housekeeper] com.zaxxer.hikari.pool.HikariPool        : HikariPool-1 - Thread starvation or clock leap detected (housekeeper delta=11h22m40s329ms359µs500ns).
2026-03-27T11:43:01.768+08:00  INFO 49860 --- [http-nio-8081-exec-3] c.l.H.security.JwtAuthFilter             : Incoming request : /api/login
2026-03-27T11:43:01.848+08:00  INFO 49860 --- [http-nio-8081-exec-4] c.l.H.security.JwtAuthFilter             : Incoming request : /api/product
2026-03-27T11:43:01.921+08:00  INFO 49860 --- [http-nio-8081-exec-5] c.l.H.security.JwtAuthFilter             : Incoming request : /api/default-ui.css
2026-03-27T11:43:02.023+08:00  INFO 49860 --- [http-nio-8081-exec-8] c.l.H.security.JwtAuthFilter             : Incoming request : /api/login
2026-03-27T11:43:02.035+08:00  INFO 49860 --- [http-nio-8081-exec-10] c.l.H.security.JwtAuthFilter             : Incoming request : /api/default-ui.css
2026-03-27T11:43:03.569+08:00  INFO 49860 --- [http-nio-8081-exec-1] c.l.H.security.JwtAuthFilter             : Incoming request : /api/login
2026-03-27T11:43:03.627+08:00  INFO 49860 --- [http-nio-8081-exec-2] c.l.H.security.JwtAuthFilter             : Incoming request : /api/default-ui.css
2026-03-27T11:43:03.888+08:00  INFO 49860 --- [http-nio-8081-exec-3] c.l.H.security.JwtAuthFilter             : Incoming request : /api/admin/patient/list
2026-03-27T11:43:03.895+08:00  INFO 49860 --- [http-nio-8081-exec-5] c.l.H.security.JwtAuthFilter             : Incoming request : /api/login
2026-03-27T11:43:03.951+08:00  INFO 49860 --- [http-nio-8081-exec-6] c.l.H.security.JwtAuthFilter             : Incoming request : /api/default-ui.css
2026-03-27T11:43:05.849+08:00  INFO 49860 --- [http-nio-8081-exec-4] c.l.H.security.JwtAuthFilter             : Incoming request : /api/public/employees/list
2026-03-27T11:53:57.039+08:00  INFO 49860 --- [File Watcher] rtingClassPathChangeChangedEventListener : Restarting due to 1 class path change (0 additions, 0 deletions, 1 modification)
2026-03-27T11:53:57.048+08:00  INFO 49860 --- [Thread-1] o.s.boot.tomcat.GracefulShutdown         : Commencing graceful shutdown. Waiting for active requests to complete
2026-03-27T11:53:57.062+08:00  INFO 49860 --- [tomcat-shutdown] o.s.boot.tomcat.GracefulShutdown         : Graceful shutdown complete
2026-03-27T11:53:57.072+08:00  INFO 49860 --- [Thread-1] j.LocalContainerEntityManagerFactoryBean : Closing JPA EntityManagerFactory for persistence unit 'default'
2026-03-27T11:53:57.086+08:00  INFO 49860 --- [Thread-1] com.zaxxer.hikari.HikariDataSource       : HikariPool-1 - Shutdown initiated...
2026-03-27T11:53:57.088+08:00  INFO 49860 --- [Thread-1] com.zaxxer.hikari.HikariDataSource       : HikariPool-1 - Shutdown completed.
2026-03-27T11:53:57.294+08:00  INFO 49860 --- [restartedMain] c.l.Hospital_Mgmt_SB.Application         : Starting Application using Java 21.0.9 with PID 49860 (D:\New learning codes\SpringBoot Code\anujSharma\CodingShuttleProject\Hospital_Mgmt_SB\Hospital_Mgmt_SB\target\classes started by tauki in D:\New learning codes\SpringBoot Code\anujSharma\CodingShuttleProject\Hospital_Mgmt_SB)
2026-03-27T11:53:57.295+08:00  INFO 49860 --- [restartedMain] c.l.Hospital_Mgmt_SB.Application         : No active profile set, falling back to 1 default profile: "default"
2026-03-27T11:53:57.447+08:00  INFO 49860 --- [restartedMain] .s.d.r.c.RepositoryConfigurationDelegate : Bootstrapping Spring Data JPA repositories in DEFAULT mode.
2026-03-27T11:53:57.470+08:00  INFO 49860 --- [restartedMain] .s.d.r.c.RepositoryConfigurationDelegate : Finished Spring Data repository scanning in 22 ms. Found 8 JPA repository interfaces.
2026-03-27T11:53:57.591+08:00  INFO 49860 --- [restartedMain] o.s.boot.tomcat.TomcatWebServer          : Tomcat initialized with port 8081 (http)
2026-03-27T11:53:57.593+08:00  INFO 49860 --- [restartedMain] o.apache.catalina.core.StandardService   : Starting service [Tomcat]
2026-03-27T11:53:57.594+08:00  INFO 49860 --- [restartedMain] o.apache.catalina.core.StandardEngine    : Starting Servlet engine: [Apache Tomcat/11.0.18]
2026-03-27T11:53:57.617+08:00  INFO 49860 --- [restartedMain] b.w.c.s.WebApplicationContextInitializer : Root WebApplicationContext: initialization completed in 320 ms
2026-03-27T11:53:57.647+08:00  INFO 49860 --- [restartedMain] org.hibernate.orm.jpa                    : HHH008540: Processing PersistenceUnitInfo [name: default]
2026-03-27T11:53:57.686+08:00  INFO 49860 --- [restartedMain] o.s.o.j.p.SpringPersistenceUnitInfo      : No LoadTimeWeaver setup: ignoring JPA class transformer
2026-03-27T11:53:57.688+08:00  INFO 49860 --- [restartedMain] com.zaxxer.hikari.HikariDataSource       : HikariPool-2 - Starting...
2026-03-27T11:53:57.716+08:00  INFO 49860 --- [restartedMain] com.zaxxer.hikari.pool.HikariPool        : HikariPool-2 - Added connection org.postgresql.jdbc.PgConnection@7179801e
2026-03-27T11:53:57.717+08:00  INFO 49860 --- [restartedMain] com.zaxxer.hikari.HikariDataSource       : HikariPool-2 - Start completed.
2026-03-27T11:53:57.740+08:00  INFO 49860 --- [restartedMain] org.hibernate.orm.connections.pooling    : HHH10001005: Database info:
	Database JDBC URL [jdbc:postgresql://localhost:5432/learnSpringBoot_hospitalDB]
	Database driver: PostgreSQL JDBC Driver
	Database dialect: PostgreSQLDialect
	Database version: 17.4
	Default catalog/schema: learnSpringBoot_hospitalDB/public
	Autocommit mode: undefined/unknown
	Isolation level: READ_COMMITTED [default READ_COMMITTED]
	JDBC fetch size: none
	Pool: DataSourceConnectionProvider
	Minimum pool size: undefined/unknown
	Maximum pool size: undefined/unknown
2026-03-27T11:53:57.919+08:00  INFO 49860 --- [restartedMain] org.hibernate.orm.core                   : HHH000489: No JTA platform available (set 'hibernate.transaction.jta.platform' to enable JTA platform integration)
2026-03-27T11:53:57.999+08:00  INFO 49860 --- [restartedMain] j.LocalContainerEntityManagerFactoryBean : Initialized JPA EntityManagerFactory for persistence unit 'default'
2026-03-27T11:53:58.038+08:00  WARN 49860 --- [restartedMain] JpaBaseConfiguration$JpaWebConfiguration : spring.jpa.open-in-view is enabled by default. Therefore, database queries may be performed during view rendering. Explicitly configure spring.jpa.open-in-view to disable this warning
2026-03-27T11:53:58.096+08:00  INFO 49860 --- [restartedMain] r$InitializeUserDetailsManagerConfigurer : Global AuthenticationManager configured with UserDetailsService bean with name customUserDetailsService
2026-03-27T11:53:58.328+08:00  INFO 49860 --- [restartedMain] o.s.boot.tomcat.TomcatWebServer          : Tomcat started on port 8081 (http) with context path '/api'
2026-03-27T11:53:58.332+08:00  INFO 49860 --- [restartedMain] c.l.Hospital_Mgmt_SB.Application         : Started Application in 1.062 seconds (process running for 49772.974)
2026-03-27T11:53:58.333+08:00  INFO 49860 --- [restartedMain] .ConditionEvaluationDeltaLoggingListener : Condition evaluation unchanged
2026-03-27T11:54:07.918+08:00  INFO 49860 --- [File Watcher] rtingClassPathChangeChangedEventListener : Restarting due to 1 class path change (0 additions, 0 deletions, 1 modification)
2026-03-27T11:54:07.921+08:00  INFO 49860 --- [Thread-5] o.s.boot.tomcat.GracefulShutdown         : Commencing graceful shutdown. Waiting for active requests to complete
2026-03-27T11:54:07.933+08:00  INFO 49860 --- [tomcat-shutdown] o.s.boot.tomcat.GracefulShutdown         : Graceful shutdown complete
2026-03-27T11:54:07.935+08:00  INFO 49860 --- [Thread-5] j.LocalContainerEntityManagerFactoryBean : Closing JPA EntityManagerFactory for persistence unit 'default'
2026-03-27T11:54:07.936+08:00  INFO 49860 --- [Thread-5] com.zaxxer.hikari.HikariDataSource       : HikariPool-2 - Shutdown initiated...
2026-03-27T11:54:07.938+08:00  INFO 49860 --- [Thread-5] com.zaxxer.hikari.HikariDataSource       : HikariPool-2 - Shutdown completed.
2026-03-27T11:54:08.017+08:00  INFO 49860 --- [restartedMain] c.l.Hospital_Mgmt_SB.Application         : Starting Application using Java 21.0.9 with PID 49860 (D:\New learning codes\SpringBoot Code\anujSharma\CodingShuttleProject\Hospital_Mgmt_SB\Hospital_Mgmt_SB\target\classes started by tauki in D:\New learning codes\SpringBoot Code\anujSharma\CodingShuttleProject\Hospital_Mgmt_SB)
2026-03-27T11:54:08.017+08:00  INFO 49860 --- [restartedMain] c.l.Hospital_Mgmt_SB.Application         : No active profile set, falling back to 1 default profile: "default"
2026-03-27T11:54:08.228+08:00  INFO 49860 --- [restartedMain] .s.d.r.c.RepositoryConfigurationDelegate : Bootstrapping Spring Data JPA repositories in DEFAULT mode.
2026-03-27T11:54:08.254+08:00  INFO 49860 --- [restartedMain] .s.d.r.c.RepositoryConfigurationDelegate : Finished Spring Data repository scanning in 25 ms. Found 8 JPA repository interfaces.
2026-03-27T11:54:08.325+08:00  INFO 49860 --- [restartedMain] o.s.boot.tomcat.TomcatWebServer          : Tomcat initialized with port 8081 (http)
2026-03-27T11:54:08.326+08:00  INFO 49860 --- [restartedMain] o.apache.catalina.core.StandardService   : Starting service [Tomcat]
2026-03-27T11:54:08.327+08:00  INFO 49860 --- [restartedMain] o.apache.catalina.core.StandardEngine    : Starting Servlet engine: [Apache Tomcat/11.0.18]
2026-03-27T11:54:08.347+08:00  INFO 49860 --- [restartedMain] b.w.c.s.WebApplicationContextInitializer : Root WebApplicationContext: initialization completed in 328 ms
2026-03-27T11:54:08.364+08:00  INFO 49860 --- [restartedMain] org.hibernate.orm.jpa                    : HHH008540: Processing PersistenceUnitInfo [name: default]
2026-03-27T11:54:08.386+08:00  INFO 49860 --- [restartedMain] o.s.o.j.p.SpringPersistenceUnitInfo      : No LoadTimeWeaver setup: ignoring JPA class transformer
2026-03-27T11:54:08.386+08:00  INFO 49860 --- [restartedMain] com.zaxxer.hikari.HikariDataSource       : HikariPool-3 - Starting...
2026-03-27T11:54:08.411+08:00  INFO 49860 --- [restartedMain] com.zaxxer.hikari.pool.HikariPool        : HikariPool-3 - Added connection org.postgresql.jdbc.PgConnection@215632c3
2026-03-27T11:54:08.411+08:00  INFO 49860 --- [restartedMain] com.zaxxer.hikari.HikariDataSource       : HikariPool-3 - Start completed.
2026-03-27T11:54:08.420+08:00  INFO 49860 --- [restartedMain] org.hibernate.orm.connections.pooling    : HHH10001005: Database info:
	Database JDBC URL [jdbc:postgresql://localhost:5432/learnSpringBoot_hospitalDB]
	Database driver: PostgreSQL JDBC Driver
	Database dialect: PostgreSQLDialect
	Database version: 17.4
	Default catalog/schema: learnSpringBoot_hospitalDB/public
	Autocommit mode: undefined/unknown
	Isolation level: READ_COMMITTED [default READ_COMMITTED]
	JDBC fetch size: none
	Pool: DataSourceConnectionProvider
	Minimum pool size: undefined/unknown
	Maximum pool size: undefined/unknown
2026-03-27T11:54:08.559+08:00  INFO 49860 --- [restartedMain] org.hibernate.orm.core                   : HHH000489: No JTA platform available (set 'hibernate.transaction.jta.platform' to enable JTA platform integration)
2026-03-27T11:54:08.588+08:00  INFO 49860 --- [restartedMain] j.LocalContainerEntityManagerFactoryBean : Initialized JPA EntityManagerFactory for persistence unit 'default'
2026-03-27T11:54:08.609+08:00  WARN 49860 --- [restartedMain] JpaBaseConfiguration$JpaWebConfiguration : spring.jpa.open-in-view is enabled by default. Therefore, database queries may be performed during view rendering. Explicitly configure spring.jpa.open-in-view to disable this warning
2026-03-27T11:54:08.640+08:00  INFO 49860 --- [restartedMain] r$InitializeUserDetailsManagerConfigurer : Global AuthenticationManager configured with UserDetailsService bean with name customUserDetailsService
2026-03-27T11:54:08.766+08:00  INFO 49860 --- [restartedMain] o.s.boot.tomcat.TomcatWebServer          : Tomcat started on port 8081 (http) with context path '/api'
2026-03-27T11:54:08.767+08:00  INFO 49860 --- [restartedMain] c.l.Hospital_Mgmt_SB.Application         : Started Application in 0.774 seconds (process running for 49783.41)
2026-03-27T11:54:08.768+08:00  INFO 49860 --- [restartedMain] .ConditionEvaluationDeltaLoggingListener : Condition evaluation unchanged
2026-03-27T11:54:30.543+08:00  INFO 49860 --- [File Watcher] rtingClassPathChangeChangedEventListener : Restarting due to 1 class path change (0 additions, 0 deletions, 1 modification)
2026-03-27T11:54:30.544+08:00  INFO 49860 --- [Thread-9] o.s.boot.tomcat.GracefulShutdown         : Commencing graceful shutdown. Waiting for active requests to complete
2026-03-27T11:54:30.559+08:00  INFO 49860 --- [tomcat-shutdown] o.s.boot.tomcat.GracefulShutdown         : Graceful shutdown complete
2026-03-27T11:54:30.560+08:00  INFO 49860 --- [Thread-9] j.LocalContainerEntityManagerFactoryBean : Closing JPA EntityManagerFactory for persistence unit 'default'
2026-03-27T11:54:30.561+08:00  INFO 49860 --- [Thread-9] com.zaxxer.hikari.HikariDataSource       : HikariPool-3 - Shutdown initiated...
2026-03-27T11:54:30.562+08:00  INFO 49860 --- [Thread-9] com.zaxxer.hikari.HikariDataSource       : HikariPool-3 - Shutdown completed.
2026-03-27T11:54:30.643+08:00  INFO 49860 --- [restartedMain] c.l.Hospital_Mgmt_SB.Application         : Starting Application using Java 21.0.9 with PID 49860 (D:\New learning codes\SpringBoot Code\anujSharma\CodingShuttleProject\Hospital_Mgmt_SB\Hospital_Mgmt_SB\target\classes started by tauki in D:\New learning codes\SpringBoot Code\anujSharma\CodingShuttleProject\Hospital_Mgmt_SB)
2026-03-27T11:54:30.643+08:00  INFO 49860 --- [restartedMain] c.l.Hospital_Mgmt_SB.Application         : No active profile set, falling back to 1 default profile: "default"
2026-03-27T11:54:30.756+08:00  INFO 49860 --- [restartedMain] .s.d.r.c.RepositoryConfigurationDelegate : Bootstrapping Spring Data JPA repositories in DEFAULT mode.
2026-03-27T11:54:30.774+08:00  INFO 49860 --- [restartedMain] .s.d.r.c.RepositoryConfigurationDelegate : Finished Spring Data repository scanning in 16 ms. Found 8 JPA repository interfaces.
2026-03-27T11:54:30.833+08:00  INFO 49860 --- [restartedMain] o.s.boot.tomcat.TomcatWebServer          : Tomcat initialized with port 8081 (http)
2026-03-27T11:54:30.833+08:00  INFO 49860 --- [restartedMain] o.apache.catalina.core.StandardService   : Starting service [Tomcat]
2026-03-27T11:54:30.834+08:00  INFO 49860 --- [restartedMain] o.apache.catalina.core.StandardEngine    : Starting Servlet engine: [Apache Tomcat/11.0.18]
2026-03-27T11:54:30.849+08:00  INFO 49860 --- [restartedMain] b.w.c.s.WebApplicationContextInitializer : Root WebApplicationContext: initialization completed in 204 ms
2026-03-27T11:54:30.865+08:00  INFO 49860 --- [restartedMain] org.hibernate.orm.jpa                    : HHH008540: Processing PersistenceUnitInfo [name: default]
2026-03-27T11:54:30.891+08:00  INFO 49860 --- [restartedMain] o.s.o.j.p.SpringPersistenceUnitInfo      : No LoadTimeWeaver setup: ignoring JPA class transformer
2026-03-27T11:54:30.892+08:00  INFO 49860 --- [restartedMain] com.zaxxer.hikari.HikariDataSource       : HikariPool-4 - Starting...
2026-03-27T11:54:30.917+08:00  INFO 49860 --- [restartedMain] com.zaxxer.hikari.pool.HikariPool        : HikariPool-4 - Added connection org.postgresql.jdbc.PgConnection@4c7ea775
2026-03-27T11:54:30.918+08:00  INFO 49860 --- [restartedMain] com.zaxxer.hikari.HikariDataSource       : HikariPool-4 - Start completed.
2026-03-27T11:54:30.927+08:00  INFO 49860 --- [restartedMain] org.hibernate.orm.connections.pooling    : HHH10001005: Database info:
	Database JDBC URL [jdbc:postgresql://localhost:5432/learnSpringBoot_hospitalDB]
	Database driver: PostgreSQL JDBC Driver
	Database dialect: PostgreSQLDialect
	Database version: 17.4
	Default catalog/schema: learnSpringBoot_hospitalDB/public
	Autocommit mode: undefined/unknown
	Isolation level: READ_COMMITTED [default READ_COMMITTED]
	JDBC fetch size: none
	Pool: DataSourceConnectionProvider
	Minimum pool size: undefined/unknown
	Maximum pool size: undefined/unknown
2026-03-27T11:54:31.052+08:00  INFO 49860 --- [restartedMain] org.hibernate.orm.core                   : HHH000489: No JTA platform available (set 'hibernate.transaction.jta.platform' to enable JTA platform integration)
2026-03-27T11:54:31.079+08:00  INFO 49860 --- [restartedMain] j.LocalContainerEntityManagerFactoryBean : Initialized JPA EntityManagerFactory for persistence unit 'default'
2026-03-27T11:54:31.109+08:00  WARN 49860 --- [restartedMain] JpaBaseConfiguration$JpaWebConfiguration : spring.jpa.open-in-view is enabled by default. Therefore, database queries may be performed during view rendering. Explicitly configure spring.jpa.open-in-view to disable this warning
2026-03-27T11:54:31.149+08:00  INFO 49860 --- [restartedMain] r$InitializeUserDetailsManagerConfigurer : Global AuthenticationManager configured with UserDetailsService bean with name customUserDetailsService
2026-03-27T11:54:31.314+08:00  INFO 49860 --- [restartedMain] o.s.boot.tomcat.TomcatWebServer          : Tomcat started on port 8081 (http) with context path '/api'
2026-03-27T11:54:31.316+08:00  INFO 49860 --- [restartedMain] c.l.Hospital_Mgmt_SB.Application         : Started Application in 0.696 seconds (process running for 49805.959)
2026-03-27T11:54:31.317+08:00  INFO 49860 --- [restartedMain] .ConditionEvaluationDeltaLoggingListener : Condition evaluation unchanged
2026-03-27T11:57:06.473+08:00  INFO 49860 --- [SpringApplicationShutdownHook] o.s.boot.tomcat.GracefulShutdown         : Commencing graceful shutdown. Waiting for active requests to complete
2026-03-27T11:57:06.486+08:00  INFO 49860 --- [tomcat-shutdown] o.s.boot.tomcat.GracefulShutdown         : Graceful shutdown complete
2026-03-27T11:57:06.487+08:00  INFO 49860 --- [SpringApplicationShutdownHook] j.LocalContainerEntityManagerFactoryBean : Closing JPA EntityManagerFactory for persistence unit 'default'
2026-03-27T11:57:06.488+08:00  INFO 49860 --- [SpringApplicationShutdownHook] com.zaxxer.hikari.HikariDataSource       : HikariPool-4 - Shutdown initiated...
2026-03-27T11:57:06.490+08:00  INFO 49860 --- [SpringApplicationShutdownHook] com.zaxxer.hikari.HikariDataSource       : HikariPool-4 - Shutdown completed.
2026-03-27T11:57:07.910+08:00  INFO 56600 --- [restartedMain] c.l.Hospital_Mgmt_SB.Application         : Starting Application using Java 21.0.9 with PID 56600 (D:\New learning codes\SpringBoot Code\anujSharma\CodingShuttleProject\Hospital_Mgmt_SB\Hospital_Mgmt_SB\target\classes started by tauki in D:\New learning codes\SpringBoot Code\anujSharma\CodingShuttleProject\Hospital_Mgmt_SB)
2026-03-27T11:57:07.913+08:00  INFO 56600 --- [restartedMain] c.l.Hospital_Mgmt_SB.Application         : No active profile set, falling back to 1 default profile: "default"
2026-03-27T11:57:07.953+08:00  INFO 56600 --- [restartedMain] .e.DevToolsPropertyDefaultsPostProcessor : Devtools property defaults active! Set 'spring.devtools.add-properties' to 'false' to disable
2026-03-27T11:57:07.953+08:00  INFO 56600 --- [restartedMain] .e.DevToolsPropertyDefaultsPostProcessor : For additional web related logging consider setting the 'logging.level.web' property to 'DEBUG'
2026-03-27T11:57:08.593+08:00  INFO 56600 --- [restartedMain] .s.d.r.c.RepositoryConfigurationDelegate : Bootstrapping Spring Data JPA repositories in DEFAULT mode.
2026-03-27T11:57:08.654+08:00  INFO 56600 --- [restartedMain] .s.d.r.c.RepositoryConfigurationDelegate : Finished Spring Data repository scanning in 54 ms. Found 8 JPA repository interfaces.
2026-03-27T11:57:09.196+08:00  INFO 56600 --- [restartedMain] o.s.boot.tomcat.TomcatWebServer          : Tomcat initialized with port 8081 (http)
2026-03-27T11:57:09.211+08:00  INFO 56600 --- [restartedMain] o.apache.catalina.core.StandardService   : Starting service [Tomcat]
2026-03-27T11:57:09.212+08:00  INFO 56600 --- [restartedMain] o.apache.catalina.core.StandardEngine    : Starting Servlet engine: [Apache Tomcat/11.0.18]
2026-03-27T11:57:09.250+08:00  INFO 56600 --- [restartedMain] b.w.c.s.WebApplicationContextInitializer : Root WebApplicationContext: initialization completed in 1297 ms
2026-03-27T11:57:09.452+08:00  INFO 56600 --- [restartedMain] org.hibernate.orm.jpa                    : HHH008540: Processing PersistenceUnitInfo [name: default]
2026-03-27T11:57:09.514+08:00  INFO 56600 --- [restartedMain] org.hibernate.orm.core                   : HHH000001: Hibernate ORM core version 7.2.4.Final
2026-03-27T11:57:09.902+08:00  INFO 56600 --- [restartedMain] o.s.o.j.p.SpringPersistenceUnitInfo      : No LoadTimeWeaver setup: ignoring JPA class transformer
2026-03-27T11:57:09.928+08:00  INFO 56600 --- [restartedMain] com.zaxxer.hikari.HikariDataSource       : HikariPool-1 - Starting...
2026-03-27T11:57:10.065+08:00  INFO 56600 --- [restartedMain] com.zaxxer.hikari.pool.HikariPool        : HikariPool-1 - Added connection org.postgresql.jdbc.PgConnection@351fb1a6
2026-03-27T11:57:10.068+08:00  INFO 56600 --- [restartedMain] com.zaxxer.hikari.HikariDataSource       : HikariPool-1 - Start completed.
2026-03-27T11:57:10.126+08:00  INFO 56600 --- [restartedMain] org.hibernate.orm.connections.pooling    : HHH10001005: Database info:
	Database JDBC URL [jdbc:postgresql://localhost:5432/learnSpringBoot_hospitalDB]
	Database driver: PostgreSQL JDBC Driver
	Database dialect: PostgreSQLDialect
	Database version: 17.4
	Default catalog/schema: learnSpringBoot_hospitalDB/public
	Autocommit mode: undefined/unknown
	Isolation level: READ_COMMITTED [default READ_COMMITTED]
	JDBC fetch size: none
	Pool: DataSourceConnectionProvider
	Minimum pool size: undefined/unknown
	Maximum pool size: undefined/unknown
2026-03-27T11:57:11.039+08:00  INFO 56600 --- [restartedMain] org.hibernate.orm.core                   : HHH000489: No JTA platform available (set 'hibernate.transaction.jta.platform' to enable JTA platform integration)
2026-03-27T11:57:11.098+08:00  INFO 56600 --- [restartedMain] j.LocalContainerEntityManagerFactoryBean : Initialized JPA EntityManagerFactory for persistence unit 'default'
2026-03-27T11:57:11.155+08:00  INFO 56600 --- [restartedMain] o.s.d.j.r.query.QueryEnhancerFactories   : Hibernate is in classpath; If applicable, HQL parser will be used.
2026-03-27T11:57:11.330+08:00  WARN 56600 --- [restartedMain] JpaBaseConfiguration$JpaWebConfiguration : spring.jpa.open-in-view is enabled by default. Therefore, database queries may be performed during view rendering. Explicitly configure spring.jpa.open-in-view to disable this warning
2026-03-27T11:57:11.762+08:00  INFO 56600 --- [restartedMain] r$InitializeUserDetailsManagerConfigurer : Global AuthenticationManager configured with UserDetailsService bean with name customUserDetailsService
2026-03-27T11:57:13.247+08:00  INFO 56600 --- [restartedMain] o.s.boot.tomcat.TomcatWebServer          : Tomcat started on port 8081 (http) with context path '/api'
2026-03-27T11:57:13.253+08:00  INFO 56600 --- [restartedMain] c.l.Hospital_Mgmt_SB.Application         : Started Application in 5.768 seconds (process running for 6.214)
2026-03-27T11:57:20.724+08:00  INFO 56600 --- [http-nio-8081-exec-1] o.a.c.c.C.[Tomcat].[localhost].[/api]    : Initializing Spring DispatcherServlet 'dispatcherServlet'
2026-03-27T11:57:20.725+08:00  INFO 56600 --- [http-nio-8081-exec-1] o.s.web.servlet.DispatcherServlet        : Initializing Servlet 'dispatcherServlet'
2026-03-27T11:57:20.726+08:00  INFO 56600 --- [http-nio-8081-exec-1] o.s.web.servlet.DispatcherServlet        : Completed initialization in 1 ms
2026-03-27T11:57:20.738+08:00  INFO 56600 --- [http-nio-8081-exec-1] c.l.H.security.JwtAuthFilter             : Incoming request : /api/login
2026-03-27T11:57:20.768+08:00  INFO 56600 --- [http-nio-8081-exec-2] c.l.H.security.JwtAuthFilter             : Incoming request : /api/default-ui.css
2026-03-27T11:57:21.459+08:00  INFO 56600 --- [http-nio-8081-exec-3] c.l.H.security.JwtAuthFilter             : Incoming request : /api/login
2026-03-27T11:57:21.477+08:00  INFO 56600 --- [http-nio-8081-exec-4] c.l.H.security.JwtAuthFilter             : Incoming request : /api/default-ui.css
2026-03-27T11:57:49.174+08:00  INFO 56600 --- [http-nio-8081-exec-6] c.l.H.security.JwtAuthFilter             : Incoming request : /api/login
2026-03-27T11:57:49.221+08:00  INFO 56600 --- [http-nio-8081-exec-7] c.l.H.security.JwtAuthFilter             : Incoming request : /api/default-ui.css
2026-03-27T11:57:53.708+08:00  INFO 56600 --- [http-nio-8081-exec-8] c.l.H.security.JwtAuthFilter             : Incoming request : /api/login
2026-03-27T11:57:53.726+08:00  INFO 56600 --- [http-nio-8081-exec-9] c.l.H.security.JwtAuthFilter             : Incoming request : /api/default-ui.css
2026-03-27T11:57:54.067+08:00  INFO 56600 --- [http-nio-8081-exec-10] c.l.H.security.JwtAuthFilter             : Incoming request : /api/login
2026-03-27T11:57:54.082+08:00  INFO 56600 --- [http-nio-8081-exec-1] c.l.H.security.JwtAuthFilter             : Incoming request : /api/default-ui.css
2026-03-27T11:57:54.275+08:00  INFO 56600 --- [http-nio-8081-exec-2] c.l.H.security.JwtAuthFilter             : Incoming request : /api/login
2026-03-27T11:57:54.291+08:00  INFO 56600 --- [http-nio-8081-exec-3] c.l.H.security.JwtAuthFilter             : Incoming request : /api/default-ui.css
2026-03-27T11:57:54.443+08:00  INFO 56600 --- [http-nio-8081-exec-4] c.l.H.security.JwtAuthFilter             : Incoming request : /api/login
2026-03-27T11:57:54.458+08:00  INFO 56600 --- [http-nio-8081-exec-5] c.l.H.security.JwtAuthFilter             : Incoming request : /api/default-ui.css
2026-03-27T11:57:59.297+08:00  INFO 56600 --- [http-nio-8081-exec-6] c.l.H.security.JwtAuthFilter             : Incoming request : /api/login
2026-03-27T11:57:59.322+08:00  INFO 56600 --- [http-nio-8081-exec-7] c.l.H.security.JwtAuthFilter             : Incoming request : /api/default-ui.css
2026-03-27T11:58:56.958+08:00  INFO 56600 --- [SpringApplicationShutdownHook] o.s.boot.tomcat.GracefulShutdown         : Commencing graceful shutdown. Waiting for active requests to complete
2026-03-27T11:58:56.971+08:00  INFO 56600 --- [tomcat-shutdown] o.s.boot.tomcat.GracefulShutdown         : Graceful shutdown complete
2026-03-27T11:58:56.975+08:00  INFO 56600 --- [SpringApplicationShutdownHook] j.LocalContainerEntityManagerFactoryBean : Closing JPA EntityManagerFactory for persistence unit 'default'
2026-03-27T11:58:56.978+08:00  INFO 56600 --- [SpringApplicationShutdownHook] com.zaxxer.hikari.HikariDataSource       : HikariPool-1 - Shutdown initiated...
2026-03-27T11:58:56.982+08:00  INFO 56600 --- [SpringApplicationShutdownHook] com.zaxxer.hikari.HikariDataSource       : HikariPool-1 - Shutdown completed.
2026-03-27T11:58:58.300+08:00  INFO 62244 --- [restartedMain] c.l.Hospital_Mgmt_SB.Application         : Starting Application using Java 21.0.9 with PID 62244 (D:\New learning codes\SpringBoot Code\anujSharma\CodingShuttleProject\Hospital_Mgmt_SB\Hospital_Mgmt_SB\target\classes started by tauki in D:\New learning codes\SpringBoot Code\anujSharma\CodingShuttleProject\Hospital_Mgmt_SB)
2026-03-27T11:58:58.304+08:00  INFO 62244 --- [restartedMain] c.l.Hospital_Mgmt_SB.Application         : No active profile set, falling back to 1 default profile: "default"
2026-03-27T11:58:58.347+08:00  INFO 62244 --- [restartedMain] .e.DevToolsPropertyDefaultsPostProcessor : Devtools property defaults active! Set 'spring.devtools.add-properties' to 'false' to disable
2026-03-27T11:58:58.347+08:00  INFO 62244 --- [restartedMain] .e.DevToolsPropertyDefaultsPostProcessor : For additional web related logging consider setting the 'logging.level.web' property to 'DEBUG'
2026-03-27T11:58:58.955+08:00  INFO 62244 --- [restartedMain] .s.d.r.c.RepositoryConfigurationDelegate : Bootstrapping Spring Data JPA repositories in DEFAULT mode.
2026-03-27T11:58:59.016+08:00  INFO 62244 --- [restartedMain] .s.d.r.c.RepositoryConfigurationDelegate : Finished Spring Data repository scanning in 50 ms. Found 8 JPA repository interfaces.
2026-03-27T11:58:59.543+08:00  INFO 62244 --- [restartedMain] o.s.boot.tomcat.TomcatWebServer          : Tomcat initialized with port 8081 (http)
2026-03-27T11:58:59.554+08:00  INFO 62244 --- [restartedMain] o.apache.catalina.core.StandardService   : Starting service [Tomcat]
2026-03-27T11:58:59.554+08:00  INFO 62244 --- [restartedMain] o.apache.catalina.core.StandardEngine    : Starting Servlet engine: [Apache Tomcat/11.0.18]
2026-03-27T11:58:59.591+08:00  INFO 62244 --- [restartedMain] b.w.c.s.WebApplicationContextInitializer : Root WebApplicationContext: initialization completed in 1244 ms
2026-03-27T11:58:59.782+08:00  INFO 62244 --- [restartedMain] org.hibernate.orm.jpa                    : HHH008540: Processing PersistenceUnitInfo [name: default]
2026-03-27T11:58:59.826+08:00  INFO 62244 --- [restartedMain] org.hibernate.orm.core                   : HHH000001: Hibernate ORM core version 7.2.4.Final
2026-03-27T11:59:00.193+08:00  INFO 62244 --- [restartedMain] o.s.o.j.p.SpringPersistenceUnitInfo      : No LoadTimeWeaver setup: ignoring JPA class transformer
2026-03-27T11:59:00.212+08:00  INFO 62244 --- [restartedMain] com.zaxxer.hikari.HikariDataSource       : HikariPool-1 - Starting...
2026-03-27T11:59:00.339+08:00  INFO 62244 --- [restartedMain] com.zaxxer.hikari.pool.HikariPool        : HikariPool-1 - Added connection org.postgresql.jdbc.PgConnection@ce9ab64
2026-03-27T11:59:00.340+08:00  INFO 62244 --- [restartedMain] com.zaxxer.hikari.HikariDataSource       : HikariPool-1 - Start completed.
2026-03-27T11:59:00.391+08:00  INFO 62244 --- [restartedMain] org.hibernate.orm.connections.pooling    : HHH10001005: Database info:
	Database JDBC URL [jdbc:postgresql://localhost:5432/learnSpringBoot_hospitalDB]
	Database driver: PostgreSQL JDBC Driver
	Database dialect: PostgreSQLDialect
	Database version: 17.4
	Default catalog/schema: learnSpringBoot_hospitalDB/public
	Autocommit mode: undefined/unknown
	Isolation level: READ_COMMITTED [default READ_COMMITTED]
	JDBC fetch size: none
	Pool: DataSourceConnectionProvider
	Minimum pool size: undefined/unknown
	Maximum pool size: undefined/unknown
2026-03-27T11:59:01.201+08:00  INFO 62244 --- [restartedMain] org.hibernate.orm.core                   : HHH000489: No JTA platform available (set 'hibernate.transaction.jta.platform' to enable JTA platform integration)
2026-03-27T11:59:01.253+08:00  INFO 62244 --- [restartedMain] j.LocalContainerEntityManagerFactoryBean : Initialized JPA EntityManagerFactory for persistence unit 'default'
2026-03-27T11:59:01.297+08:00  INFO 62244 --- [restartedMain] o.s.d.j.r.query.QueryEnhancerFactories   : Hibernate is in classpath; If applicable, HQL parser will be used.
2026-03-27T11:59:01.415+08:00  WARN 62244 --- [restartedMain] JpaBaseConfiguration$JpaWebConfiguration : spring.jpa.open-in-view is enabled by default. Therefore, database queries may be performed during view rendering. Explicitly configure spring.jpa.open-in-view to disable this warning
2026-03-27T11:59:01.743+08:00  INFO 62244 --- [restartedMain] r$InitializeUserDetailsManagerConfigurer : Global AuthenticationManager configured with UserDetailsService bean with name customUserDetailsService
2026-03-27T11:59:02.896+08:00  INFO 62244 --- [restartedMain] o.s.boot.tomcat.TomcatWebServer          : Tomcat started on port 8081 (http) with context path '/api'
2026-03-27T11:59:02.901+08:00  INFO 62244 --- [restartedMain] c.l.Hospital_Mgmt_SB.Application         : Started Application in 5.003 seconds (process running for 5.385)
2026-03-27T11:59:14.846+08:00  INFO 62244 --- [http-nio-8081-exec-1] o.a.c.c.C.[Tomcat].[localhost].[/api]    : Initializing Spring DispatcherServlet 'dispatcherServlet'
2026-03-27T11:59:14.847+08:00  INFO 62244 --- [http-nio-8081-exec-1] o.s.web.servlet.DispatcherServlet        : Initializing Servlet 'dispatcherServlet'
2026-03-27T11:59:14.848+08:00  INFO 62244 --- [http-nio-8081-exec-1] o.s.web.servlet.DispatcherServlet        : Completed initialization in 1 ms
2026-03-27T11:59:14.865+08:00  INFO 62244 --- [http-nio-8081-exec-1] c.l.H.security.JwtAuthFilter             : Incoming request : /api/login
2026-03-27T11:59:14.901+08:00  INFO 62244 --- [http-nio-8081-exec-2] c.l.H.security.JwtAuthFilter             : Incoming request : /api/default-ui.css
2026-03-27T11:59:15.288+08:00  INFO 62244 --- [http-nio-8081-exec-3] c.l.H.security.JwtAuthFilter             : Incoming request : /api/login
2026-03-27T11:59:15.303+08:00  INFO 62244 --- [http-nio-8081-exec-4] c.l.H.security.JwtAuthFilter             : Incoming request : /api/default-ui.css
2026-03-27T11:59:15.515+08:00  INFO 62244 --- [http-nio-8081-exec-5] c.l.H.security.JwtAuthFilter             : Incoming request : /api/login
2026-03-27T11:59:15.534+08:00  INFO 62244 --- [http-nio-8081-exec-6] c.l.H.security.JwtAuthFilter             : Incoming request : /api/default-ui.css
2026-03-27T11:59:15.732+08:00  INFO 62244 --- [http-nio-8081-exec-7] c.l.H.security.JwtAuthFilter             : Incoming request : /api/login
2026-03-27T11:59:15.750+08:00  INFO 62244 --- [http-nio-8081-exec-8] c.l.H.security.JwtAuthFilter             : Incoming request : /api/default-ui.css
2026-03-27T11:59:15.929+08:00  INFO 62244 --- [http-nio-8081-exec-9] c.l.H.security.JwtAuthFilter             : Incoming request : /api/login
2026-03-27T11:59:15.944+08:00  INFO 62244 --- [http-nio-8081-exec-10] c.l.H.security.JwtAuthFilter             : Incoming request : /api/default-ui.css
2026-03-27T11:59:16.128+08:00  INFO 62244 --- [http-nio-8081-exec-1] c.l.H.security.JwtAuthFilter             : Incoming request : /api/login
2026-03-27T11:59:16.142+08:00  INFO 62244 --- [http-nio-8081-exec-2] c.l.H.security.JwtAuthFilter             : Incoming request : /api/default-ui.css
2026-03-27T11:59:16.331+08:00  INFO 62244 --- [http-nio-8081-exec-3] c.l.H.security.JwtAuthFilter             : Incoming request : /api/login
2026-03-27T11:59:16.346+08:00  INFO 62244 --- [http-nio-8081-exec-4] c.l.H.security.JwtAuthFilter             : Incoming request : /api/default-ui.css
2026-03-27T11:59:16.532+08:00  INFO 62244 --- [http-nio-8081-exec-5] c.l.H.security.JwtAuthFilter             : Incoming request : /api/login
2026-03-27T11:59:16.548+08:00  INFO 62244 --- [http-nio-8081-exec-6] c.l.H.security.JwtAuthFilter             : Incoming request : /api/default-ui.css
2026-03-27T11:59:16.707+08:00  INFO 62244 --- [http-nio-8081-exec-7] c.l.H.security.JwtAuthFilter             : Incoming request : /api/login
2026-03-27T11:59:16.719+08:00  INFO 62244 --- [http-nio-8081-exec-8] c.l.H.security.JwtAuthFilter             : Incoming request : /api/default-ui.css
2026-03-27T11:59:16.899+08:00  INFO 62244 --- [http-nio-8081-exec-9] c.l.H.security.JwtAuthFilter             : Incoming request : /api/login
2026-03-27T11:59:16.912+08:00  INFO 62244 --- [http-nio-8081-exec-10] c.l.H.security.JwtAuthFilter             : Incoming request : /api/default-ui.css
2026-03-27T11:59:17.085+08:00  INFO 62244 --- [http-nio-8081-exec-1] c.l.H.security.JwtAuthFilter             : Incoming request : /api/login
2026-03-27T11:59:17.099+08:00  INFO 62244 --- [http-nio-8081-exec-2] c.l.H.security.JwtAuthFilter             : Incoming request : /api/default-ui.css
2026-03-27T11:59:17.288+08:00  INFO 62244 --- [http-nio-8081-exec-3] c.l.H.security.JwtAuthFilter             : Incoming request : /api/login
2026-03-27T11:59:17.302+08:00  INFO 62244 --- [http-nio-8081-exec-4] c.l.H.security.JwtAuthFilter             : Incoming request : /api/default-ui.css
2026-03-27T11:59:17.489+08:00  INFO 62244 --- [http-nio-8081-exec-5] c.l.H.security.JwtAuthFilter             : Incoming request : /api/login
2026-03-27T11:59:17.503+08:00  INFO 62244 --- [http-nio-8081-exec-6] c.l.H.security.JwtAuthFilter             : Incoming request : /api/default-ui.css
2026-03-27T11:59:17.674+08:00  INFO 62244 --- [http-nio-8081-exec-7] c.l.H.security.JwtAuthFilter             : Incoming request : /api/login
2026-03-27T11:59:17.688+08:00  INFO 62244 --- [http-nio-8081-exec-8] c.l.H.security.JwtAuthFilter             : Incoming request : /api/default-ui.css
2026-03-27T11:59:17.869+08:00  INFO 62244 --- [http-nio-8081-exec-9] c.l.H.security.JwtAuthFilter             : Incoming request : /api/login
2026-03-27T11:59:17.881+08:00  INFO 62244 --- [http-nio-8081-exec-10] c.l.H.security.JwtAuthFilter             : Incoming request : /api/default-ui.css
2026-03-27T11:59:18.027+08:00  INFO 62244 --- [http-nio-8081-exec-1] c.l.H.security.JwtAuthFilter             : Incoming request : /api/login
2026-03-27T11:59:18.041+08:00  INFO 62244 --- [http-nio-8081-exec-2] c.l.H.security.JwtAuthFilter             : Incoming request : /api/default-ui.css
2026-03-27T12:00:36.336+08:00  INFO 62244 --- [File Watcher] rtingClassPathChangeChangedEventListener : Restarting due to 1 class path change (0 additions, 0 deletions, 1 modification)
2026-03-27T12:00:36.342+08:00  INFO 62244 --- [Thread-1] o.s.boot.tomcat.GracefulShutdown         : Commencing graceful shutdown. Waiting for active requests to complete
2026-03-27T12:00:36.359+08:00  INFO 62244 --- [tomcat-shutdown] o.s.boot.tomcat.GracefulShutdown         : Graceful shutdown complete
2026-03-27T12:00:36.364+08:00  INFO 62244 --- [Thread-1] j.LocalContainerEntityManagerFactoryBean : Closing JPA EntityManagerFactory for persistence unit 'default'
2026-03-27T12:00:36.367+08:00  INFO 62244 --- [Thread-1] com.zaxxer.hikari.HikariDataSource       : HikariPool-1 - Shutdown initiated...
2026-03-27T12:00:36.369+08:00  INFO 62244 --- [Thread-1] com.zaxxer.hikari.HikariDataSource       : HikariPool-1 - Shutdown completed.
2026-03-27T12:00:36.461+08:00  INFO 62244 --- [restartedMain] c.l.Hospital_Mgmt_SB.Application         : Starting Application using Java 21.0.9 with PID 62244 (D:\New learning codes\SpringBoot Code\anujSharma\CodingShuttleProject\Hospital_Mgmt_SB\Hospital_Mgmt_SB\target\classes started by tauki in D:\New learning codes\SpringBoot Code\anujSharma\CodingShuttleProject\Hospital_Mgmt_SB)
2026-03-27T12:00:36.462+08:00  INFO 62244 --- [restartedMain] c.l.Hospital_Mgmt_SB.Application         : No active profile set, falling back to 1 default profile: "default"
2026-03-27T12:00:36.592+08:00  INFO 62244 --- [restartedMain] .s.d.r.c.RepositoryConfigurationDelegate : Bootstrapping Spring Data JPA repositories in DEFAULT mode.
2026-03-27T12:00:36.614+08:00  INFO 62244 --- [restartedMain] .s.d.r.c.RepositoryConfigurationDelegate : Finished Spring Data repository scanning in 21 ms. Found 8 JPA repository interfaces.
2026-03-27T12:00:36.682+08:00  INFO 62244 --- [restartedMain] o.s.boot.tomcat.TomcatWebServer          : Tomcat initialized with port 8081 (http)
2026-03-27T12:00:36.682+08:00  INFO 62244 --- [restartedMain] o.apache.catalina.core.StandardService   : Starting service [Tomcat]
2026-03-27T12:00:36.682+08:00  INFO 62244 --- [restartedMain] o.apache.catalina.core.StandardEngine    : Starting Servlet engine: [Apache Tomcat/11.0.18]
2026-03-27T12:00:36.698+08:00  INFO 62244 --- [restartedMain] b.w.c.s.WebApplicationContextInitializer : Root WebApplicationContext: initialization completed in 233 ms
2026-03-27T12:00:36.717+08:00  INFO 62244 --- [restartedMain] org.hibernate.orm.jpa                    : HHH008540: Processing PersistenceUnitInfo [name: default]
2026-03-27T12:00:36.768+08:00  INFO 62244 --- [restartedMain] o.s.o.j.p.SpringPersistenceUnitInfo      : No LoadTimeWeaver setup: ignoring JPA class transformer
2026-03-27T12:00:36.769+08:00  INFO 62244 --- [restartedMain] com.zaxxer.hikari.HikariDataSource       : HikariPool-2 - Starting...
2026-03-27T12:00:36.794+08:00  INFO 62244 --- [restartedMain] com.zaxxer.hikari.pool.HikariPool        : HikariPool-2 - Added connection org.postgresql.jdbc.PgConnection@5fcb40fa
2026-03-27T12:00:36.794+08:00  INFO 62244 --- [restartedMain] com.zaxxer.hikari.HikariDataSource       : HikariPool-2 - Start completed.
2026-03-27T12:00:36.804+08:00  INFO 62244 --- [restartedMain] org.hibernate.orm.connections.pooling    : HHH10001005: Database info:
	Database JDBC URL [jdbc:postgresql://localhost:5432/learnSpringBoot_hospitalDB]
	Database driver: PostgreSQL JDBC Driver
	Database dialect: PostgreSQLDialect
	Database version: 17.4
	Default catalog/schema: learnSpringBoot_hospitalDB/public
	Autocommit mode: undefined/unknown
	Isolation level: READ_COMMITTED [default READ_COMMITTED]
	JDBC fetch size: none
	Pool: DataSourceConnectionProvider
	Minimum pool size: undefined/unknown
	Maximum pool size: undefined/unknown
2026-03-27T12:00:36.933+08:00  INFO 62244 --- [restartedMain] org.hibernate.orm.core                   : HHH000489: No JTA platform available (set 'hibernate.transaction.jta.platform' to enable JTA platform integration)
2026-03-27T12:00:36.962+08:00  INFO 62244 --- [restartedMain] j.LocalContainerEntityManagerFactoryBean : Initialized JPA EntityManagerFactory for persistence unit 'default'
2026-03-27T12:00:36.998+08:00  WARN 62244 --- [restartedMain] JpaBaseConfiguration$JpaWebConfiguration : spring.jpa.open-in-view is enabled by default. Therefore, database queries may be performed during view rendering. Explicitly configure spring.jpa.open-in-view to disable this warning
2026-03-27T12:00:37.054+08:00  INFO 62244 --- [restartedMain] r$InitializeUserDetailsManagerConfigurer : Global AuthenticationManager configured with UserDetailsService bean with name customUserDetailsService
2026-03-27T12:00:37.269+08:00  INFO 62244 --- [restartedMain] o.s.boot.tomcat.TomcatWebServer          : Tomcat started on port 8081 (http) with context path '/api'
2026-03-27T12:00:37.272+08:00  INFO 62244 --- [restartedMain] c.l.Hospital_Mgmt_SB.Application         : Started Application in 0.838 seconds (process running for 99.756)
2026-03-27T12:00:37.274+08:00  INFO 62244 --- [restartedMain] .ConditionEvaluationDeltaLoggingListener : Condition evaluation unchanged
2026-03-27T12:01:13.712+08:00  INFO 62244 --- [SpringApplicationShutdownHook] o.s.boot.tomcat.GracefulShutdown         : Commencing graceful shutdown. Waiting for active requests to complete
2026-03-27T12:01:13.727+08:00  INFO 62244 --- [tomcat-shutdown] o.s.boot.tomcat.GracefulShutdown         : Graceful shutdown complete
2026-03-27T12:01:13.729+08:00  INFO 62244 --- [SpringApplicationShutdownHook] j.LocalContainerEntityManagerFactoryBean : Closing JPA EntityManagerFactory for persistence unit 'default'
2026-03-27T12:01:13.730+08:00  INFO 62244 --- [SpringApplicationShutdownHook] com.zaxxer.hikari.HikariDataSource       : HikariPool-2 - Shutdown initiated...
2026-03-27T12:01:13.731+08:00  INFO 62244 --- [SpringApplicationShutdownHook] com.zaxxer.hikari.HikariDataSource       : HikariPool-2 - Shutdown completed.
2026-03-27T12:01:15.069+08:00  INFO 65088 --- [restartedMain] c.l.Hospital_Mgmt_SB.Application         : Starting Application using Java 21.0.9 with PID 65088 (D:\New learning codes\SpringBoot Code\anujSharma\CodingShuttleProject\Hospital_Mgmt_SB\Hospital_Mgmt_SB\target\classes started by tauki in D:\New learning codes\SpringBoot Code\anujSharma\CodingShuttleProject\Hospital_Mgmt_SB)
2026-03-27T12:01:15.071+08:00  INFO 65088 --- [restartedMain] c.l.Hospital_Mgmt_SB.Application         : No active profile set, falling back to 1 default profile: "default"
2026-03-27T12:01:15.108+08:00  INFO 65088 --- [restartedMain] .e.DevToolsPropertyDefaultsPostProcessor : Devtools property defaults active! Set 'spring.devtools.add-properties' to 'false' to disable
2026-03-27T12:01:15.109+08:00  INFO 65088 --- [restartedMain] .e.DevToolsPropertyDefaultsPostProcessor : For additional web related logging consider setting the 'logging.level.web' property to 'DEBUG'
2026-03-27T12:01:15.710+08:00  INFO 65088 --- [restartedMain] .s.d.r.c.RepositoryConfigurationDelegate : Bootstrapping Spring Data JPA repositories in DEFAULT mode.
2026-03-27T12:01:15.767+08:00  INFO 65088 --- [restartedMain] .s.d.r.c.RepositoryConfigurationDelegate : Finished Spring Data repository scanning in 51 ms. Found 8 JPA repository interfaces.
2026-03-27T12:01:16.287+08:00  INFO 65088 --- [restartedMain] o.s.boot.tomcat.TomcatWebServer          : Tomcat initialized with port 8081 (http)
2026-03-27T12:01:16.298+08:00  INFO 65088 --- [restartedMain] o.apache.catalina.core.StandardService   : Starting service [Tomcat]
2026-03-27T12:01:16.298+08:00  INFO 65088 --- [restartedMain] o.apache.catalina.core.StandardEngine    : Starting Servlet engine: [Apache Tomcat/11.0.18]
2026-03-27T12:01:16.337+08:00  INFO 65088 --- [restartedMain] b.w.c.s.WebApplicationContextInitializer : Root WebApplicationContext: initialization completed in 1228 ms
2026-03-27T12:01:16.528+08:00  INFO 65088 --- [restartedMain] org.hibernate.orm.jpa                    : HHH008540: Processing PersistenceUnitInfo [name: default]
2026-03-27T12:01:16.577+08:00  INFO 65088 --- [restartedMain] org.hibernate.orm.core                   : HHH000001: Hibernate ORM core version 7.2.4.Final
2026-03-27T12:01:16.972+08:00  INFO 65088 --- [restartedMain] o.s.o.j.p.SpringPersistenceUnitInfo      : No LoadTimeWeaver setup: ignoring JPA class transformer
2026-03-27T12:01:16.990+08:00  INFO 65088 --- [restartedMain] com.zaxxer.hikari.HikariDataSource       : HikariPool-1 - Starting...
2026-03-27T12:01:17.219+08:00  INFO 65088 --- [restartedMain] com.zaxxer.hikari.pool.HikariPool        : HikariPool-1 - Added connection org.postgresql.jdbc.PgConnection@351fb1a6
2026-03-27T12:01:17.220+08:00  INFO 65088 --- [restartedMain] com.zaxxer.hikari.HikariDataSource       : HikariPool-1 - Start completed.
2026-03-27T12:01:17.263+08:00  INFO 65088 --- [restartedMain] org.hibernate.orm.connections.pooling    : HHH10001005: Database info:
	Database JDBC URL [jdbc:postgresql://localhost:5432/learnSpringBoot_hospitalDB]
	Database driver: PostgreSQL JDBC Driver
	Database dialect: PostgreSQLDialect
	Database version: 17.4
	Default catalog/schema: learnSpringBoot_hospitalDB/public
	Autocommit mode: undefined/unknown
	Isolation level: READ_COMMITTED [default READ_COMMITTED]
	JDBC fetch size: none
	Pool: DataSourceConnectionProvider
	Minimum pool size: undefined/unknown
	Maximum pool size: undefined/unknown
2026-03-27T12:01:17.996+08:00  INFO 65088 --- [restartedMain] org.hibernate.orm.core                   : HHH000489: No JTA platform available (set 'hibernate.transaction.jta.platform' to enable JTA platform integration)
2026-03-27T12:01:18.047+08:00  INFO 65088 --- [restartedMain] j.LocalContainerEntityManagerFactoryBean : Initialized JPA EntityManagerFactory for persistence unit 'default'
2026-03-27T12:01:18.092+08:00  INFO 65088 --- [restartedMain] o.s.d.j.r.query.QueryEnhancerFactories   : Hibernate is in classpath; If applicable, HQL parser will be used.
2026-03-27T12:01:18.210+08:00  WARN 65088 --- [restartedMain] JpaBaseConfiguration$JpaWebConfiguration : spring.jpa.open-in-view is enabled by default. Therefore, database queries may be performed during view rendering. Explicitly configure spring.jpa.open-in-view to disable this warning
2026-03-27T12:01:18.524+08:00  INFO 65088 --- [restartedMain] r$InitializeUserDetailsManagerConfigurer : Global AuthenticationManager configured with UserDetailsService bean with name customUserDetailsService
2026-03-27T12:01:19.775+08:00  INFO 65088 --- [restartedMain] o.s.boot.tomcat.TomcatWebServer          : Tomcat started on port 8081 (http) with context path '/api'
2026-03-27T12:01:19.781+08:00  INFO 65088 --- [restartedMain] c.l.Hospital_Mgmt_SB.Application         : Started Application in 5.097 seconds (process running for 5.493)
2026-03-27T12:01:29.922+08:00  INFO 65088 --- [http-nio-8081-exec-1] o.a.c.c.C.[Tomcat].[localhost].[/api]    : Initializing Spring DispatcherServlet 'dispatcherServlet'
2026-03-27T12:01:29.922+08:00  INFO 65088 --- [http-nio-8081-exec-1] o.s.web.servlet.DispatcherServlet        : Initializing Servlet 'dispatcherServlet'
2026-03-27T12:01:29.923+08:00  INFO 65088 --- [http-nio-8081-exec-1] o.s.web.servlet.DispatcherServlet        : Completed initialization in 1 ms
2026-03-27T12:01:29.932+08:00  INFO 65088 --- [http-nio-8081-exec-1] c.l.H.security.JwtAuthFilter             : Incoming request : /api/login
2026-03-27T12:01:29.959+08:00  INFO 65088 --- [http-nio-8081-exec-2] c.l.H.security.JwtAuthFilter             : Incoming request : /api/default-ui.css
2026-03-27T12:01:30.373+08:00  INFO 65088 --- [http-nio-8081-exec-3] c.l.H.security.JwtAuthFilter             : Incoming request : /api/login
2026-03-27T12:01:30.386+08:00  INFO 65088 --- [http-nio-8081-exec-4] c.l.H.security.JwtAuthFilter             : Incoming request : /api/default-ui.css
2026-03-27T12:01:30.586+08:00  INFO 65088 --- [http-nio-8081-exec-5] c.l.H.security.JwtAuthFilter             : Incoming request : /api/login
2026-03-27T12:01:30.602+08:00  INFO 65088 --- [http-nio-8081-exec-6] c.l.H.security.JwtAuthFilter             : Incoming request : /api/default-ui.css
2026-03-27T12:01:30.780+08:00  INFO 65088 --- [http-nio-8081-exec-7] c.l.H.security.JwtAuthFilter             : Incoming request : /api/login
2026-03-27T12:01:30.795+08:00  INFO 65088 --- [http-nio-8081-exec-8] c.l.H.security.JwtAuthFilter             : Incoming request : /api/default-ui.css
2026-03-27T12:01:30.961+08:00  INFO 65088 --- [http-nio-8081-exec-9] c.l.H.security.JwtAuthFilter             : Incoming request : /api/login
2026-03-27T12:01:30.974+08:00  INFO 65088 --- [http-nio-8081-exec-10] c.l.H.security.JwtAuthFilter             : Incoming request : /api/default-ui.css
2026-03-27T12:01:36.344+08:00  INFO 65088 --- [http-nio-8081-exec-1] c.l.H.security.JwtAuthFilter             : Incoming request : /api/login
2026-03-27T12:01:36.363+08:00  INFO 65088 --- [http-nio-8081-exec-2] c.l.H.security.JwtAuthFilter             : Incoming request : /api/default-ui.css
2026-03-27T12:05:04.345+08:00  INFO 65088 --- [SpringApplicationShutdownHook] o.s.boot.tomcat.GracefulShutdown         : Commencing graceful shutdown. Waiting for active requests to complete
2026-03-27T12:05:04.359+08:00  INFO 65088 --- [tomcat-shutdown] o.s.boot.tomcat.GracefulShutdown         : Graceful shutdown complete
2026-03-27T12:05:04.362+08:00  INFO 65088 --- [SpringApplicationShutdownHook] j.LocalContainerEntityManagerFactoryBean : Closing JPA EntityManagerFactory for persistence unit 'default'
2026-03-27T12:05:04.365+08:00  INFO 65088 --- [SpringApplicationShutdownHook] com.zaxxer.hikari.HikariDataSource       : HikariPool-1 - Shutdown initiated...
2026-03-27T12:05:04.369+08:00  INFO 65088 --- [SpringApplicationShutdownHook] com.zaxxer.hikari.HikariDataSource       : HikariPool-1 - Shutdown completed.
2026-03-27T12:05:05.931+08:00  INFO 20380 --- [restartedMain] c.l.Hospital_Mgmt_SB.Application         : Starting Application using Java 21.0.9 with PID 20380 (D:\New learning codes\SpringBoot Code\anujSharma\CodingShuttleProject\Hospital_Mgmt_SB\Hospital_Mgmt_SB\target\classes started by tauki in D:\New learning codes\SpringBoot Code\anujSharma\CodingShuttleProject\Hospital_Mgmt_SB)
2026-03-27T12:05:05.935+08:00  INFO 20380 --- [restartedMain] c.l.Hospital_Mgmt_SB.Application         : No active profile set, falling back to 1 default profile: "default"
2026-03-27T12:05:05.975+08:00  INFO 20380 --- [restartedMain] .e.DevToolsPropertyDefaultsPostProcessor : Devtools property defaults active! Set 'spring.devtools.add-properties' to 'false' to disable
2026-03-27T12:05:05.975+08:00  INFO 20380 --- [restartedMain] .e.DevToolsPropertyDefaultsPostProcessor : For additional web related logging consider setting the 'logging.level.web' property to 'DEBUG'
2026-03-27T12:05:06.638+08:00  INFO 20380 --- [restartedMain] .s.d.r.c.RepositoryConfigurationDelegate : Bootstrapping Spring Data JPA repositories in DEFAULT mode.
2026-03-27T12:05:06.696+08:00  INFO 20380 --- [restartedMain] .s.d.r.c.RepositoryConfigurationDelegate : Finished Spring Data repository scanning in 50 ms. Found 8 JPA repository interfaces.
2026-03-27T12:05:07.237+08:00  INFO 20380 --- [restartedMain] o.s.boot.tomcat.TomcatWebServer          : Tomcat initialized with port 8081 (http)
2026-03-27T12:05:07.249+08:00  INFO 20380 --- [restartedMain] o.apache.catalina.core.StandardService   : Starting service [Tomcat]
2026-03-27T12:05:07.249+08:00  INFO 20380 --- [restartedMain] o.apache.catalina.core.StandardEngine    : Starting Servlet engine: [Apache Tomcat/11.0.18]
2026-03-27T12:05:07.287+08:00  INFO 20380 --- [restartedMain] b.w.c.s.WebApplicationContextInitializer : Root WebApplicationContext: initialization completed in 1312 ms
2026-03-27T12:05:07.399+08:00  INFO 20380 --- [restartedMain] org.hibernate.orm.jpa                    : HHH008540: Processing PersistenceUnitInfo [name: default]
2026-03-27T12:05:07.433+08:00  INFO 20380 --- [restartedMain] org.hibernate.orm.core                   : HHH000001: Hibernate ORM core version 7.2.4.Final
2026-03-27T12:05:07.777+08:00  INFO 20380 --- [restartedMain] o.s.o.j.p.SpringPersistenceUnitInfo      : No LoadTimeWeaver setup: ignoring JPA class transformer
2026-03-27T12:05:07.798+08:00  INFO 20380 --- [restartedMain] com.zaxxer.hikari.HikariDataSource       : HikariPool-1 - Starting...
2026-03-27T12:05:08.040+08:00  INFO 20380 --- [restartedMain] com.zaxxer.hikari.pool.HikariPool        : HikariPool-1 - Added connection org.postgresql.jdbc.PgConnection@663a86a
2026-03-27T12:05:08.041+08:00  INFO 20380 --- [restartedMain] com.zaxxer.hikari.HikariDataSource       : HikariPool-1 - Start completed.
2026-03-27T12:05:08.090+08:00  INFO 20380 --- [restartedMain] org.hibernate.orm.connections.pooling    : HHH10001005: Database info:
	Database JDBC URL [jdbc:postgresql://localhost:5432/learnSpringBoot_hospitalDB]
	Database driver: PostgreSQL JDBC Driver
	Database dialect: PostgreSQLDialect
	Database version: 17.4
	Default catalog/schema: learnSpringBoot_hospitalDB/public
	Autocommit mode: undefined/unknown
	Isolation level: READ_COMMITTED [default READ_COMMITTED]
	JDBC fetch size: none
	Pool: DataSourceConnectionProvider
	Minimum pool size: undefined/unknown
	Maximum pool size: undefined/unknown
2026-03-27T12:05:08.885+08:00  INFO 20380 --- [restartedMain] org.hibernate.orm.core                   : HHH000489: No JTA platform available (set 'hibernate.transaction.jta.platform' to enable JTA platform integration)
2026-03-27T12:05:08.946+08:00  INFO 20380 --- [restartedMain] j.LocalContainerEntityManagerFactoryBean : Initialized JPA EntityManagerFactory for persistence unit 'default'
2026-03-27T12:05:08.994+08:00  INFO 20380 --- [restartedMain] o.s.d.j.r.query.QueryEnhancerFactories   : Hibernate is in classpath; If applicable, HQL parser will be used.
2026-03-27T12:05:09.149+08:00  WARN 20380 --- [restartedMain] JpaBaseConfiguration$JpaWebConfiguration : spring.jpa.open-in-view is enabled by default. Therefore, database queries may be performed during view rendering. Explicitly configure spring.jpa.open-in-view to disable this warning
2026-03-27T12:05:09.483+08:00  INFO 20380 --- [restartedMain] r$InitializeUserDetailsManagerConfigurer : Global AuthenticationManager configured with UserDetailsService bean with name customUserDetailsService
2026-03-27T12:05:10.779+08:00  INFO 20380 --- [restartedMain] o.s.boot.tomcat.TomcatWebServer          : Tomcat started on port 8081 (http) with context path '/api'
2026-03-27T12:05:10.786+08:00  INFO 20380 --- [restartedMain] c.l.Hospital_Mgmt_SB.Application         : Started Application in 5.228 seconds (process running for 5.625)
2026-03-27T12:05:19.259+08:00  INFO 20380 --- [http-nio-8081-exec-1] o.a.c.c.C.[Tomcat].[localhost].[/api]    : Initializing Spring DispatcherServlet 'dispatcherServlet'
2026-03-27T12:05:19.259+08:00  INFO 20380 --- [http-nio-8081-exec-1] o.s.web.servlet.DispatcherServlet        : Initializing Servlet 'dispatcherServlet'
2026-03-27T12:05:19.259+08:00  INFO 20380 --- [http-nio-8081-exec-1] o.s.web.servlet.DispatcherServlet        : Completed initialization in 0 ms
2026-03-27T12:05:19.271+08:00  INFO 20380 --- [http-nio-8081-exec-1] c.l.H.security.JwtAuthFilter             : Incoming request : /api/login
2026-03-27T12:05:19.296+08:00  INFO 20380 --- [http-nio-8081-exec-2] c.l.H.security.JwtAuthFilter             : Incoming request : /api/default-ui.css
2026-03-27T12:05:19.706+08:00  INFO 20380 --- [http-nio-8081-exec-3] c.l.H.security.JwtAuthFilter             : Incoming request : /api/login
2026-03-27T12:05:19.720+08:00  INFO 20380 --- [http-nio-8081-exec-4] c.l.H.security.JwtAuthFilter             : Incoming request : /api/default-ui.css
2026-03-27T12:05:19.903+08:00  INFO 20380 --- [http-nio-8081-exec-5] c.l.H.security.JwtAuthFilter             : Incoming request : /api/login
2026-03-27T12:05:19.919+08:00  INFO 20380 --- [http-nio-8081-exec-6] c.l.H.security.JwtAuthFilter             : Incoming request : /api/default-ui.css
2026-03-27T12:05:20.091+08:00  INFO 20380 --- [http-nio-8081-exec-7] c.l.H.security.JwtAuthFilter             : Incoming request : /api/login
2026-03-27T12:05:20.104+08:00  INFO 20380 --- [http-nio-8081-exec-8] c.l.H.security.JwtAuthFilter             : Incoming request : /api/default-ui.css
2026-03-27T12:05:20.289+08:00  INFO 20380 --- [http-nio-8081-exec-9] c.l.H.security.JwtAuthFilter             : Incoming request : /api/login
2026-03-27T12:05:20.304+08:00  INFO 20380 --- [http-nio-8081-exec-10] c.l.H.security.JwtAuthFilter             : Incoming request : /api/default-ui.css
2026-03-27T12:05:20.483+08:00  INFO 20380 --- [http-nio-8081-exec-1] c.l.H.security.JwtAuthFilter             : Incoming request : /api/login
2026-03-27T12:05:20.497+08:00  INFO 20380 --- [http-nio-8081-exec-2] c.l.H.security.JwtAuthFilter             : Incoming request : /api/default-ui.css
2026-03-27T12:05:23.810+08:00  INFO 20380 --- [http-nio-8081-exec-3] c.l.H.security.JwtAuthFilter             : Incoming request : /api/login
2026-03-27T12:05:23.818+08:00  INFO 20380 --- [http-nio-8081-exec-4] c.l.H.security.JwtAuthFilter             : Incoming request : /api/default-ui.css
2026-03-27T12:05:31.763+08:00  INFO 20380 --- [http-nio-8081-exec-7] c.l.H.security.JwtAuthFilter             : Incoming request : /api/login
2026-03-27T12:05:31.775+08:00  INFO 20380 --- [http-nio-8081-exec-8] c.l.H.security.JwtAuthFilter             : Incoming request : /api/default-ui.css
2026-03-27T12:05:32.223+08:00  INFO 20380 --- [http-nio-8081-exec-9] c.l.H.security.JwtAuthFilter             : Incoming request : /api/login
2026-03-27T12:05:32.238+08:00  INFO 20380 --- [http-nio-8081-exec-10] c.l.H.security.JwtAuthFilter             : Incoming request : /api/default-ui.css
2026-03-27T12:05:32.435+08:00  INFO 20380 --- [http-nio-8081-exec-1] c.l.H.security.JwtAuthFilter             : Incoming request : /api/login
2026-03-27T12:05:32.451+08:00  INFO 20380 --- [http-nio-8081-exec-2] c.l.H.security.JwtAuthFilter             : Incoming request : /api/default-ui.css
2026-03-27T12:05:32.633+08:00  INFO 20380 --- [http-nio-8081-exec-3] c.l.H.security.JwtAuthFilter             : Incoming request : /api/login
2026-03-27T12:05:32.646+08:00  INFO 20380 --- [http-nio-8081-exec-4] c.l.H.security.JwtAuthFilter             : Incoming request : /api/default-ui.css
2026-03-27T12:05:32.822+08:00  INFO 20380 --- [http-nio-8081-exec-5] c.l.H.security.JwtAuthFilter             : Incoming request : /api/login
2026-03-27T12:05:32.835+08:00  INFO 20380 --- [http-nio-8081-exec-6] c.l.H.security.JwtAuthFilter             : Incoming request : /api/default-ui.css
2026-03-27T12:05:33.004+08:00  INFO 20380 --- [http-nio-8081-exec-7] c.l.H.security.JwtAuthFilter             : Incoming request : /api/login
2026-03-27T12:05:33.020+08:00  INFO 20380 --- [http-nio-8081-exec-8] c.l.H.security.JwtAuthFilter             : Incoming request : /api/default-ui.css
2026-03-27T12:09:34.392+08:00  INFO 20380 --- [SpringApplicationShutdownHook] o.s.boot.tomcat.GracefulShutdown         : Commencing graceful shutdown. Waiting for active requests to complete
2026-03-27T12:09:34.406+08:00  INFO 20380 --- [tomcat-shutdown] o.s.boot.tomcat.GracefulShutdown         : Graceful shutdown complete
2026-03-27T12:09:34.411+08:00  INFO 20380 --- [SpringApplicationShutdownHook] j.LocalContainerEntityManagerFactoryBean : Closing JPA EntityManagerFactory for persistence unit 'default'
2026-03-27T12:09:34.415+08:00  INFO 20380 --- [SpringApplicationShutdownHook] com.zaxxer.hikari.HikariDataSource       : HikariPool-1 - Shutdown initiated...
2026-03-27T12:09:34.418+08:00  INFO 20380 --- [SpringApplicationShutdownHook] com.zaxxer.hikari.HikariDataSource       : HikariPool-1 - Shutdown completed.
2026-03-27T12:09:36.039+08:00  INFO 31564 --- [restartedMain] c.l.Hospital_Mgmt_SB.Application         : Starting Application using Java 21.0.9 with PID 31564 (D:\New learning codes\SpringBoot Code\anujSharma\CodingShuttleProject\Hospital_Mgmt_SB\Hospital_Mgmt_SB\target\classes started by tauki in D:\New learning codes\SpringBoot Code\anujSharma\CodingShuttleProject\Hospital_Mgmt_SB)
2026-03-27T12:09:36.042+08:00  INFO 31564 --- [restartedMain] c.l.Hospital_Mgmt_SB.Application         : No active profile set, falling back to 1 default profile: "default"
2026-03-27T12:09:36.083+08:00  INFO 31564 --- [restartedMain] .e.DevToolsPropertyDefaultsPostProcessor : Devtools property defaults active! Set 'spring.devtools.add-properties' to 'false' to disable
2026-03-27T12:09:36.083+08:00  INFO 31564 --- [restartedMain] .e.DevToolsPropertyDefaultsPostProcessor : For additional web related logging consider setting the 'logging.level.web' property to 'DEBUG'
2026-03-27T12:09:36.760+08:00  INFO 31564 --- [restartedMain] .s.d.r.c.RepositoryConfigurationDelegate : Bootstrapping Spring Data JPA repositories in DEFAULT mode.
2026-03-27T12:09:36.822+08:00  INFO 31564 --- [restartedMain] .s.d.r.c.RepositoryConfigurationDelegate : Finished Spring Data repository scanning in 55 ms. Found 8 JPA repository interfaces.
2026-03-27T12:09:37.392+08:00  INFO 31564 --- [restartedMain] o.s.boot.tomcat.TomcatWebServer          : Tomcat initialized with port 8081 (http)
2026-03-27T12:09:37.406+08:00  INFO 31564 --- [restartedMain] o.apache.catalina.core.StandardService   : Starting service [Tomcat]
2026-03-27T12:09:37.407+08:00  INFO 31564 --- [restartedMain] o.apache.catalina.core.StandardEngine    : Starting Servlet engine: [Apache Tomcat/11.0.18]
2026-03-27T12:09:37.450+08:00  INFO 31564 --- [restartedMain] b.w.c.s.WebApplicationContextInitializer : Root WebApplicationContext: initialization completed in 1366 ms
2026-03-27T12:09:37.695+08:00  INFO 31564 --- [restartedMain] org.hibernate.orm.jpa                    : HHH008540: Processing PersistenceUnitInfo [name: default]
2026-03-27T12:09:37.781+08:00  INFO 31564 --- [restartedMain] org.hibernate.orm.core                   : HHH000001: Hibernate ORM core version 7.2.4.Final
2026-03-27T12:09:38.177+08:00  INFO 31564 --- [restartedMain] o.s.o.j.p.SpringPersistenceUnitInfo      : No LoadTimeWeaver setup: ignoring JPA class transformer
2026-03-27T12:09:38.201+08:00  INFO 31564 --- [restartedMain] com.zaxxer.hikari.HikariDataSource       : HikariPool-1 - Starting...
2026-03-27T12:09:38.332+08:00  INFO 31564 --- [restartedMain] com.zaxxer.hikari.pool.HikariPool        : HikariPool-1 - Added connection org.postgresql.jdbc.PgConnection@23e1563b
2026-03-27T12:09:38.334+08:00  INFO 31564 --- [restartedMain] com.zaxxer.hikari.HikariDataSource       : HikariPool-1 - Start completed.
2026-03-27T12:09:38.390+08:00  INFO 31564 --- [restartedMain] org.hibernate.orm.connections.pooling    : HHH10001005: Database info:
	Database JDBC URL [jdbc:postgresql://localhost:5432/learnSpringBoot_hospitalDB]
	Database driver: PostgreSQL JDBC Driver
	Database dialect: PostgreSQLDialect
	Database version: 17.4
	Default catalog/schema: learnSpringBoot_hospitalDB/public
	Autocommit mode: undefined/unknown
	Isolation level: READ_COMMITTED [default READ_COMMITTED]
	JDBC fetch size: none
	Pool: DataSourceConnectionProvider
	Minimum pool size: undefined/unknown
	Maximum pool size: undefined/unknown
2026-03-27T12:09:39.217+08:00  INFO 31564 --- [restartedMain] org.hibernate.orm.core                   : HHH000489: No JTA platform available (set 'hibernate.transaction.jta.platform' to enable JTA platform integration)
2026-03-27T12:09:39.278+08:00  INFO 31564 --- [restartedMain] j.LocalContainerEntityManagerFactoryBean : Initialized JPA EntityManagerFactory for persistence unit 'default'
2026-03-27T12:09:39.331+08:00  INFO 31564 --- [restartedMain] o.s.d.j.r.query.QueryEnhancerFactories   : Hibernate is in classpath; If applicable, HQL parser will be used.
2026-03-27T12:09:39.467+08:00  WARN 31564 --- [restartedMain] JpaBaseConfiguration$JpaWebConfiguration : spring.jpa.open-in-view is enabled by default. Therefore, database queries may be performed during view rendering. Explicitly configure spring.jpa.open-in-view to disable this warning
2026-03-27T12:09:39.801+08:00  INFO 31564 --- [restartedMain] r$InitializeUserDetailsManagerConfigurer : Global AuthenticationManager configured with UserDetailsService bean with name customUserDetailsService
2026-03-27T12:09:41.147+08:00  INFO 31564 --- [restartedMain] o.s.boot.tomcat.TomcatWebServer          : Tomcat started on port 8081 (http) with context path '/api'
2026-03-27T12:09:41.154+08:00  INFO 31564 --- [restartedMain] c.l.Hospital_Mgmt_SB.Application         : Started Application in 5.488 seconds (process running for 5.952)
2026-03-27T12:09:48.804+08:00  INFO 31564 --- [http-nio-8081-exec-1] o.a.c.c.C.[Tomcat].[localhost].[/api]    : Initializing Spring DispatcherServlet 'dispatcherServlet'
2026-03-27T12:09:48.804+08:00  INFO 31564 --- [http-nio-8081-exec-1] o.s.web.servlet.DispatcherServlet        : Initializing Servlet 'dispatcherServlet'
2026-03-27T12:09:48.805+08:00  INFO 31564 --- [http-nio-8081-exec-1] o.s.web.servlet.DispatcherServlet        : Completed initialization in 1 ms
2026-03-27T12:09:48.817+08:00  INFO 31564 --- [http-nio-8081-exec-1] c.l.H.security.JwtAuthFilter             : Incoming request : /api/login
2026-03-27T12:09:48.847+08:00  INFO 31564 --- [http-nio-8081-exec-2] c.l.H.security.JwtAuthFilter             : Incoming request : /api/default-ui.css
2026-03-27T12:09:49.268+08:00  INFO 31564 --- [http-nio-8081-exec-3] c.l.H.security.JwtAuthFilter             : Incoming request : /api/login
2026-03-27T12:09:49.294+08:00  INFO 31564 --- [http-nio-8081-exec-4] c.l.H.security.JwtAuthFilter             : Incoming request : /api/default-ui.css
2026-03-27T12:09:49.473+08:00  INFO 31564 --- [http-nio-8081-exec-5] c.l.H.security.JwtAuthFilter             : Incoming request : /api/login
2026-03-27T12:09:49.493+08:00  INFO 31564 --- [http-nio-8081-exec-6] c.l.H.security.JwtAuthFilter             : Incoming request : /api/default-ui.css
2026-03-27T12:09:49.673+08:00  INFO 31564 --- [http-nio-8081-exec-7] c.l.H.security.JwtAuthFilter             : Incoming request : /api/login
2026-03-27T12:09:49.690+08:00  INFO 31564 --- [http-nio-8081-exec-8] c.l.H.security.JwtAuthFilter             : Incoming request : /api/default-ui.css
2026-03-27T12:09:49.877+08:00  INFO 31564 --- [http-nio-8081-exec-9] c.l.H.security.JwtAuthFilter             : Incoming request : /api/login
2026-03-27T12:09:49.891+08:00  INFO 31564 --- [http-nio-8081-exec-10] c.l.H.security.JwtAuthFilter             : Incoming request : /api/default-ui.css
2026-03-27T12:09:50.077+08:00  INFO 31564 --- [http-nio-8081-exec-1] c.l.H.security.JwtAuthFilter             : Incoming request : /api/login
2026-03-27T12:09:50.097+08:00  INFO 31564 --- [http-nio-8081-exec-2] c.l.H.security.JwtAuthFilter             : Incoming request : /api/default-ui.css
2026-03-27T12:09:50.277+08:00  INFO 31564 --- [http-nio-8081-exec-3] c.l.H.security.JwtAuthFilter             : Incoming request : /api/login
2026-03-27T12:09:50.295+08:00  INFO 31564 --- [http-nio-8081-exec-4] c.l.H.security.JwtAuthFilter             : Incoming request : /api/default-ui.css
2026-03-27T12:09:50.479+08:00  INFO 31564 --- [http-nio-8081-exec-5] c.l.H.security.JwtAuthFilter             : Incoming request : /api/login
2026-03-27T12:09:50.495+08:00  INFO 31564 --- [http-nio-8081-exec-6] c.l.H.security.JwtAuthFilter             : Incoming request : /api/default-ui.css
2026-03-27T12:09:50.683+08:00  INFO 31564 --- [http-nio-8081-exec-7] c.l.H.security.JwtAuthFilter             : Incoming request : /api/login
2026-03-27T12:09:50.704+08:00  INFO 31564 --- [http-nio-8081-exec-8] c.l.H.security.JwtAuthFilter             : Incoming request : /api/default-ui.css
2026-03-27T12:09:50.860+08:00  INFO 31564 --- [http-nio-8081-exec-9] c.l.H.security.JwtAuthFilter             : Incoming request : /api/login
2026-03-27T12:09:50.874+08:00  INFO 31564 --- [http-nio-8081-exec-10] c.l.H.security.JwtAuthFilter             : Incoming request : /api/default-ui.css
2026-03-27T12:09:51.052+08:00  INFO 31564 --- [http-nio-8081-exec-1] c.l.H.security.JwtAuthFilter             : Incoming request : /api/login
2026-03-27T12:09:51.070+08:00  INFO 31564 --- [http-nio-8081-exec-2] c.l.H.security.JwtAuthFilter             : Incoming request : /api/default-ui.css
2026-03-27T12:09:51.272+08:00  INFO 31564 --- [http-nio-8081-exec-3] c.l.H.security.JwtAuthFilter             : Incoming request : /api/login
2026-03-27T12:09:51.290+08:00  INFO 31564 --- [http-nio-8081-exec-4] c.l.H.security.JwtAuthFilter             : Incoming request : /api/default-ui.css
2026-03-27T12:09:51.449+08:00  INFO 31564 --- [http-nio-8081-exec-5] c.l.H.security.JwtAuthFilter             : Incoming request : /api/login
2026-03-27T12:09:51.466+08:00  INFO 31564 --- [http-nio-8081-exec-6] c.l.H.security.JwtAuthFilter             : Incoming request : /api/default-ui.css
2026-03-27T12:14:59.814+08:00  INFO 31564 --- [SpringApplicationShutdownHook] o.s.boot.tomcat.GracefulShutdown         : Commencing graceful shutdown. Waiting for active requests to complete
2026-03-27T12:14:59.826+08:00  INFO 31564 --- [tomcat-shutdown] o.s.boot.tomcat.GracefulShutdown         : Graceful shutdown complete
2026-03-27T12:14:59.830+08:00  INFO 31564 --- [SpringApplicationShutdownHook] j.LocalContainerEntityManagerFactoryBean : Closing JPA EntityManagerFactory for persistence unit 'default'
2026-03-27T12:14:59.835+08:00  INFO 31564 --- [SpringApplicationShutdownHook] com.zaxxer.hikari.HikariDataSource       : HikariPool-1 - Shutdown initiated...
2026-03-27T12:14:59.838+08:00  INFO 31564 --- [SpringApplicationShutdownHook] com.zaxxer.hikari.HikariDataSource       : HikariPool-1 - Shutdown completed.
2026-03-27T12:15:01.305+08:00  INFO 64756 --- [restartedMain] c.l.Hospital_Mgmt_SB.Application         : Starting Application using Java 21.0.9 with PID 64756 (D:\New learning codes\SpringBoot Code\anujSharma\CodingShuttleProject\Hospital_Mgmt_SB\Hospital_Mgmt_SB\target\classes started by tauki in D:\New learning codes\SpringBoot Code\anujSharma\CodingShuttleProject\Hospital_Mgmt_SB)
2026-03-27T12:15:01.308+08:00  INFO 64756 --- [restartedMain] c.l.Hospital_Mgmt_SB.Application         : No active profile set, falling back to 1 default profile: "default"
2026-03-27T12:15:01.351+08:00  INFO 64756 --- [restartedMain] .e.DevToolsPropertyDefaultsPostProcessor : Devtools property defaults active! Set 'spring.devtools.add-properties' to 'false' to disable
2026-03-27T12:15:01.352+08:00  INFO 64756 --- [restartedMain] .e.DevToolsPropertyDefaultsPostProcessor : For additional web related logging consider setting the 'logging.level.web' property to 'DEBUG'
2026-03-27T12:15:01.988+08:00  INFO 64756 --- [restartedMain] .s.d.r.c.RepositoryConfigurationDelegate : Bootstrapping Spring Data JPA repositories in DEFAULT mode.
2026-03-27T12:15:02.048+08:00  INFO 64756 --- [restartedMain] .s.d.r.c.RepositoryConfigurationDelegate : Finished Spring Data repository scanning in 54 ms. Found 8 JPA repository interfaces.
2026-03-27T12:15:02.684+08:00  INFO 64756 --- [restartedMain] o.s.boot.tomcat.TomcatWebServer          : Tomcat initialized with port 8081 (http)
2026-03-27T12:15:02.699+08:00  INFO 64756 --- [restartedMain] o.apache.catalina.core.StandardService   : Starting service [Tomcat]
2026-03-27T12:15:02.699+08:00  INFO 64756 --- [restartedMain] o.apache.catalina.core.StandardEngine    : Starting Servlet engine: [Apache Tomcat/11.0.18]
2026-03-27T12:15:02.756+08:00  INFO 64756 --- [restartedMain] b.w.c.s.WebApplicationContextInitializer : Root WebApplicationContext: initialization completed in 1404 ms
2026-03-27T12:15:02.883+08:00  INFO 64756 --- [restartedMain] org.hibernate.orm.jpa                    : HHH008540: Processing PersistenceUnitInfo [name: default]
2026-03-27T12:15:02.931+08:00  INFO 64756 --- [restartedMain] org.hibernate.orm.core                   : HHH000001: Hibernate ORM core version 7.2.4.Final
2026-03-27T12:15:03.398+08:00  INFO 64756 --- [restartedMain] o.s.o.j.p.SpringPersistenceUnitInfo      : No LoadTimeWeaver setup: ignoring JPA class transformer
2026-03-27T12:15:03.418+08:00  INFO 64756 --- [restartedMain] com.zaxxer.hikari.HikariDataSource       : HikariPool-1 - Starting...
2026-03-27T12:15:03.544+08:00  INFO 64756 --- [restartedMain] com.zaxxer.hikari.pool.HikariPool        : HikariPool-1 - Added connection org.postgresql.jdbc.PgConnection@54654663
2026-03-27T12:15:03.545+08:00  INFO 64756 --- [restartedMain] com.zaxxer.hikari.HikariDataSource       : HikariPool-1 - Start completed.
2026-03-27T12:15:03.595+08:00  INFO 64756 --- [restartedMain] org.hibernate.orm.connections.pooling    : HHH10001005: Database info:
	Database JDBC URL [jdbc:postgresql://localhost:5432/learnSpringBoot_hospitalDB]
	Database driver: PostgreSQL JDBC Driver
	Database dialect: PostgreSQLDialect
	Database version: 17.4
	Default catalog/schema: learnSpringBoot_hospitalDB/public
	Autocommit mode: undefined/unknown
	Isolation level: READ_COMMITTED [default READ_COMMITTED]
	JDBC fetch size: none
	Pool: DataSourceConnectionProvider
	Minimum pool size: undefined/unknown
	Maximum pool size: undefined/unknown
2026-03-27T12:15:04.472+08:00  INFO 64756 --- [restartedMain] org.hibernate.orm.core                   : HHH000489: No JTA platform available (set 'hibernate.transaction.jta.platform' to enable JTA platform integration)
2026-03-27T12:15:04.534+08:00  INFO 64756 --- [restartedMain] j.LocalContainerEntityManagerFactoryBean : Initialized JPA EntityManagerFactory for persistence unit 'default'
2026-03-27T12:15:04.586+08:00  INFO 64756 --- [restartedMain] o.s.d.j.r.query.QueryEnhancerFactories   : Hibernate is in classpath; If applicable, HQL parser will be used.
2026-03-27T12:15:04.724+08:00  WARN 64756 --- [restartedMain] JpaBaseConfiguration$JpaWebConfiguration : spring.jpa.open-in-view is enabled by default. Therefore, database queries may be performed during view rendering. Explicitly configure spring.jpa.open-in-view to disable this warning
2026-03-27T12:15:05.040+08:00  INFO 64756 --- [restartedMain] r$InitializeUserDetailsManagerConfigurer : Global AuthenticationManager configured with UserDetailsService bean with name customUserDetailsService
2026-03-27T12:15:06.337+08:00  INFO 64756 --- [restartedMain] o.s.boot.tomcat.TomcatWebServer          : Tomcat started on port 8081 (http) with context path '/api'
2026-03-27T12:15:06.343+08:00  INFO 64756 --- [restartedMain] c.l.Hospital_Mgmt_SB.Application         : Started Application in 5.445 seconds (process running for 5.906)
2026-03-27T12:15:12.182+08:00  INFO 64756 --- [http-nio-8081-exec-1] o.a.c.c.C.[Tomcat].[localhost].[/api]    : Initializing Spring DispatcherServlet 'dispatcherServlet'
2026-03-27T12:15:12.182+08:00  INFO 64756 --- [http-nio-8081-exec-1] o.s.web.servlet.DispatcherServlet        : Initializing Servlet 'dispatcherServlet'
2026-03-27T12:15:12.184+08:00  INFO 64756 --- [http-nio-8081-exec-1] o.s.web.servlet.DispatcherServlet        : Completed initialization in 2 ms
2026-03-27T12:15:12.195+08:00  INFO 64756 --- [http-nio-8081-exec-1] c.l.H.security.JwtAuthFilter             : Incoming request : /api/login
2026-03-27T12:15:12.233+08:00  INFO 64756 --- [http-nio-8081-exec-3] c.l.H.security.JwtAuthFilter             : Incoming request : /api/default-ui.css
2026-03-27T12:15:12.647+08:00  INFO 64756 --- [http-nio-8081-exec-2] c.l.H.security.JwtAuthFilter             : Incoming request : /api/login
2026-03-27T12:15:12.663+08:00  INFO 64756 --- [http-nio-8081-exec-4] c.l.H.security.JwtAuthFilter             : Incoming request : /api/default-ui.css
2026-03-27T12:15:12.848+08:00  INFO 64756 --- [http-nio-8081-exec-5] c.l.H.security.JwtAuthFilter             : Incoming request : /api/login
2026-03-27T12:15:12.866+08:00  INFO 64756 --- [http-nio-8081-exec-6] c.l.H.security.JwtAuthFilter             : Incoming request : /api/default-ui.css
2026-03-27T12:15:13.034+08:00  INFO 64756 --- [http-nio-8081-exec-7] c.l.H.security.JwtAuthFilter             : Incoming request : /api/login
2026-03-27T12:15:13.051+08:00  INFO 64756 --- [http-nio-8081-exec-8] c.l.H.security.JwtAuthFilter             : Incoming request : /api/default-ui.css
2026-03-27T12:15:13.219+08:00  INFO 64756 --- [http-nio-8081-exec-9] c.l.H.security.JwtAuthFilter             : Incoming request : /api/login
2026-03-27T12:15:13.237+08:00  INFO 64756 --- [http-nio-8081-exec-10] c.l.H.security.JwtAuthFilter             : Incoming request : /api/default-ui.css
2026-03-27T12:15:13.392+08:00  INFO 64756 --- [http-nio-8081-exec-1] c.l.H.security.JwtAuthFilter             : Incoming request : /api/login
2026-03-27T12:15:13.409+08:00  INFO 64756 --- [http-nio-8081-exec-3] c.l.H.security.JwtAuthFilter             : Incoming request : /api/default-ui.css
2026-03-27T12:15:13.566+08:00  INFO 64756 --- [http-nio-8081-exec-2] c.l.H.security.JwtAuthFilter             : Incoming request : /api/login
2026-03-27T12:15:13.584+08:00  INFO 64756 --- [http-nio-8081-exec-4] c.l.H.security.JwtAuthFilter             : Incoming request : /api/default-ui.css
2026-03-27T12:15:24.492+08:00  INFO 64756 --- [SpringApplicationShutdownHook] o.s.boot.tomcat.GracefulShutdown         : Commencing graceful shutdown. Waiting for active requests to complete
2026-03-27T12:15:24.508+08:00  INFO 64756 --- [tomcat-shutdown] o.s.boot.tomcat.GracefulShutdown         : Graceful shutdown complete
2026-03-27T12:15:24.512+08:00  INFO 64756 --- [SpringApplicationShutdownHook] j.LocalContainerEntityManagerFactoryBean : Closing JPA EntityManagerFactory for persistence unit 'default'
2026-03-27T12:15:24.514+08:00  INFO 64756 --- [SpringApplicationShutdownHook] com.zaxxer.hikari.HikariDataSource       : HikariPool-1 - Shutdown initiated...
2026-03-27T12:15:24.517+08:00  INFO 64756 --- [SpringApplicationShutdownHook] com.zaxxer.hikari.HikariDataSource       : HikariPool-1 - Shutdown completed.
2026-03-27T12:15:33.970+08:00  INFO 51896 --- [restartedMain] c.l.Hospital_Mgmt_SB.Application         : Starting Application using Java 21.0.9 with PID 51896 (D:\New learning codes\SpringBoot Code\anujSharma\CodingShuttleProject\Hospital_Mgmt_SB\Hospital_Mgmt_SB\target\classes started by tauki in D:\New learning codes\SpringBoot Code\anujSharma\CodingShuttleProject\Hospital_Mgmt_SB)
2026-03-27T12:15:33.973+08:00  INFO 51896 --- [restartedMain] c.l.Hospital_Mgmt_SB.Application         : No active profile set, falling back to 1 default profile: "default"
2026-03-27T12:15:34.007+08:00  INFO 51896 --- [restartedMain] .e.DevToolsPropertyDefaultsPostProcessor : Devtools property defaults active! Set 'spring.devtools.add-properties' to 'false' to disable
2026-03-27T12:15:34.007+08:00  INFO 51896 --- [restartedMain] .e.DevToolsPropertyDefaultsPostProcessor : For additional web related logging consider setting the 'logging.level.web' property to 'DEBUG'
2026-03-27T12:15:34.702+08:00  INFO 51896 --- [restartedMain] .s.d.r.c.RepositoryConfigurationDelegate : Bootstrapping Spring Data JPA repositories in DEFAULT mode.
2026-03-27T12:15:34.766+08:00  INFO 51896 --- [restartedMain] .s.d.r.c.RepositoryConfigurationDelegate : Finished Spring Data repository scanning in 57 ms. Found 8 JPA repository interfaces.
2026-03-27T12:15:35.321+08:00  INFO 51896 --- [restartedMain] o.s.boot.tomcat.TomcatWebServer          : Tomcat initialized with port 8081 (http)
2026-03-27T12:15:35.334+08:00  INFO 51896 --- [restartedMain] o.apache.catalina.core.StandardService   : Starting service [Tomcat]
2026-03-27T12:15:35.335+08:00  INFO 51896 --- [restartedMain] o.apache.catalina.core.StandardEngine    : Starting Servlet engine: [Apache Tomcat/11.0.18]
2026-03-27T12:15:35.372+08:00  INFO 51896 --- [restartedMain] b.w.c.s.WebApplicationContextInitializer : Root WebApplicationContext: initialization completed in 1364 ms
2026-03-27T12:15:35.607+08:00  INFO 51896 --- [restartedMain] org.hibernate.orm.jpa                    : HHH008540: Processing PersistenceUnitInfo [name: default]
2026-03-27T12:15:35.681+08:00  INFO 51896 --- [restartedMain] org.hibernate.orm.core                   : HHH000001: Hibernate ORM core version 7.2.4.Final
2026-03-27T12:15:36.088+08:00  INFO 51896 --- [restartedMain] o.s.o.j.p.SpringPersistenceUnitInfo      : No LoadTimeWeaver setup: ignoring JPA class transformer
2026-03-27T12:15:36.110+08:00  INFO 51896 --- [restartedMain] com.zaxxer.hikari.HikariDataSource       : HikariPool-1 - Starting...
2026-03-27T12:15:36.242+08:00  INFO 51896 --- [restartedMain] com.zaxxer.hikari.pool.HikariPool        : HikariPool-1 - Added connection org.postgresql.jdbc.PgConnection@255741a9
2026-03-27T12:15:36.243+08:00  INFO 51896 --- [restartedMain] com.zaxxer.hikari.HikariDataSource       : HikariPool-1 - Start completed.
2026-03-27T12:15:36.295+08:00  INFO 51896 --- [restartedMain] org.hibernate.orm.connections.pooling    : HHH10001005: Database info:
	Database JDBC URL [jdbc:postgresql://localhost:5432/learnSpringBoot_hospitalDB]
	Database driver: PostgreSQL JDBC Driver
	Database dialect: PostgreSQLDialect
	Database version: 17.4
	Default catalog/schema: learnSpringBoot_hospitalDB/public
	Autocommit mode: undefined/unknown
	Isolation level: READ_COMMITTED [default READ_COMMITTED]
	JDBC fetch size: none
	Pool: DataSourceConnectionProvider
	Minimum pool size: undefined/unknown
	Maximum pool size: undefined/unknown
2026-03-27T12:15:37.183+08:00  INFO 51896 --- [restartedMain] org.hibernate.orm.core                   : HHH000489: No JTA platform available (set 'hibernate.transaction.jta.platform' to enable JTA platform integration)
2026-03-27T12:15:37.265+08:00  INFO 51896 --- [restartedMain] j.LocalContainerEntityManagerFactoryBean : Initialized JPA EntityManagerFactory for persistence unit 'default'
2026-03-27T12:15:37.315+08:00  INFO 51896 --- [restartedMain] o.s.d.j.r.query.QueryEnhancerFactories   : Hibernate is in classpath; If applicable, HQL parser will be used.
2026-03-27T12:15:37.456+08:00  WARN 51896 --- [restartedMain] JpaBaseConfiguration$JpaWebConfiguration : spring.jpa.open-in-view is enabled by default. Therefore, database queries may be performed during view rendering. Explicitly configure spring.jpa.open-in-view to disable this warning
2026-03-27T12:15:37.804+08:00  INFO 51896 --- [restartedMain] r$InitializeUserDetailsManagerConfigurer : Global AuthenticationManager configured with UserDetailsService bean with name customUserDetailsService
2026-03-27T12:15:39.203+08:00  INFO 51896 --- [restartedMain] o.s.boot.tomcat.TomcatWebServer          : Tomcat started on port 8081 (http) with context path '/api'
2026-03-27T12:15:39.210+08:00  INFO 51896 --- [restartedMain] c.l.Hospital_Mgmt_SB.Application         : Started Application in 5.628 seconds (process running for 6.06)
2026-03-27T12:15:39.410+08:00  INFO 51896 --- [http-nio-8081-exec-1] o.a.c.c.C.[Tomcat].[localhost].[/api]    : Initializing Spring DispatcherServlet 'dispatcherServlet'
2026-03-27T12:15:39.411+08:00  INFO 51896 --- [http-nio-8081-exec-1] o.s.web.servlet.DispatcherServlet        : Initializing Servlet 'dispatcherServlet'
2026-03-27T12:15:39.412+08:00  INFO 51896 --- [http-nio-8081-exec-1] o.s.web.servlet.DispatcherServlet        : Completed initialization in 1 ms
2026-03-27T12:15:39.427+08:00  INFO 51896 --- [http-nio-8081-exec-1] c.l.H.security.JwtAuthFilter             : Incoming request : /api/login
2026-03-27T12:15:39.460+08:00  INFO 51896 --- [http-nio-8081-exec-2] c.l.H.security.JwtAuthFilter             : Incoming request : /api/default-ui.css
2026-03-27T12:15:43.504+08:00  INFO 51896 --- [http-nio-8081-exec-3] c.l.H.security.JwtAuthFilter             : Incoming request : /api/login
2026-03-27T12:15:43.522+08:00  INFO 51896 --- [http-nio-8081-exec-4] c.l.H.security.JwtAuthFilter             : Incoming request : /api/default-ui.css
2026-03-27T12:15:43.863+08:00  INFO 51896 --- [http-nio-8081-exec-5] c.l.H.security.JwtAuthFilter             : Incoming request : /api/login
2026-03-27T12:15:43.876+08:00  INFO 51896 --- [http-nio-8081-exec-6] c.l.H.security.JwtAuthFilter             : Incoming request : /api/default-ui.css
2026-03-27T12:15:44.063+08:00  INFO 51896 --- [http-nio-8081-exec-7] c.l.H.security.JwtAuthFilter             : Incoming request : /api/login
2026-03-27T12:15:44.082+08:00  INFO 51896 --- [http-nio-8081-exec-8] c.l.H.security.JwtAuthFilter             : Incoming request : /api/default-ui.css
2026-03-27T12:15:44.241+08:00  INFO 51896 --- [http-nio-8081-exec-9] c.l.H.security.JwtAuthFilter             : Incoming request : /api/login
2026-03-27T12:15:44.259+08:00  INFO 51896 --- [http-nio-8081-exec-10] c.l.H.security.JwtAuthFilter             : Incoming request : /api/default-ui.css
2026-03-27T12:18:14.119+08:00  INFO 51896 --- [File Watcher] rtingClassPathChangeChangedEventListener : Restarting due to 1 class path change (0 additions, 0 deletions, 1 modification)
2026-03-27T12:18:14.124+08:00  INFO 51896 --- [Thread-1] o.s.boot.tomcat.GracefulShutdown         : Commencing graceful shutdown. Waiting for active requests to complete
2026-03-27T12:18:14.143+08:00  INFO 51896 --- [tomcat-shutdown] o.s.boot.tomcat.GracefulShutdown         : Graceful shutdown complete
2026-03-27T12:18:14.147+08:00  INFO 51896 --- [Thread-1] j.LocalContainerEntityManagerFactoryBean : Closing JPA EntityManagerFactory for persistence unit 'default'
2026-03-27T12:18:14.153+08:00  INFO 51896 --- [Thread-1] com.zaxxer.hikari.HikariDataSource       : HikariPool-1 - Shutdown initiated...
2026-03-27T12:18:14.157+08:00  INFO 51896 --- [Thread-1] com.zaxxer.hikari.HikariDataSource       : HikariPool-1 - Shutdown completed.
2026-03-27T12:18:14.249+08:00  INFO 51896 --- [restartedMain] c.l.Hospital_Mgmt_SB.Application         : Starting Application using Java 21.0.9 with PID 51896 (D:\New learning codes\SpringBoot Code\anujSharma\CodingShuttleProject\Hospital_Mgmt_SB\Hospital_Mgmt_SB\target\classes started by tauki in D:\New learning codes\SpringBoot Code\anujSharma\CodingShuttleProject\Hospital_Mgmt_SB)
2026-03-27T12:18:14.249+08:00  INFO 51896 --- [restartedMain] c.l.Hospital_Mgmt_SB.Application         : No active profile set, falling back to 1 default profile: "default"
2026-03-27T12:18:14.414+08:00  INFO 51896 --- [restartedMain] .s.d.r.c.RepositoryConfigurationDelegate : Bootstrapping Spring Data JPA repositories in DEFAULT mode.
2026-03-27T12:18:14.440+08:00  INFO 51896 --- [restartedMain] .s.d.r.c.RepositoryConfigurationDelegate : Finished Spring Data repository scanning in 25 ms. Found 8 JPA repository interfaces.
2026-03-27T12:18:14.518+08:00  INFO 51896 --- [restartedMain] o.s.boot.tomcat.TomcatWebServer          : Tomcat initialized with port 8081 (http)
2026-03-27T12:18:14.519+08:00  INFO 51896 --- [restartedMain] o.apache.catalina.core.StandardService   : Starting service [Tomcat]
2026-03-27T12:18:14.520+08:00  INFO 51896 --- [restartedMain] o.apache.catalina.core.StandardEngine    : Starting Servlet engine: [Apache Tomcat/11.0.18]
2026-03-27T12:18:14.537+08:00  INFO 51896 --- [restartedMain] b.w.c.s.WebApplicationContextInitializer : Root WebApplicationContext: initialization completed in 286 ms
2026-03-27T12:18:14.560+08:00  INFO 51896 --- [restartedMain] org.hibernate.orm.jpa                    : HHH008540: Processing PersistenceUnitInfo [name: default]
2026-03-27T12:18:14.582+08:00  INFO 51896 --- [restartedMain] o.s.o.j.p.SpringPersistenceUnitInfo      : No LoadTimeWeaver setup: ignoring JPA class transformer
2026-03-27T12:18:14.582+08:00  INFO 51896 --- [restartedMain] com.zaxxer.hikari.HikariDataSource       : HikariPool-2 - Starting...
2026-03-27T12:18:14.612+08:00  INFO 51896 --- [restartedMain] com.zaxxer.hikari.pool.HikariPool        : HikariPool-2 - Added connection org.postgresql.jdbc.PgConnection@7b1b851e
2026-03-27T12:18:14.612+08:00  INFO 51896 --- [restartedMain] com.zaxxer.hikari.HikariDataSource       : HikariPool-2 - Start completed.
2026-03-27T12:18:14.621+08:00  INFO 51896 --- [restartedMain] org.hibernate.orm.connections.pooling    : HHH10001005: Database info:
	Database JDBC URL [jdbc:postgresql://localhost:5432/learnSpringBoot_hospitalDB]
	Database driver: PostgreSQL JDBC Driver
	Database dialect: PostgreSQLDialect
	Database version: 17.4
	Default catalog/schema: learnSpringBoot_hospitalDB/public
	Autocommit mode: undefined/unknown
	Isolation level: READ_COMMITTED [default READ_COMMITTED]
	JDBC fetch size: none
	Pool: DataSourceConnectionProvider
	Minimum pool size: undefined/unknown
	Maximum pool size: undefined/unknown
2026-03-27T12:18:14.792+08:00  INFO 51896 --- [restartedMain] org.hibernate.orm.core                   : HHH000489: No JTA platform available (set 'hibernate.transaction.jta.platform' to enable JTA platform integration)
2026-03-27T12:18:14.820+08:00  INFO 51896 --- [restartedMain] j.LocalContainerEntityManagerFactoryBean : Initialized JPA EntityManagerFactory for persistence unit 'default'
2026-03-27T12:18:14.848+08:00  WARN 51896 --- [restartedMain] JpaBaseConfiguration$JpaWebConfiguration : spring.jpa.open-in-view is enabled by default. Therefore, database queries may be performed during view rendering. Explicitly configure spring.jpa.open-in-view to disable this warning
2026-03-27T12:18:14.909+08:00  INFO 51896 --- [restartedMain] r$InitializeUserDetailsManagerConfigurer : Global AuthenticationManager configured with UserDetailsService bean with name customUserDetailsService
2026-03-27T12:18:15.079+08:00  INFO 51896 --- [restartedMain] o.s.boot.tomcat.TomcatWebServer          : Tomcat started on port 8081 (http) with context path '/api'
2026-03-27T12:18:15.082+08:00  INFO 51896 --- [restartedMain] c.l.Hospital_Mgmt_SB.Application         : Started Application in 0.854 seconds (process running for 161.932)
2026-03-27T12:18:15.085+08:00  INFO 51896 --- [restartedMain] .ConditionEvaluationDeltaLoggingListener : Condition evaluation unchanged
2026-03-27T12:18:20.291+08:00  INFO 51896 --- [SpringApplicationShutdownHook] o.s.boot.tomcat.GracefulShutdown         : Commencing graceful shutdown. Waiting for active requests to complete
2026-03-27T12:18:20.305+08:00  INFO 51896 --- [tomcat-shutdown] o.s.boot.tomcat.GracefulShutdown         : Graceful shutdown complete
2026-03-27T12:18:20.308+08:00  INFO 51896 --- [SpringApplicationShutdownHook] j.LocalContainerEntityManagerFactoryBean : Closing JPA EntityManagerFactory for persistence unit 'default'
2026-03-27T12:18:20.308+08:00  INFO 51896 --- [SpringApplicationShutdownHook] com.zaxxer.hikari.HikariDataSource       : HikariPool-2 - Shutdown initiated...
2026-03-27T12:18:20.310+08:00  INFO 51896 --- [SpringApplicationShutdownHook] com.zaxxer.hikari.HikariDataSource       : HikariPool-2 - Shutdown completed.
2026-03-27T12:18:21.749+08:00  INFO 51700 --- [restartedMain] c.l.Hospital_Mgmt_SB.Application         : Starting Application using Java 21.0.9 with PID 51700 (D:\New learning codes\SpringBoot Code\anujSharma\CodingShuttleProject\Hospital_Mgmt_SB\Hospital_Mgmt_SB\target\classes started by tauki in D:\New learning codes\SpringBoot Code\anujSharma\CodingShuttleProject\Hospital_Mgmt_SB)
2026-03-27T12:18:21.750+08:00  INFO 51700 --- [restartedMain] c.l.Hospital_Mgmt_SB.Application         : No active profile set, falling back to 1 default profile: "default"
2026-03-27T12:18:21.787+08:00  INFO 51700 --- [restartedMain] .e.DevToolsPropertyDefaultsPostProcessor : Devtools property defaults active! Set 'spring.devtools.add-properties' to 'false' to disable
2026-03-27T12:18:21.788+08:00  INFO 51700 --- [restartedMain] .e.DevToolsPropertyDefaultsPostProcessor : For additional web related logging consider setting the 'logging.level.web' property to 'DEBUG'
2026-03-27T12:18:22.480+08:00  INFO 51700 --- [restartedMain] .s.d.r.c.RepositoryConfigurationDelegate : Bootstrapping Spring Data JPA repositories in DEFAULT mode.
2026-03-27T12:18:22.546+08:00  INFO 51700 --- [restartedMain] .s.d.r.c.RepositoryConfigurationDelegate : Finished Spring Data repository scanning in 57 ms. Found 8 JPA repository interfaces.
2026-03-27T12:18:23.122+08:00  INFO 51700 --- [restartedMain] o.s.boot.tomcat.TomcatWebServer          : Tomcat initialized with port 8081 (http)
2026-03-27T12:18:23.134+08:00  INFO 51700 --- [restartedMain] o.apache.catalina.core.StandardService   : Starting service [Tomcat]
2026-03-27T12:18:23.134+08:00  INFO 51700 --- [restartedMain] o.apache.catalina.core.StandardEngine    : Starting Servlet engine: [Apache Tomcat/11.0.18]
2026-03-27T12:18:23.174+08:00  INFO 51700 --- [restartedMain] b.w.c.s.WebApplicationContextInitializer : Root WebApplicationContext: initialization completed in 1386 ms
2026-03-27T12:18:23.312+08:00  INFO 51700 --- [restartedMain] org.hibernate.orm.jpa                    : HHH008540: Processing PersistenceUnitInfo [name: default]
2026-03-27T12:18:23.366+08:00  INFO 51700 --- [restartedMain] org.hibernate.orm.core                   : HHH000001: Hibernate ORM core version 7.2.4.Final
2026-03-27T12:18:23.819+08:00  INFO 51700 --- [restartedMain] o.s.o.j.p.SpringPersistenceUnitInfo      : No LoadTimeWeaver setup: ignoring JPA class transformer
2026-03-27T12:18:23.840+08:00  INFO 51700 --- [restartedMain] com.zaxxer.hikari.HikariDataSource       : HikariPool-1 - Starting...
2026-03-27T12:18:23.954+08:00  INFO 51700 --- [restartedMain] com.zaxxer.hikari.pool.HikariPool        : HikariPool-1 - Added connection org.postgresql.jdbc.PgConnection@255741a9
2026-03-27T12:18:23.955+08:00  INFO 51700 --- [restartedMain] com.zaxxer.hikari.HikariDataSource       : HikariPool-1 - Start completed.
2026-03-27T12:18:24.004+08:00  INFO 51700 --- [restartedMain] org.hibernate.orm.connections.pooling    : HHH10001005: Database info:
	Database JDBC URL [jdbc:postgresql://localhost:5432/learnSpringBoot_hospitalDB]
	Database driver: PostgreSQL JDBC Driver
	Database dialect: PostgreSQLDialect
	Database version: 17.4
	Default catalog/schema: learnSpringBoot_hospitalDB/public
	Autocommit mode: undefined/unknown
	Isolation level: READ_COMMITTED [default READ_COMMITTED]
	JDBC fetch size: none
	Pool: DataSourceConnectionProvider
	Minimum pool size: undefined/unknown
	Maximum pool size: undefined/unknown
2026-03-27T12:18:24.851+08:00  INFO 51700 --- [restartedMain] org.hibernate.orm.core                   : HHH000489: No JTA platform available (set 'hibernate.transaction.jta.platform' to enable JTA platform integration)
2026-03-27T12:18:24.902+08:00  INFO 51700 --- [restartedMain] j.LocalContainerEntityManagerFactoryBean : Initialized JPA EntityManagerFactory for persistence unit 'default'
2026-03-27T12:18:24.952+08:00  INFO 51700 --- [restartedMain] o.s.d.j.r.query.QueryEnhancerFactories   : Hibernate is in classpath; If applicable, HQL parser will be used.
2026-03-27T12:18:25.075+08:00  WARN 51700 --- [restartedMain] JpaBaseConfiguration$JpaWebConfiguration : spring.jpa.open-in-view is enabled by default. Therefore, database queries may be performed during view rendering. Explicitly configure spring.jpa.open-in-view to disable this warning
2026-03-27T12:18:25.428+08:00  INFO 51700 --- [restartedMain] r$InitializeUserDetailsManagerConfigurer : Global AuthenticationManager configured with UserDetailsService bean with name customUserDetailsService
2026-03-27T12:18:26.799+08:00  INFO 51700 --- [restartedMain] o.s.boot.tomcat.TomcatWebServer          : Tomcat started on port 8081 (http) with context path '/api'
2026-03-27T12:18:26.805+08:00  INFO 51700 --- [restartedMain] c.l.Hospital_Mgmt_SB.Application         : Started Application in 5.512 seconds (process running for 5.934)
2026-03-27T12:18:39.988+08:00  INFO 51700 --- [http-nio-8081-exec-1] o.a.c.c.C.[Tomcat].[localhost].[/api]    : Initializing Spring DispatcherServlet 'dispatcherServlet'
2026-03-27T12:18:39.989+08:00  INFO 51700 --- [http-nio-8081-exec-1] o.s.web.servlet.DispatcherServlet        : Initializing Servlet 'dispatcherServlet'
2026-03-27T12:18:39.992+08:00  INFO 51700 --- [http-nio-8081-exec-1] o.s.web.servlet.DispatcherServlet        : Completed initialization in 3 ms
2026-03-27T12:18:40.019+08:00  INFO 51700 --- [http-nio-8081-exec-2] c.l.H.security.JwtAuthFilter             : Incoming request : /api/login
2026-03-27T12:18:40.044+08:00  INFO 51700 --- [http-nio-8081-exec-6] c.l.H.security.JwtAuthFilter             : Incoming request : /api/default-ui.css
2026-03-27T12:20:38.437+08:00  INFO 51700 --- [SpringApplicationShutdownHook] o.s.boot.tomcat.GracefulShutdown         : Commencing graceful shutdown. Waiting for active requests to complete
2026-03-27T12:20:38.450+08:00  INFO 51700 --- [tomcat-shutdown] o.s.boot.tomcat.GracefulShutdown         : Graceful shutdown complete
2026-03-27T12:20:38.453+08:00  INFO 51700 --- [SpringApplicationShutdownHook] j.LocalContainerEntityManagerFactoryBean : Closing JPA EntityManagerFactory for persistence unit 'default'
2026-03-27T12:20:38.457+08:00  INFO 51700 --- [SpringApplicationShutdownHook] com.zaxxer.hikari.HikariDataSource       : HikariPool-1 - Shutdown initiated...
2026-03-27T12:20:38.459+08:00  INFO 51700 --- [SpringApplicationShutdownHook] com.zaxxer.hikari.HikariDataSource       : HikariPool-1 - Shutdown completed.
2026-03-27T12:20:40.006+08:00  INFO 6484 --- [restartedMain] c.l.Hospital_Mgmt_SB.Application         : Starting Application using Java 21.0.9 with PID 6484 (D:\New learning codes\SpringBoot Code\anujSharma\CodingShuttleProject\Hospital_Mgmt_SB\Hospital_Mgmt_SB\target\classes started by tauki in D:\New learning codes\SpringBoot Code\anujSharma\CodingShuttleProject\Hospital_Mgmt_SB)
2026-03-27T12:20:40.009+08:00  INFO 6484 --- [restartedMain] c.l.Hospital_Mgmt_SB.Application         : No active profile set, falling back to 1 default profile: "default"
2026-03-27T12:20:40.050+08:00  INFO 6484 --- [restartedMain] .e.DevToolsPropertyDefaultsPostProcessor : Devtools property defaults active! Set 'spring.devtools.add-properties' to 'false' to disable
2026-03-27T12:20:40.050+08:00  INFO 6484 --- [restartedMain] .e.DevToolsPropertyDefaultsPostProcessor : For additional web related logging consider setting the 'logging.level.web' property to 'DEBUG'
2026-03-27T12:20:40.658+08:00  INFO 6484 --- [restartedMain] .s.d.r.c.RepositoryConfigurationDelegate : Bootstrapping Spring Data JPA repositories in DEFAULT mode.
2026-03-27T12:20:40.717+08:00  INFO 6484 --- [restartedMain] .s.d.r.c.RepositoryConfigurationDelegate : Finished Spring Data repository scanning in 51 ms. Found 8 JPA repository interfaces.
2026-03-27T12:20:41.222+08:00  INFO 6484 --- [restartedMain] o.s.boot.tomcat.TomcatWebServer          : Tomcat initialized with port 8081 (http)
2026-03-27T12:20:41.234+08:00  INFO 6484 --- [restartedMain] o.apache.catalina.core.StandardService   : Starting service [Tomcat]
2026-03-27T12:20:41.234+08:00  INFO 6484 --- [restartedMain] o.apache.catalina.core.StandardEngine    : Starting Servlet engine: [Apache Tomcat/11.0.18]
2026-03-27T12:20:41.273+08:00  INFO 6484 --- [restartedMain] b.w.c.s.WebApplicationContextInitializer : Root WebApplicationContext: initialization completed in 1223 ms
2026-03-27T12:20:41.481+08:00  INFO 6484 --- [restartedMain] org.hibernate.orm.jpa                    : HHH008540: Processing PersistenceUnitInfo [name: default]
2026-03-27T12:20:41.555+08:00  INFO 6484 --- [restartedMain] org.hibernate.orm.core                   : HHH000001: Hibernate ORM core version 7.2.4.Final
2026-03-27T12:20:41.958+08:00  INFO 6484 --- [restartedMain] o.s.o.j.p.SpringPersistenceUnitInfo      : No LoadTimeWeaver setup: ignoring JPA class transformer
2026-03-27T12:20:41.976+08:00  INFO 6484 --- [restartedMain] com.zaxxer.hikari.HikariDataSource       : HikariPool-1 - Starting...
2026-03-27T12:20:42.195+08:00  INFO 6484 --- [restartedMain] com.zaxxer.hikari.pool.HikariPool        : HikariPool-1 - Added connection org.postgresql.jdbc.PgConnection@54654663
2026-03-27T12:20:42.196+08:00  INFO 6484 --- [restartedMain] com.zaxxer.hikari.HikariDataSource       : HikariPool-1 - Start completed.
2026-03-27T12:20:42.242+08:00  INFO 6484 --- [restartedMain] org.hibernate.orm.connections.pooling    : HHH10001005: Database info:
	Database JDBC URL [jdbc:postgresql://localhost:5432/learnSpringBoot_hospitalDB]
	Database driver: PostgreSQL JDBC Driver
	Database dialect: PostgreSQLDialect
	Database version: 17.4
	Default catalog/schema: learnSpringBoot_hospitalDB/public
	Autocommit mode: undefined/unknown
	Isolation level: READ_COMMITTED [default READ_COMMITTED]
	JDBC fetch size: none
	Pool: DataSourceConnectionProvider
	Minimum pool size: undefined/unknown
	Maximum pool size: undefined/unknown
2026-03-27T12:20:43.000+08:00  INFO 6484 --- [restartedMain] org.hibernate.orm.core                   : HHH000489: No JTA platform available (set 'hibernate.transaction.jta.platform' to enable JTA platform integration)
2026-03-27T12:20:43.051+08:00  INFO 6484 --- [restartedMain] j.LocalContainerEntityManagerFactoryBean : Initialized JPA EntityManagerFactory for persistence unit 'default'
2026-03-27T12:20:43.097+08:00  INFO 6484 --- [restartedMain] o.s.d.j.r.query.QueryEnhancerFactories   : Hibernate is in classpath; If applicable, HQL parser will be used.
2026-03-27T12:20:43.237+08:00  WARN 6484 --- [restartedMain] JpaBaseConfiguration$JpaWebConfiguration : spring.jpa.open-in-view is enabled by default. Therefore, database queries may be performed during view rendering. Explicitly configure spring.jpa.open-in-view to disable this warning
2026-03-27T12:20:43.551+08:00  INFO 6484 --- [restartedMain] r$InitializeUserDetailsManagerConfigurer : Global AuthenticationManager configured with UserDetailsService bean with name customUserDetailsService
2026-03-27T12:20:44.910+08:00  INFO 6484 --- [restartedMain] o.s.boot.tomcat.TomcatWebServer          : Tomcat started on port 8081 (http) with context path '/api'
2026-03-27T12:20:44.917+08:00  INFO 6484 --- [restartedMain] c.l.Hospital_Mgmt_SB.Application         : Started Application in 5.281 seconds (process running for 5.668)
2026-03-27T12:21:12.879+08:00  INFO 6484 --- [http-nio-8081-exec-1] o.a.c.c.C.[Tomcat].[localhost].[/api]    : Initializing Spring DispatcherServlet 'dispatcherServlet'
2026-03-27T12:21:12.880+08:00  INFO 6484 --- [http-nio-8081-exec-1] o.s.web.servlet.DispatcherServlet        : Initializing Servlet 'dispatcherServlet'
2026-03-27T12:21:12.881+08:00  INFO 6484 --- [http-nio-8081-exec-1] o.s.web.servlet.DispatcherServlet        : Completed initialization in 1 ms
2026-03-27T12:21:12.892+08:00  INFO 6484 --- [http-nio-8081-exec-1] c.l.H.security.JwtAuthFilter             : Incoming request : /api/login
2026-03-27T12:21:12.921+08:00  INFO 6484 --- [http-nio-8081-exec-2] c.l.H.security.JwtAuthFilter             : Incoming request : /api/default-ui.css
2026-03-27T12:21:13.606+08:00  INFO 6484 --- [http-nio-8081-exec-3] c.l.H.security.JwtAuthFilter             : Incoming request : /api/login
2026-03-27T12:21:13.622+08:00  INFO 6484 --- [http-nio-8081-exec-4] c.l.H.security.JwtAuthFilter             : Incoming request : /api/default-ui.css
2026-03-27T12:21:13.996+08:00  INFO 6484 --- [http-nio-8081-exec-5] c.l.H.security.JwtAuthFilter             : Incoming request : /api/login
2026-03-27T12:21:14.009+08:00  INFO 6484 --- [http-nio-8081-exec-6] c.l.H.security.JwtAuthFilter             : Incoming request : /api/default-ui.css
2026-03-27T12:21:17.291+08:00  INFO 6484 --- [http-nio-8081-exec-8] c.l.H.security.JwtAuthFilter             : Incoming request : /api/login
2026-03-27T12:21:17.299+08:00  INFO 6484 --- [http-nio-8081-exec-9] c.l.H.security.JwtAuthFilter             : Incoming request : /api/default-ui.css
2026-03-27T12:21:24.521+08:00  INFO 6484 --- [http-nio-8081-exec-1] c.l.H.security.JwtAuthFilter             : Incoming request : /api/login
2026-03-27T12:21:24.543+08:00  INFO 6484 --- [http-nio-8081-exec-2] c.l.H.security.JwtAuthFilter             : Incoming request : /api/default-ui.css
2026-03-27T12:21:59.665+08:00  INFO 6484 --- [SpringApplicationShutdownHook] o.s.boot.tomcat.GracefulShutdown         : Commencing graceful shutdown. Waiting for active requests to complete
2026-03-27T12:21:59.676+08:00  INFO 6484 --- [tomcat-shutdown] o.s.boot.tomcat.GracefulShutdown         : Graceful shutdown complete
2026-03-27T12:21:59.679+08:00  INFO 6484 --- [SpringApplicationShutdownHook] j.LocalContainerEntityManagerFactoryBean : Closing JPA EntityManagerFactory for persistence unit 'default'
2026-03-27T12:21:59.682+08:00  INFO 6484 --- [SpringApplicationShutdownHook] com.zaxxer.hikari.HikariDataSource       : HikariPool-1 - Shutdown initiated...
2026-03-27T12:21:59.685+08:00  INFO 6484 --- [SpringApplicationShutdownHook] com.zaxxer.hikari.HikariDataSource       : HikariPool-1 - Shutdown completed.
2026-03-27T12:22:01.220+08:00  INFO 55456 --- [restartedMain] c.l.Hospital_Mgmt_SB.Application         : Starting Application using Java 21.0.9 with PID 55456 (D:\New learning codes\SpringBoot Code\anujSharma\CodingShuttleProject\Hospital_Mgmt_SB\Hospital_Mgmt_SB\target\classes started by tauki in D:\New learning codes\SpringBoot Code\anujSharma\CodingShuttleProject\Hospital_Mgmt_SB)
2026-03-27T12:22:01.223+08:00  INFO 55456 --- [restartedMain] c.l.Hospital_Mgmt_SB.Application         : No active profile set, falling back to 1 default profile: "default"
2026-03-27T12:22:01.263+08:00  INFO 55456 --- [restartedMain] .e.DevToolsPropertyDefaultsPostProcessor : Devtools property defaults active! Set 'spring.devtools.add-properties' to 'false' to disable
2026-03-27T12:22:01.263+08:00  INFO 55456 --- [restartedMain] .e.DevToolsPropertyDefaultsPostProcessor : For additional web related logging consider setting the 'logging.level.web' property to 'DEBUG'
2026-03-27T12:22:01.867+08:00  INFO 55456 --- [restartedMain] .s.d.r.c.RepositoryConfigurationDelegate : Bootstrapping Spring Data JPA repositories in DEFAULT mode.
2026-03-27T12:22:01.923+08:00  INFO 55456 --- [restartedMain] .s.d.r.c.RepositoryConfigurationDelegate : Finished Spring Data repository scanning in 47 ms. Found 8 JPA repository interfaces.
2026-03-27T12:22:02.469+08:00  INFO 55456 --- [restartedMain] o.s.boot.tomcat.TomcatWebServer          : Tomcat initialized with port 8081 (http)
2026-03-27T12:22:02.481+08:00  INFO 55456 --- [restartedMain] o.apache.catalina.core.StandardService   : Starting service [Tomcat]
2026-03-27T12:22:02.481+08:00  INFO 55456 --- [restartedMain] o.apache.catalina.core.StandardEngine    : Starting Servlet engine: [Apache Tomcat/11.0.18]
2026-03-27T12:22:02.517+08:00  INFO 55456 --- [restartedMain] b.w.c.s.WebApplicationContextInitializer : Root WebApplicationContext: initialization completed in 1253 ms
2026-03-27T12:22:02.632+08:00  INFO 55456 --- [restartedMain] org.hibernate.orm.jpa                    : HHH008540: Processing PersistenceUnitInfo [name: default]
2026-03-27T12:22:02.679+08:00  INFO 55456 --- [restartedMain] org.hibernate.orm.core                   : HHH000001: Hibernate ORM core version 7.2.4.Final
2026-03-27T12:22:03.053+08:00  INFO 55456 --- [restartedMain] o.s.o.j.p.SpringPersistenceUnitInfo      : No LoadTimeWeaver setup: ignoring JPA class transformer
2026-03-27T12:22:03.076+08:00  INFO 55456 --- [restartedMain] com.zaxxer.hikari.HikariDataSource       : HikariPool-1 - Starting...
2026-03-27T12:22:03.199+08:00  INFO 55456 --- [restartedMain] com.zaxxer.hikari.pool.HikariPool        : HikariPool-1 - Added connection org.postgresql.jdbc.PgConnection@2c28558e
2026-03-27T12:22:03.200+08:00  INFO 55456 --- [restartedMain] com.zaxxer.hikari.HikariDataSource       : HikariPool-1 - Start completed.
2026-03-27T12:22:03.250+08:00  INFO 55456 --- [restartedMain] org.hibernate.orm.connections.pooling    : HHH10001005: Database info:
	Database JDBC URL [jdbc:postgresql://localhost:5432/learnSpringBoot_hospitalDB]
	Database driver: PostgreSQL JDBC Driver
	Database dialect: PostgreSQLDialect
	Database version: 17.4
	Default catalog/schema: learnSpringBoot_hospitalDB/public
	Autocommit mode: undefined/unknown
	Isolation level: READ_COMMITTED [default READ_COMMITTED]
	JDBC fetch size: none
	Pool: DataSourceConnectionProvider
	Minimum pool size: undefined/unknown
	Maximum pool size: undefined/unknown
2026-03-27T12:22:04.033+08:00  INFO 55456 --- [restartedMain] org.hibernate.orm.core                   : HHH000489: No JTA platform available (set 'hibernate.transaction.jta.platform' to enable JTA platform integration)
2026-03-27T12:22:04.086+08:00  INFO 55456 --- [restartedMain] j.LocalContainerEntityManagerFactoryBean : Initialized JPA EntityManagerFactory for persistence unit 'default'
2026-03-27T12:22:04.139+08:00  INFO 55456 --- [restartedMain] o.s.d.j.r.query.QueryEnhancerFactories   : Hibernate is in classpath; If applicable, HQL parser will be used.
2026-03-27T12:22:04.260+08:00  WARN 55456 --- [restartedMain] JpaBaseConfiguration$JpaWebConfiguration : spring.jpa.open-in-view is enabled by default. Therefore, database queries may be performed during view rendering. Explicitly configure spring.jpa.open-in-view to disable this warning
2026-03-27T12:22:04.600+08:00  INFO 55456 --- [restartedMain] r$InitializeUserDetailsManagerConfigurer : Global AuthenticationManager configured with UserDetailsService bean with name customUserDetailsService
2026-03-27T12:22:05.904+08:00  INFO 55456 --- [restartedMain] o.s.boot.tomcat.TomcatWebServer          : Tomcat started on port 8081 (http) with context path '/api'
2026-03-27T12:22:05.911+08:00  INFO 55456 --- [restartedMain] c.l.Hospital_Mgmt_SB.Application         : Started Application in 5.064 seconds (process running for 5.476)
2026-03-27T12:22:42.839+08:00  INFO 55456 --- [http-nio-8081-exec-2] o.a.c.c.C.[Tomcat].[localhost].[/api]    : Initializing Spring DispatcherServlet 'dispatcherServlet'
2026-03-27T12:22:42.839+08:00  INFO 55456 --- [http-nio-8081-exec-2] o.s.web.servlet.DispatcherServlet        : Initializing Servlet 'dispatcherServlet'
2026-03-27T12:22:42.842+08:00  INFO 55456 --- [http-nio-8081-exec-2] o.s.web.servlet.DispatcherServlet        : Completed initialization in 2 ms
2026-03-27T12:22:42.858+08:00  INFO 55456 --- [http-nio-8081-exec-3] c.l.H.security.JwtAuthFilter             : Incoming request : /api/login
2026-03-27T12:22:42.876+08:00  INFO 55456 --- [http-nio-8081-exec-4] c.l.H.security.JwtAuthFilter             : Incoming request : /api/default-ui.css
2026-03-27T12:22:43.550+08:00  INFO 55456 --- [http-nio-8081-exec-5] c.l.H.security.JwtAuthFilter             : Incoming request : /api/login
2026-03-27T12:22:43.558+08:00  INFO 55456 --- [http-nio-8081-exec-6] c.l.H.security.JwtAuthFilter             : Incoming request : /api/default-ui.css
2026-03-27T12:22:56.909+08:00  INFO 55456 --- [http-nio-8081-exec-8] c.l.H.security.JwtAuthFilter             : Incoming request : /api/public/employees/list
2026-03-27T12:23:03.471+08:00  INFO 55456 --- [http-nio-8081-exec-10] c.l.H.security.JwtAuthFilter             : Incoming request : /api/public/employees/list
2026-03-27T12:23:07.071+08:00  INFO 55456 --- [http-nio-8081-exec-1] c.l.H.security.JwtAuthFilter             : Incoming request : /api/public/employees/list
2026-03-27T12:23:08.405+08:00  INFO 55456 --- [http-nio-8081-exec-2] c.l.H.security.JwtAuthFilter             : Incoming request : /api/public/employees/list
2026-03-27T12:23:13.322+08:00  INFO 55456 --- [http-nio-8081-exec-3] c.l.H.security.JwtAuthFilter             : Incoming request : /api/public/employees/list
2026-03-27T12:23:20.532+08:00  INFO 55456 --- [http-nio-8081-exec-4] c.l.H.security.JwtAuthFilter             : Incoming request : /api/product
2026-03-27T12:23:20.537+08:00  INFO 55456 --- [http-nio-8081-exec-5] c.l.H.security.JwtAuthFilter             : Incoming request : /api/login
2026-03-27T12:23:20.545+08:00  INFO 55456 --- [http-nio-8081-exec-6] c.l.H.security.JwtAuthFilter             : Incoming request : /api/default-ui.css
2026-03-27T12:23:25.739+08:00  INFO 55456 --- [http-nio-8081-exec-9] c.l.H.security.JwtAuthFilter             : Incoming request : /api/login
2026-03-27T12:23:25.755+08:00  INFO 55456 --- [http-nio-8081-exec-8] c.l.H.security.JwtAuthFilter             : Incoming request : /api/default-ui.css
2026-03-27T12:23:26.717+08:00  INFO 55456 --- [http-nio-8081-exec-10] c.l.H.security.JwtAuthFilter             : Incoming request : /api/public/employees/list
2026-03-27T12:23:34.008+08:00  INFO 55456 --- [http-nio-8081-exec-1] c.l.H.security.JwtAuthFilter             : Incoming request : /api/product
2026-03-27T12:23:34.015+08:00  INFO 55456 --- [http-nio-8081-exec-2] c.l.H.security.JwtAuthFilter             : Incoming request : /api/login
2026-03-27T12:23:34.033+08:00  INFO 55456 --- [http-nio-8081-exec-3] c.l.H.security.JwtAuthFilter             : Incoming request : /api/default-ui.css
2026-03-27T12:24:31.311+08:00  INFO 55456 --- [SpringApplicationShutdownHook] o.s.boot.tomcat.GracefulShutdown         : Commencing graceful shutdown. Waiting for active requests to complete
2026-03-27T12:24:31.324+08:00  INFO 55456 --- [tomcat-shutdown] o.s.boot.tomcat.GracefulShutdown         : Graceful shutdown complete
2026-03-27T12:24:31.328+08:00  INFO 55456 --- [SpringApplicationShutdownHook] j.LocalContainerEntityManagerFactoryBean : Closing JPA EntityManagerFactory for persistence unit 'default'
2026-03-27T12:24:31.331+08:00  INFO 55456 --- [SpringApplicationShutdownHook] com.zaxxer.hikari.HikariDataSource       : HikariPool-1 - Shutdown initiated...
2026-03-27T12:24:31.334+08:00  INFO 55456 --- [SpringApplicationShutdownHook] com.zaxxer.hikari.HikariDataSource       : HikariPool-1 - Shutdown completed.
2026-03-27T12:24:32.872+08:00  INFO 58836 --- [restartedMain] c.l.Hospital_Mgmt_SB.Application         : Starting Application using Java 21.0.9 with PID 58836 (D:\New learning codes\SpringBoot Code\anujSharma\CodingShuttleProject\Hospital_Mgmt_SB\Hospital_Mgmt_SB\target\classes started by tauki in D:\New learning codes\SpringBoot Code\anujSharma\CodingShuttleProject\Hospital_Mgmt_SB)
2026-03-27T12:24:32.874+08:00  INFO 58836 --- [restartedMain] c.l.Hospital_Mgmt_SB.Application         : No active profile set, falling back to 1 default profile: "default"
2026-03-27T12:24:32.909+08:00  INFO 58836 --- [restartedMain] .e.DevToolsPropertyDefaultsPostProcessor : Devtools property defaults active! Set 'spring.devtools.add-properties' to 'false' to disable
2026-03-27T12:24:32.910+08:00  INFO 58836 --- [restartedMain] .e.DevToolsPropertyDefaultsPostProcessor : For additional web related logging consider setting the 'logging.level.web' property to 'DEBUG'
2026-03-27T12:24:33.527+08:00  INFO 58836 --- [restartedMain] .s.d.r.c.RepositoryConfigurationDelegate : Bootstrapping Spring Data JPA repositories in DEFAULT mode.
2026-03-27T12:24:33.586+08:00  INFO 58836 --- [restartedMain] .s.d.r.c.RepositoryConfigurationDelegate : Finished Spring Data repository scanning in 51 ms. Found 8 JPA repository interfaces.
2026-03-27T12:24:34.120+08:00  INFO 58836 --- [restartedMain] o.s.boot.tomcat.TomcatWebServer          : Tomcat initialized with port 8081 (http)
2026-03-27T12:24:34.134+08:00  INFO 58836 --- [restartedMain] o.apache.catalina.core.StandardService   : Starting service [Tomcat]
2026-03-27T12:24:34.134+08:00  INFO 58836 --- [restartedMain] o.apache.catalina.core.StandardEngine    : Starting Servlet engine: [Apache Tomcat/11.0.18]
2026-03-27T12:24:34.173+08:00  INFO 58836 --- [restartedMain] b.w.c.s.WebApplicationContextInitializer : Root WebApplicationContext: initialization completed in 1262 ms
2026-03-27T12:24:34.335+08:00  INFO 58836 --- [restartedMain] org.hibernate.orm.jpa                    : HHH008540: Processing PersistenceUnitInfo [name: default]
2026-03-27T12:24:34.394+08:00  INFO 58836 --- [restartedMain] org.hibernate.orm.core                   : HHH000001: Hibernate ORM core version 7.2.4.Final
2026-03-27T12:24:34.778+08:00  INFO 58836 --- [restartedMain] o.s.o.j.p.SpringPersistenceUnitInfo      : No LoadTimeWeaver setup: ignoring JPA class transformer
2026-03-27T12:24:34.796+08:00  INFO 58836 --- [restartedMain] com.zaxxer.hikari.HikariDataSource       : HikariPool-1 - Starting...
2026-03-27T12:24:35.020+08:00  INFO 58836 --- [restartedMain] com.zaxxer.hikari.pool.HikariPool        : HikariPool-1 - Added connection org.postgresql.jdbc.PgConnection@40298f33
2026-03-27T12:24:35.021+08:00  INFO 58836 --- [restartedMain] com.zaxxer.hikari.HikariDataSource       : HikariPool-1 - Start completed.
2026-03-27T12:24:35.065+08:00  INFO 58836 --- [restartedMain] org.hibernate.orm.connections.pooling    : HHH10001005: Database info:
	Database JDBC URL [jdbc:postgresql://localhost:5432/learnSpringBoot_hospitalDB]
	Database driver: PostgreSQL JDBC Driver
	Database dialect: PostgreSQLDialect
	Database version: 17.4
	Default catalog/schema: learnSpringBoot_hospitalDB/public
	Autocommit mode: undefined/unknown
	Isolation level: READ_COMMITTED [default READ_COMMITTED]
	JDBC fetch size: none
	Pool: DataSourceConnectionProvider
	Minimum pool size: undefined/unknown
	Maximum pool size: undefined/unknown
2026-03-27T12:24:35.849+08:00  INFO 58836 --- [restartedMain] org.hibernate.orm.core                   : HHH000489: No JTA platform available (set 'hibernate.transaction.jta.platform' to enable JTA platform integration)
2026-03-27T12:24:35.901+08:00  INFO 58836 --- [restartedMain] j.LocalContainerEntityManagerFactoryBean : Initialized JPA EntityManagerFactory for persistence unit 'default'
2026-03-27T12:24:35.953+08:00  INFO 58836 --- [restartedMain] o.s.d.j.r.query.QueryEnhancerFactories   : Hibernate is in classpath; If applicable, HQL parser will be used.
2026-03-27T12:24:36.084+08:00  WARN 58836 --- [restartedMain] JpaBaseConfiguration$JpaWebConfiguration : spring.jpa.open-in-view is enabled by default. Therefore, database queries may be performed during view rendering. Explicitly configure spring.jpa.open-in-view to disable this warning
2026-03-27T12:24:36.412+08:00  INFO 58836 --- [restartedMain] r$InitializeUserDetailsManagerConfigurer : Global AuthenticationManager configured with UserDetailsService bean with name customUserDetailsService
2026-03-27T12:24:37.613+08:00  INFO 58836 --- [restartedMain] o.s.boot.tomcat.TomcatWebServer          : Tomcat started on port 8081 (http) with context path '/api'
2026-03-27T12:24:37.618+08:00  INFO 58836 --- [restartedMain] c.l.Hospital_Mgmt_SB.Application         : Started Application in 5.128 seconds (process running for 5.525)
2026-03-27T12:24:53.303+08:00  INFO 58836 --- [http-nio-8081-exec-1] o.a.c.c.C.[Tomcat].[localhost].[/api]    : Initializing Spring DispatcherServlet 'dispatcherServlet'
2026-03-27T12:24:53.303+08:00  INFO 58836 --- [http-nio-8081-exec-1] o.s.web.servlet.DispatcherServlet        : Initializing Servlet 'dispatcherServlet'
2026-03-27T12:24:53.305+08:00  INFO 58836 --- [http-nio-8081-exec-1] o.s.web.servlet.DispatcherServlet        : Completed initialization in 2 ms
2026-03-27T12:24:53.320+08:00  INFO 58836 --- [http-nio-8081-exec-1] c.l.H.security.JwtAuthFilter             : Incoming request : /api/public/employees/list
2026-03-27T12:24:57.809+08:00  INFO 58836 --- [http-nio-8081-exec-2] c.l.H.security.JwtAuthFilter             : Incoming request : /api/public/employees/list
2026-03-27T12:25:02.147+08:00  INFO 58836 --- [http-nio-8081-exec-4] c.l.H.security.JwtAuthFilter             : Incoming request : /api/login
2026-03-27T12:25:02.162+08:00  INFO 58836 --- [http-nio-8081-exec-5] c.l.H.security.JwtAuthFilter             : Incoming request : /api/default-ui.css
2026-03-27T13:01:31.585+08:00  WARN 58836 --- [HikariPool-1:housekeeper] com.zaxxer.hikari.pool.HikariPool        : HikariPool-1 - Thread starvation or clock leap detected (housekeeper delta=15m56s279ms79µs600ns).
2026-03-27T13:05:52.197+08:00  INFO 58836 --- [SpringApplicationShutdownHook] o.s.boot.tomcat.GracefulShutdown         : Commencing graceful shutdown. Waiting for active requests to complete
2026-03-27T13:05:52.213+08:00  INFO 58836 --- [tomcat-shutdown] o.s.boot.tomcat.GracefulShutdown         : Graceful shutdown complete
2026-03-27T13:05:52.220+08:00  INFO 58836 --- [SpringApplicationShutdownHook] j.LocalContainerEntityManagerFactoryBean : Closing JPA EntityManagerFactory for persistence unit 'default'
2026-03-27T13:05:52.230+08:00  INFO 58836 --- [SpringApplicationShutdownHook] com.zaxxer.hikari.HikariDataSource       : HikariPool-1 - Shutdown initiated...
2026-03-27T13:05:52.232+08:00  INFO 58836 --- [SpringApplicationShutdownHook] com.zaxxer.hikari.HikariDataSource       : HikariPool-1 - Shutdown completed.
2026-03-27T13:05:54.469+08:00  INFO 30304 --- [restartedMain] c.l.Hospital_Mgmt_SB.Application         : Starting Application using Java 21.0.9 with PID 30304 (D:\New learning codes\SpringBoot Code\anujSharma\CodingShuttleProject\Hospital_Mgmt_SB\Hospital_Mgmt_SB\target\classes started by tauki in D:\New learning codes\SpringBoot Code\anujSharma\CodingShuttleProject\Hospital_Mgmt_SB)
2026-03-27T13:05:54.471+08:00  INFO 30304 --- [restartedMain] c.l.Hospital_Mgmt_SB.Application         : No active profile set, falling back to 1 default profile: "default"
2026-03-27T13:05:54.510+08:00  INFO 30304 --- [restartedMain] .e.DevToolsPropertyDefaultsPostProcessor : Devtools property defaults active! Set 'spring.devtools.add-properties' to 'false' to disable
2026-03-27T13:05:54.511+08:00  INFO 30304 --- [restartedMain] .e.DevToolsPropertyDefaultsPostProcessor : For additional web related logging consider setting the 'logging.level.web' property to 'DEBUG'
2026-03-27T13:05:55.197+08:00  INFO 30304 --- [restartedMain] .s.d.r.c.RepositoryConfigurationDelegate : Bootstrapping Spring Data JPA repositories in DEFAULT mode.
2026-03-27T13:05:55.262+08:00  INFO 30304 --- [restartedMain] .s.d.r.c.RepositoryConfigurationDelegate : Finished Spring Data repository scanning in 53 ms. Found 8 JPA repository interfaces.
2026-03-27T13:05:55.827+08:00  INFO 30304 --- [restartedMain] o.s.boot.tomcat.TomcatWebServer          : Tomcat initialized with port 8081 (http)
2026-03-27T13:05:55.841+08:00  INFO 30304 --- [restartedMain] o.apache.catalina.core.StandardService   : Starting service [Tomcat]
2026-03-27T13:05:55.841+08:00  INFO 30304 --- [restartedMain] o.apache.catalina.core.StandardEngine    : Starting Servlet engine: [Apache Tomcat/11.0.18]
2026-03-27T13:05:55.881+08:00  INFO 30304 --- [restartedMain] b.w.c.s.WebApplicationContextInitializer : Root WebApplicationContext: initialization completed in 1369 ms
2026-03-27T13:05:56.063+08:00  INFO 30304 --- [restartedMain] org.hibernate.orm.jpa                    : HHH008540: Processing PersistenceUnitInfo [name: default]
2026-03-27T13:05:56.120+08:00  INFO 30304 --- [restartedMain] org.hibernate.orm.core                   : HHH000001: Hibernate ORM core version 7.2.4.Final
2026-03-27T13:05:56.518+08:00  INFO 30304 --- [restartedMain] o.s.o.j.p.SpringPersistenceUnitInfo      : No LoadTimeWeaver setup: ignoring JPA class transformer
2026-03-27T13:05:56.543+08:00  INFO 30304 --- [restartedMain] com.zaxxer.hikari.HikariDataSource       : HikariPool-1 - Starting...
2026-03-27T13:05:56.665+08:00  INFO 30304 --- [restartedMain] com.zaxxer.hikari.pool.HikariPool        : HikariPool-1 - Added connection org.postgresql.jdbc.PgConnection@6f545826
2026-03-27T13:05:56.666+08:00  INFO 30304 --- [restartedMain] com.zaxxer.hikari.HikariDataSource       : HikariPool-1 - Start completed.
2026-03-27T13:05:56.728+08:00  INFO 30304 --- [restartedMain] org.hibernate.orm.connections.pooling    : HHH10001005: Database info:
	Database JDBC URL [jdbc:postgresql://localhost:5432/learnSpringBoot_hospitalDB]
	Database driver: PostgreSQL JDBC Driver
	Database dialect: PostgreSQLDialect
	Database version: 17.4
	Default catalog/schema: learnSpringBoot_hospitalDB/public
	Autocommit mode: undefined/unknown
	Isolation level: READ_COMMITTED [default READ_COMMITTED]
	JDBC fetch size: none
	Pool: DataSourceConnectionProvider
	Minimum pool size: undefined/unknown
	Maximum pool size: undefined/unknown
2026-03-27T13:05:57.581+08:00  INFO 30304 --- [restartedMain] org.hibernate.orm.core                   : HHH000489: No JTA platform available (set 'hibernate.transaction.jta.platform' to enable JTA platform integration)
2026-03-27T13:05:57.638+08:00  INFO 30304 --- [restartedMain] j.LocalContainerEntityManagerFactoryBean : Initialized JPA EntityManagerFactory for persistence unit 'default'
2026-03-27T13:05:57.690+08:00  INFO 30304 --- [restartedMain] o.s.d.j.r.query.QueryEnhancerFactories   : Hibernate is in classpath; If applicable, HQL parser will be used.
2026-03-27T13:05:57.813+08:00  WARN 30304 --- [restartedMain] JpaBaseConfiguration$JpaWebConfiguration : spring.jpa.open-in-view is enabled by default. Therefore, database queries may be performed during view rendering. Explicitly configure spring.jpa.open-in-view to disable this warning
2026-03-27T13:05:58.147+08:00  INFO 30304 --- [restartedMain] r$InitializeUserDetailsManagerConfigurer : Global AuthenticationManager configured with UserDetailsService bean with name customUserDetailsService
2026-03-27T13:05:59.402+08:00  INFO 30304 --- [restartedMain] o.s.boot.tomcat.TomcatWebServer          : Tomcat started on port 8081 (http) with context path '/api'
2026-03-27T13:05:59.409+08:00  INFO 30304 --- [restartedMain] c.l.Hospital_Mgmt_SB.Application         : Started Application in 5.31 seconds (process running for 5.719)
2026-03-27T13:06:22.771+08:00  INFO 30304 --- [http-nio-8081-exec-1] o.a.c.c.C.[Tomcat].[localhost].[/api]    : Initializing Spring DispatcherServlet 'dispatcherServlet'
2026-03-27T13:06:22.772+08:00  INFO 30304 --- [http-nio-8081-exec-1] o.s.web.servlet.DispatcherServlet        : Initializing Servlet 'dispatcherServlet'
2026-03-27T13:06:22.773+08:00  INFO 30304 --- [http-nio-8081-exec-1] o.s.web.servlet.DispatcherServlet        : Completed initialization in 1 ms
2026-03-27T13:06:22.790+08:00  INFO 30304 --- [http-nio-8081-exec-1] c.l.H.security.JwtAuthFilter             : Incoming request : /api/public/employees/list
2026-03-27T13:06:35.287+08:00  INFO 30304 --- [http-nio-8081-exec-4] c.l.H.security.JwtAuthFilter             : Incoming request : /api/login
2026-03-27T13:06:35.300+08:00  INFO 30304 --- [http-nio-8081-exec-6] c.l.H.security.JwtAuthFilter             : Incoming request : /api/default-ui.css
2026-03-27T13:07:05.933+08:00  INFO 30304 --- [http-nio-8081-exec-7] c.l.H.security.JwtAuthFilter             : Incoming request : /api/login
2026-03-27T13:07:05.954+08:00  INFO 30304 --- [http-nio-8081-exec-9] c.l.H.security.JwtAuthFilter             : Incoming request : /api/default-ui.css
2026-03-27T13:07:14.385+08:00  INFO 30304 --- [http-nio-8081-exec-8] c.l.H.security.JwtAuthFilter             : Incoming request : /api/login
2026-03-27T13:07:14.400+08:00  INFO 30304 --- [http-nio-8081-exec-10] c.l.H.security.JwtAuthFilter             : Incoming request : /api/default-ui.css
2026-03-27T13:07:18.856+08:00  INFO 30304 --- [http-nio-8081-exec-1] c.l.H.security.JwtAuthFilter             : Incoming request : /api/product
2026-03-27T13:07:18.864+08:00  INFO 30304 --- [http-nio-8081-exec-2] c.l.H.security.JwtAuthFilter             : Incoming request : /api/login
2026-03-27T13:07:18.885+08:00  INFO 30304 --- [http-nio-8081-exec-3] c.l.H.security.JwtAuthFilter             : Incoming request : /api/default-ui.css
2026-03-27T13:07:29.770+08:00  INFO 30304 --- [http-nio-8081-exec-7] c.l.H.security.JwtAuthFilter             : Incoming request : /api/login
2026-03-27T13:07:29.785+08:00  INFO 30304 --- [http-nio-8081-exec-9] c.l.H.security.JwtAuthFilter             : Incoming request : /api/default-ui.css
2026-03-27T13:07:29.984+08:00  INFO 30304 --- [http-nio-8081-exec-8] c.l.H.security.JwtAuthFilter             : Incoming request : /api/login
2026-03-27T13:07:30.001+08:00  INFO 30304 --- [http-nio-8081-exec-10] c.l.H.security.JwtAuthFilter             : Incoming request : /api/default-ui.css
2026-03-27T13:07:30.179+08:00  INFO 30304 --- [http-nio-8081-exec-1] c.l.H.security.JwtAuthFilter             : Incoming request : /api/login
2026-03-27T13:07:30.193+08:00  INFO 30304 --- [http-nio-8081-exec-2] c.l.H.security.JwtAuthFilter             : Incoming request : /api/default-ui.css
2026-03-27T13:07:30.370+08:00  INFO 30304 --- [http-nio-8081-exec-3] c.l.H.security.JwtAuthFilter             : Incoming request : /api/login
2026-03-27T13:07:30.385+08:00  INFO 30304 --- [http-nio-8081-exec-4] c.l.H.security.JwtAuthFilter             : Incoming request : /api/default-ui.css
2026-03-27T13:07:30.563+08:00  INFO 30304 --- [http-nio-8081-exec-6] c.l.H.security.JwtAuthFilter             : Incoming request : /api/login
2026-03-27T13:07:30.577+08:00  INFO 30304 --- [http-nio-8081-exec-5] c.l.H.security.JwtAuthFilter             : Incoming request : /api/default-ui.css
2026-03-27T13:07:30.744+08:00  INFO 30304 --- [http-nio-8081-exec-7] c.l.H.security.JwtAuthFilter             : Incoming request : /api/login
2026-03-27T13:07:30.757+08:00  INFO 30304 --- [http-nio-8081-exec-9] c.l.H.security.JwtAuthFilter             : Incoming request : /api/default-ui.css
2026-03-27T13:09:29.818+08:00  INFO 30304 --- [SpringApplicationShutdownHook] o.s.boot.tomcat.GracefulShutdown         : Commencing graceful shutdown. Waiting for active requests to complete
2026-03-27T13:09:29.831+08:00  INFO 30304 --- [tomcat-shutdown] o.s.boot.tomcat.GracefulShutdown         : Graceful shutdown complete
2026-03-27T13:09:29.835+08:00  INFO 30304 --- [SpringApplicationShutdownHook] j.LocalContainerEntityManagerFactoryBean : Closing JPA EntityManagerFactory for persistence unit 'default'
2026-03-27T13:09:29.837+08:00  INFO 30304 --- [SpringApplicationShutdownHook] com.zaxxer.hikari.HikariDataSource       : HikariPool-1 - Shutdown initiated...
2026-03-27T13:09:29.841+08:00  INFO 30304 --- [SpringApplicationShutdownHook] com.zaxxer.hikari.HikariDataSource       : HikariPool-1 - Shutdown completed.
2026-03-27T13:09:31.404+08:00  INFO 61836 --- [restartedMain] c.l.Hospital_Mgmt_SB.Application         : Starting Application using Java 21.0.9 with PID 61836 (D:\New learning codes\SpringBoot Code\anujSharma\CodingShuttleProject\Hospital_Mgmt_SB\Hospital_Mgmt_SB\target\classes started by tauki in D:\New learning codes\SpringBoot Code\anujSharma\CodingShuttleProject\Hospital_Mgmt_SB)
2026-03-27T13:09:31.406+08:00  INFO 61836 --- [restartedMain] c.l.Hospital_Mgmt_SB.Application         : No active profile set, falling back to 1 default profile: "default"
2026-03-27T13:09:31.445+08:00  INFO 61836 --- [restartedMain] .e.DevToolsPropertyDefaultsPostProcessor : Devtools property defaults active! Set 'spring.devtools.add-properties' to 'false' to disable
2026-03-27T13:09:31.445+08:00  INFO 61836 --- [restartedMain] .e.DevToolsPropertyDefaultsPostProcessor : For additional web related logging consider setting the 'logging.level.web' property to 'DEBUG'
2026-03-27T13:09:32.098+08:00  INFO 61836 --- [restartedMain] .s.d.r.c.RepositoryConfigurationDelegate : Bootstrapping Spring Data JPA repositories in DEFAULT mode.
2026-03-27T13:09:32.155+08:00  INFO 61836 --- [restartedMain] .s.d.r.c.RepositoryConfigurationDelegate : Finished Spring Data repository scanning in 49 ms. Found 8 JPA repository interfaces.
2026-03-27T13:09:32.691+08:00  INFO 61836 --- [restartedMain] o.s.boot.tomcat.TomcatWebServer          : Tomcat initialized with port 8081 (http)
2026-03-27T13:09:32.703+08:00  INFO 61836 --- [restartedMain] o.apache.catalina.core.StandardService   : Starting service [Tomcat]
2026-03-27T13:09:32.704+08:00  INFO 61836 --- [restartedMain] o.apache.catalina.core.StandardEngine    : Starting Servlet engine: [Apache Tomcat/11.0.18]
2026-03-27T13:09:32.740+08:00  INFO 61836 --- [restartedMain] b.w.c.s.WebApplicationContextInitializer : Root WebApplicationContext: initialization completed in 1295 ms
2026-03-27T13:09:32.854+08:00  INFO 61836 --- [restartedMain] org.hibernate.orm.jpa                    : HHH008540: Processing PersistenceUnitInfo [name: default]
2026-03-27T13:09:32.889+08:00  INFO 61836 --- [restartedMain] org.hibernate.orm.core                   : HHH000001: Hibernate ORM core version 7.2.4.Final
2026-03-27T13:09:33.259+08:00  INFO 61836 --- [restartedMain] o.s.o.j.p.SpringPersistenceUnitInfo      : No LoadTimeWeaver setup: ignoring JPA class transformer
2026-03-27T13:09:33.280+08:00  INFO 61836 --- [restartedMain] com.zaxxer.hikari.HikariDataSource       : HikariPool-1 - Starting...
2026-03-27T13:09:33.401+08:00  INFO 61836 --- [restartedMain] com.zaxxer.hikari.pool.HikariPool        : HikariPool-1 - Added connection org.postgresql.jdbc.PgConnection@6f545826
2026-03-27T13:09:33.402+08:00  INFO 61836 --- [restartedMain] com.zaxxer.hikari.HikariDataSource       : HikariPool-1 - Start completed.
2026-03-27T13:09:33.447+08:00  INFO 61836 --- [restartedMain] org.hibernate.orm.connections.pooling    : HHH10001005: Database info:
	Database JDBC URL [jdbc:postgresql://localhost:5432/learnSpringBoot_hospitalDB]
	Database driver: PostgreSQL JDBC Driver
	Database dialect: PostgreSQLDialect
	Database version: 17.4
	Default catalog/schema: learnSpringBoot_hospitalDB/public
	Autocommit mode: undefined/unknown
	Isolation level: READ_COMMITTED [default READ_COMMITTED]
	JDBC fetch size: none
	Pool: DataSourceConnectionProvider
	Minimum pool size: undefined/unknown
	Maximum pool size: undefined/unknown
2026-03-27T13:09:34.203+08:00  INFO 61836 --- [restartedMain] org.hibernate.orm.core                   : HHH000489: No JTA platform available (set 'hibernate.transaction.jta.platform' to enable JTA platform integration)
2026-03-27T13:09:34.253+08:00  INFO 61836 --- [restartedMain] j.LocalContainerEntityManagerFactoryBean : Initialized JPA EntityManagerFactory for persistence unit 'default'
2026-03-27T13:09:34.300+08:00  INFO 61836 --- [restartedMain] o.s.d.j.r.query.QueryEnhancerFactories   : Hibernate is in classpath; If applicable, HQL parser will be used.
2026-03-27T13:09:34.428+08:00  WARN 61836 --- [restartedMain] JpaBaseConfiguration$JpaWebConfiguration : spring.jpa.open-in-view is enabled by default. Therefore, database queries may be performed during view rendering. Explicitly configure spring.jpa.open-in-view to disable this warning
2026-03-27T13:09:34.728+08:00  INFO 61836 --- [restartedMain] r$InitializeUserDetailsManagerConfigurer : Global AuthenticationManager configured with UserDetailsService bean with name customUserDetailsService
2026-03-27T13:09:35.897+08:00  INFO 61836 --- [restartedMain] o.s.boot.tomcat.TomcatWebServer          : Tomcat started on port 8081 (http) with context path '/api'
2026-03-27T13:09:35.903+08:00  INFO 61836 --- [restartedMain] c.l.Hospital_Mgmt_SB.Application         : Started Application in 4.878 seconds (process running for 5.284)
2026-03-27T13:09:44.422+08:00  INFO 61836 --- [http-nio-8081-exec-1] o.a.c.c.C.[Tomcat].[localhost].[/api]    : Initializing Spring DispatcherServlet 'dispatcherServlet'
2026-03-27T13:09:44.422+08:00  INFO 61836 --- [http-nio-8081-exec-1] o.s.web.servlet.DispatcherServlet        : Initializing Servlet 'dispatcherServlet'
2026-03-27T13:09:44.423+08:00  INFO 61836 --- [http-nio-8081-exec-1] o.s.web.servlet.DispatcherServlet        : Completed initialization in 1 ms
2026-03-27T13:09:44.435+08:00  INFO 61836 --- [http-nio-8081-exec-1] c.l.H.security.JwtAuthFilter             : Incoming request : /api/product
2026-03-27T13:09:44.452+08:00  INFO 61836 --- [http-nio-8081-exec-2] c.l.H.security.JwtAuthFilter             : Incoming request : /api/login
2026-03-27T13:09:44.462+08:00  INFO 61836 --- [http-nio-8081-exec-3] c.l.H.security.JwtAuthFilter             : Incoming request : /api/default-ui.css
2026-03-27T13:12:23.380+08:00  INFO 61836 --- [SpringApplicationShutdownHook] o.s.boot.tomcat.GracefulShutdown         : Commencing graceful shutdown. Waiting for active requests to complete
2026-03-27T13:12:23.394+08:00  INFO 61836 --- [tomcat-shutdown] o.s.boot.tomcat.GracefulShutdown         : Graceful shutdown complete
2026-03-27T13:12:23.397+08:00  INFO 61836 --- [SpringApplicationShutdownHook] j.LocalContainerEntityManagerFactoryBean : Closing JPA EntityManagerFactory for persistence unit 'default'
2026-03-27T13:12:23.401+08:00  INFO 61836 --- [SpringApplicationShutdownHook] com.zaxxer.hikari.HikariDataSource       : HikariPool-1 - Shutdown initiated...
2026-03-27T13:12:23.404+08:00  INFO 61836 --- [SpringApplicationShutdownHook] com.zaxxer.hikari.HikariDataSource       : HikariPool-1 - Shutdown completed.
2026-03-27T13:12:38.206+08:00  INFO 65872 --- [restartedMain] c.l.Hospital_Mgmt_SB.Application         : Starting Application using Java 21.0.9 with PID 65872 (D:\New learning codes\SpringBoot Code\anujSharma\CodingShuttleProject\Hospital_Mgmt_SB\Hospital_Mgmt_SB\target\classes started by tauki in D:\New learning codes\SpringBoot Code\anujSharma\CodingShuttleProject\Hospital_Mgmt_SB)
2026-03-27T13:12:38.208+08:00  INFO 65872 --- [restartedMain] c.l.Hospital_Mgmt_SB.Application         : No active profile set, falling back to 1 default profile: "default"
2026-03-27T13:12:38.245+08:00  INFO 65872 --- [restartedMain] .e.DevToolsPropertyDefaultsPostProcessor : Devtools property defaults active! Set 'spring.devtools.add-properties' to 'false' to disable
2026-03-27T13:12:38.245+08:00  INFO 65872 --- [restartedMain] .e.DevToolsPropertyDefaultsPostProcessor : For additional web related logging consider setting the 'logging.level.web' property to 'DEBUG'
2026-03-27T13:12:38.915+08:00  INFO 65872 --- [restartedMain] .s.d.r.c.RepositoryConfigurationDelegate : Bootstrapping Spring Data JPA repositories in DEFAULT mode.
2026-03-27T13:12:38.972+08:00  INFO 65872 --- [restartedMain] .s.d.r.c.RepositoryConfigurationDelegate : Finished Spring Data repository scanning in 49 ms. Found 8 JPA repository interfaces.
2026-03-27T13:12:39.550+08:00  INFO 65872 --- [restartedMain] o.s.boot.tomcat.TomcatWebServer          : Tomcat initialized with port 8081 (http)
2026-03-27T13:12:39.567+08:00  INFO 65872 --- [restartedMain] o.apache.catalina.core.StandardService   : Starting service [Tomcat]
2026-03-27T13:12:39.568+08:00  INFO 65872 --- [restartedMain] o.apache.catalina.core.StandardEngine    : Starting Servlet engine: [Apache Tomcat/11.0.18]
2026-03-27T13:12:39.617+08:00  INFO 65872 --- [restartedMain] b.w.c.s.WebApplicationContextInitializer : Root WebApplicationContext: initialization completed in 1372 ms
2026-03-27T13:12:39.842+08:00  INFO 65872 --- [restartedMain] org.hibernate.orm.jpa                    : HHH008540: Processing PersistenceUnitInfo [name: default]
2026-03-27T13:12:39.927+08:00  INFO 65872 --- [restartedMain] org.hibernate.orm.core                   : HHH000001: Hibernate ORM core version 7.2.4.Final
2026-03-27T13:12:40.340+08:00  INFO 65872 --- [restartedMain] o.s.o.j.p.SpringPersistenceUnitInfo      : No LoadTimeWeaver setup: ignoring JPA class transformer
2026-03-27T13:12:40.368+08:00  INFO 65872 --- [restartedMain] com.zaxxer.hikari.HikariDataSource       : HikariPool-1 - Starting...
2026-03-27T13:12:40.491+08:00  INFO 65872 --- [restartedMain] com.zaxxer.hikari.pool.HikariPool        : HikariPool-1 - Added connection org.postgresql.jdbc.PgConnection@40298f33
2026-03-27T13:12:40.493+08:00  INFO 65872 --- [restartedMain] com.zaxxer.hikari.HikariDataSource       : HikariPool-1 - Start completed.
2026-03-27T13:12:40.548+08:00  INFO 65872 --- [restartedMain] org.hibernate.orm.connections.pooling    : HHH10001005: Database info:
	Database JDBC URL [jdbc:postgresql://localhost:5432/learnSpringBoot_hospitalDB]
	Database driver: PostgreSQL JDBC Driver
	Database dialect: PostgreSQLDialect
	Database version: 17.4
	Default catalog/schema: learnSpringBoot_hospitalDB/public
	Autocommit mode: undefined/unknown
	Isolation level: READ_COMMITTED [default READ_COMMITTED]
	JDBC fetch size: none
	Pool: DataSourceConnectionProvider
	Minimum pool size: undefined/unknown
	Maximum pool size: undefined/unknown
2026-03-27T13:12:41.404+08:00  INFO 65872 --- [restartedMain] org.hibernate.orm.core                   : HHH000489: No JTA platform available (set 'hibernate.transaction.jta.platform' to enable JTA platform integration)
2026-03-27T13:12:41.460+08:00  INFO 65872 --- [restartedMain] j.LocalContainerEntityManagerFactoryBean : Initialized JPA EntityManagerFactory for persistence unit 'default'
2026-03-27T13:12:41.507+08:00  INFO 65872 --- [restartedMain] o.s.d.j.r.query.QueryEnhancerFactories   : Hibernate is in classpath; If applicable, HQL parser will be used.
2026-03-27T13:12:41.647+08:00  WARN 65872 --- [restartedMain] JpaBaseConfiguration$JpaWebConfiguration : spring.jpa.open-in-view is enabled by default. Therefore, database queries may be performed during view rendering. Explicitly configure spring.jpa.open-in-view to disable this warning
2026-03-27T13:12:42.005+08:00  INFO 65872 --- [restartedMain] r$InitializeUserDetailsManagerConfigurer : Global AuthenticationManager configured with UserDetailsService bean with name customUserDetailsService
2026-03-27T13:12:43.359+08:00  INFO 65872 --- [restartedMain] o.s.boot.tomcat.TomcatWebServer          : Tomcat started on port 8081 (http) with context path '/api'
2026-03-27T13:12:43.366+08:00  INFO 65872 --- [restartedMain] c.l.Hospital_Mgmt_SB.Application         : Started Application in 5.54 seconds (process running for 5.923)
2026-03-27T13:12:47.582+08:00  INFO 65872 --- [http-nio-8081-exec-1] o.a.c.c.C.[Tomcat].[localhost].[/api]    : Initializing Spring DispatcherServlet 'dispatcherServlet'
2026-03-27T13:12:47.583+08:00  INFO 65872 --- [http-nio-8081-exec-1] o.s.web.servlet.DispatcherServlet        : Initializing Servlet 'dispatcherServlet'
2026-03-27T13:12:47.584+08:00  INFO 65872 --- [http-nio-8081-exec-1] o.s.web.servlet.DispatcherServlet        : Completed initialization in 1 ms
2026-03-27T13:12:47.595+08:00  INFO 65872 --- [http-nio-8081-exec-1] c.l.H.security.JwtAuthFilter             : Incoming request : /api/public/employees/list
2026-03-27T13:12:49.349+08:00  INFO 65872 --- [http-nio-8081-exec-2] c.l.H.security.JwtAuthFilter             : Incoming request : /api/login
2026-03-27T13:12:49.375+08:00  INFO 65872 --- [http-nio-8081-exec-3] c.l.H.security.JwtAuthFilter             : Incoming request : /api/default-ui.css
2026-03-27T13:13:06.970+08:00  INFO 65872 --- [http-nio-8081-exec-7] c.l.H.security.JwtAuthFilter             : Incoming request : /api/login
2026-03-27T13:13:06.989+08:00  INFO 65872 --- [http-nio-8081-exec-8] c.l.H.security.JwtAuthFilter             : Incoming request : /api/default-ui.css
2026-03-27T13:16:29.481+08:00  INFO 65872 --- [File Watcher] rtingClassPathChangeChangedEventListener : Restarting due to 1 class path change (0 additions, 0 deletions, 1 modification)
2026-03-27T13:16:29.485+08:00  INFO 65872 --- [Thread-1] o.s.boot.tomcat.GracefulShutdown         : Commencing graceful shutdown. Waiting for active requests to complete
2026-03-27T13:16:29.500+08:00  INFO 65872 --- [tomcat-shutdown] o.s.boot.tomcat.GracefulShutdown         : Graceful shutdown complete
2026-03-27T13:16:29.504+08:00  INFO 65872 --- [Thread-1] j.LocalContainerEntityManagerFactoryBean : Closing JPA EntityManagerFactory for persistence unit 'default'
2026-03-27T13:16:29.507+08:00  INFO 65872 --- [Thread-1] com.zaxxer.hikari.HikariDataSource       : HikariPool-1 - Shutdown initiated...
2026-03-27T13:16:29.509+08:00  INFO 65872 --- [Thread-1] com.zaxxer.hikari.HikariDataSource       : HikariPool-1 - Shutdown completed.
2026-03-27T13:16:29.624+08:00  INFO 65872 --- [restartedMain] c.l.Hospital_Mgmt_SB.Application         : Starting Application using Java 21.0.9 with PID 65872 (D:\New learning codes\SpringBoot Code\anujSharma\CodingShuttleProject\Hospital_Mgmt_SB\Hospital_Mgmt_SB\target\classes started by tauki in D:\New learning codes\SpringBoot Code\anujSharma\CodingShuttleProject\Hospital_Mgmt_SB)
2026-03-27T13:16:29.624+08:00  INFO 65872 --- [restartedMain] c.l.Hospital_Mgmt_SB.Application         : No active profile set, falling back to 1 default profile: "default"
2026-03-27T13:16:29.840+08:00  INFO 65872 --- [restartedMain] .s.d.r.c.RepositoryConfigurationDelegate : Bootstrapping Spring Data JPA repositories in DEFAULT mode.
2026-03-27T13:16:29.873+08:00  INFO 65872 --- [restartedMain] .s.d.r.c.RepositoryConfigurationDelegate : Finished Spring Data repository scanning in 31 ms. Found 8 JPA repository interfaces.
2026-03-27T13:16:29.942+08:00  INFO 65872 --- [restartedMain] o.s.boot.tomcat.TomcatWebServer          : Tomcat initialized with port 8081 (http)
2026-03-27T13:16:29.943+08:00  INFO 65872 --- [restartedMain] o.apache.catalina.core.StandardService   : Starting service [Tomcat]
2026-03-27T13:16:29.944+08:00  INFO 65872 --- [restartedMain] o.apache.catalina.core.StandardEngine    : Starting Servlet engine: [Apache Tomcat/11.0.18]
2026-03-27T13:16:29.978+08:00  INFO 65872 --- [restartedMain] b.w.c.s.WebApplicationContextInitializer : Root WebApplicationContext: initialization completed in 352 ms
2026-03-27T13:16:30.003+08:00  INFO 65872 --- [restartedMain] org.hibernate.orm.jpa                    : HHH008540: Processing PersistenceUnitInfo [name: default]
2026-03-27T13:16:30.117+08:00  INFO 65872 --- [restartedMain] o.s.o.j.p.SpringPersistenceUnitInfo      : No LoadTimeWeaver setup: ignoring JPA class transformer
2026-03-27T13:16:30.118+08:00  INFO 65872 --- [restartedMain] com.zaxxer.hikari.HikariDataSource       : HikariPool-2 - Starting...
2026-03-27T13:16:30.153+08:00  INFO 65872 --- [restartedMain] com.zaxxer.hikari.pool.HikariPool        : HikariPool-2 - Added connection org.postgresql.jdbc.PgConnection@676b5434
2026-03-27T13:16:30.153+08:00  INFO 65872 --- [restartedMain] com.zaxxer.hikari.HikariDataSource       : HikariPool-2 - Start completed.
2026-03-27T13:16:30.163+08:00  INFO 65872 --- [restartedMain] org.hibernate.orm.connections.pooling    : HHH10001005: Database info:
	Database JDBC URL [jdbc:postgresql://localhost:5432/learnSpringBoot_hospitalDB]
	Database driver: PostgreSQL JDBC Driver
	Database dialect: PostgreSQLDialect
	Database version: 17.4
	Default catalog/schema: learnSpringBoot_hospitalDB/public
	Autocommit mode: undefined/unknown
	Isolation level: READ_COMMITTED [default READ_COMMITTED]
	JDBC fetch size: none
	Pool: DataSourceConnectionProvider
	Minimum pool size: undefined/unknown
	Maximum pool size: undefined/unknown
2026-03-27T13:16:30.445+08:00  INFO 65872 --- [restartedMain] org.hibernate.orm.core                   : HHH000489: No JTA platform available (set 'hibernate.transaction.jta.platform' to enable JTA platform integration)
2026-03-27T13:16:30.474+08:00  INFO 65872 --- [restartedMain] j.LocalContainerEntityManagerFactoryBean : Initialized JPA EntityManagerFactory for persistence unit 'default'
2026-03-27T13:16:30.499+08:00  WARN 65872 --- [restartedMain] JpaBaseConfiguration$JpaWebConfiguration : spring.jpa.open-in-view is enabled by default. Therefore, database queries may be performed during view rendering. Explicitly configure spring.jpa.open-in-view to disable this warning
2026-03-27T13:16:30.563+08:00  INFO 65872 --- [restartedMain] r$InitializeUserDetailsManagerConfigurer : Global AuthenticationManager configured with UserDetailsService bean with name customUserDetailsService
2026-03-27T13:16:30.833+08:00  INFO 65872 --- [restartedMain] o.s.boot.tomcat.TomcatWebServer          : Tomcat started on port 8081 (http) with context path '/api'
2026-03-27T13:16:30.836+08:00  INFO 65872 --- [restartedMain] c.l.Hospital_Mgmt_SB.Application         : Started Application in 1.258 seconds (process running for 233.393)
2026-03-27T13:16:30.839+08:00  INFO 65872 --- [restartedMain] .ConditionEvaluationDeltaLoggingListener : Condition evaluation unchanged
2026-03-27T13:20:32.346+08:00  INFO 65872 --- [SpringApplicationShutdownHook] o.s.boot.tomcat.GracefulShutdown         : Commencing graceful shutdown. Waiting for active requests to complete
2026-03-27T13:20:32.358+08:00  INFO 65872 --- [tomcat-shutdown] o.s.boot.tomcat.GracefulShutdown         : Graceful shutdown complete
2026-03-27T13:20:32.361+08:00  INFO 65872 --- [SpringApplicationShutdownHook] j.LocalContainerEntityManagerFactoryBean : Closing JPA EntityManagerFactory for persistence unit 'default'
2026-03-27T13:20:32.361+08:00  INFO 65872 --- [SpringApplicationShutdownHook] com.zaxxer.hikari.HikariDataSource       : HikariPool-2 - Shutdown initiated...
2026-03-27T13:20:32.363+08:00  INFO 65872 --- [SpringApplicationShutdownHook] com.zaxxer.hikari.HikariDataSource       : HikariPool-2 - Shutdown completed.
2026-03-27T13:20:49.317+08:00  INFO 68668 --- [restartedMain] c.l.Hospital_Mgmt_SB.Application         : Starting Application using Java 21.0.9 with PID 68668 (D:\New learning codes\SpringBoot Code\anujSharma\CodingShuttleProject\Hospital_Mgmt_SB\Hospital_Mgmt_SB\target\classes started by tauki in D:\New learning codes\SpringBoot Code\anujSharma\CodingShuttleProject\Hospital_Mgmt_SB)
2026-03-27T13:20:49.321+08:00  INFO 68668 --- [restartedMain] c.l.Hospital_Mgmt_SB.Application         : No active profile set, falling back to 1 default profile: "default"
2026-03-27T13:20:49.357+08:00  INFO 68668 --- [restartedMain] .e.DevToolsPropertyDefaultsPostProcessor : Devtools property defaults active! Set 'spring.devtools.add-properties' to 'false' to disable
2026-03-27T13:20:49.357+08:00  INFO 68668 --- [restartedMain] .e.DevToolsPropertyDefaultsPostProcessor : For additional web related logging consider setting the 'logging.level.web' property to 'DEBUG'
2026-03-27T13:20:49.983+08:00  INFO 68668 --- [restartedMain] .s.d.r.c.RepositoryConfigurationDelegate : Bootstrapping Spring Data JPA repositories in DEFAULT mode.
2026-03-27T13:20:50.040+08:00  INFO 68668 --- [restartedMain] .s.d.r.c.RepositoryConfigurationDelegate : Finished Spring Data repository scanning in 50 ms. Found 8 JPA repository interfaces.
2026-03-27T13:20:50.562+08:00  INFO 68668 --- [restartedMain] o.s.boot.tomcat.TomcatWebServer          : Tomcat initialized with port 8081 (http)
2026-03-27T13:20:50.574+08:00  INFO 68668 --- [restartedMain] o.apache.catalina.core.StandardService   : Starting service [Tomcat]
2026-03-27T13:20:50.575+08:00  INFO 68668 --- [restartedMain] o.apache.catalina.core.StandardEngine    : Starting Servlet engine: [Apache Tomcat/11.0.18]
2026-03-27T13:20:50.614+08:00  INFO 68668 --- [restartedMain] b.w.c.s.WebApplicationContextInitializer : Root WebApplicationContext: initialization completed in 1255 ms
2026-03-27T13:20:50.721+08:00  INFO 68668 --- [restartedMain] org.hibernate.orm.jpa                    : HHH008540: Processing PersistenceUnitInfo [name: default]
2026-03-27T13:20:50.756+08:00  INFO 68668 --- [restartedMain] org.hibernate.orm.core                   : HHH000001: Hibernate ORM core version 7.2.4.Final
2026-03-27T13:20:51.084+08:00  INFO 68668 --- [restartedMain] o.s.o.j.p.SpringPersistenceUnitInfo      : No LoadTimeWeaver setup: ignoring JPA class transformer
2026-03-27T13:20:51.100+08:00  INFO 68668 --- [restartedMain] com.zaxxer.hikari.HikariDataSource       : HikariPool-1 - Starting...
2026-03-27T13:20:51.214+08:00  INFO 68668 --- [restartedMain] com.zaxxer.hikari.pool.HikariPool        : HikariPool-1 - Added connection org.postgresql.jdbc.PgConnection@2c28558e
2026-03-27T13:20:51.215+08:00  INFO 68668 --- [restartedMain] com.zaxxer.hikari.HikariDataSource       : HikariPool-1 - Start completed.
2026-03-27T13:20:51.258+08:00  INFO 68668 --- [restartedMain] org.hibernate.orm.connections.pooling    : HHH10001005: Database info:
	Database JDBC URL [jdbc:postgresql://localhost:5432/learnSpringBoot_hospitalDB]
	Database driver: PostgreSQL JDBC Driver
	Database dialect: PostgreSQLDialect
	Database version: 17.4
	Default catalog/schema: learnSpringBoot_hospitalDB/public
	Autocommit mode: undefined/unknown
	Isolation level: READ_COMMITTED [default READ_COMMITTED]
	JDBC fetch size: none
	Pool: DataSourceConnectionProvider
	Minimum pool size: undefined/unknown
	Maximum pool size: undefined/unknown
2026-03-27T13:20:52.033+08:00  INFO 68668 --- [restartedMain] org.hibernate.orm.core                   : HHH000489: No JTA platform available (set 'hibernate.transaction.jta.platform' to enable JTA platform integration)
2026-03-27T13:20:52.083+08:00  INFO 68668 --- [restartedMain] j.LocalContainerEntityManagerFactoryBean : Initialized JPA EntityManagerFactory for persistence unit 'default'
2026-03-27T13:20:52.129+08:00  INFO 68668 --- [restartedMain] o.s.d.j.r.query.QueryEnhancerFactories   : Hibernate is in classpath; If applicable, HQL parser will be used.
2026-03-27T13:20:52.255+08:00  WARN 68668 --- [restartedMain] JpaBaseConfiguration$JpaWebConfiguration : spring.jpa.open-in-view is enabled by default. Therefore, database queries may be performed during view rendering. Explicitly configure spring.jpa.open-in-view to disable this warning
2026-03-27T13:20:52.561+08:00  INFO 68668 --- [restartedMain] r$InitializeUserDetailsManagerConfigurer : Global AuthenticationManager configured with UserDetailsService bean with name customUserDetailsService
2026-03-27T13:20:53.911+08:00  INFO 68668 --- [restartedMain] o.s.boot.tomcat.TomcatWebServer          : Tomcat started on port 8081 (http) with context path '/api'
2026-03-27T13:20:53.918+08:00  INFO 68668 --- [restartedMain] c.l.Hospital_Mgmt_SB.Application         : Started Application in 4.968 seconds (process running for 5.347)
2026-03-27T13:21:13.137+08:00  INFO 68668 --- [http-nio-8081-exec-1] o.a.c.c.C.[Tomcat].[localhost].[/api]    : Initializing Spring DispatcherServlet 'dispatcherServlet'
2026-03-27T13:21:13.138+08:00  INFO 68668 --- [http-nio-8081-exec-1] o.s.web.servlet.DispatcherServlet        : Initializing Servlet 'dispatcherServlet'
2026-03-27T13:21:13.139+08:00  INFO 68668 --- [http-nio-8081-exec-1] o.s.web.servlet.DispatcherServlet        : Completed initialization in 1 ms
2026-03-27T13:21:13.156+08:00  INFO 68668 --- [http-nio-8081-exec-1] c.l.H.security.JwtAuthFilter             : Incoming request : /api/product
2026-03-27T13:21:13.172+08:00  INFO 68668 --- [http-nio-8081-exec-3] c.l.H.security.JwtAuthFilter             : Incoming request : /api/login
2026-03-27T13:21:13.187+08:00  INFO 68668 --- [http-nio-8081-exec-2] c.l.H.security.JwtAuthFilter             : Incoming request : /api/default-ui.css
2026-03-27T13:21:18.935+08:00  INFO 68668 --- [http-nio-8081-exec-4] c.l.H.security.JwtAuthFilter             : Incoming request : /api/public/employees/list
2026-03-27T13:21:23.650+08:00  INFO 68668 --- [http-nio-8081-exec-5] c.l.H.security.JwtAuthFilter             : Incoming request : /api/login
2026-03-27T13:21:23.661+08:00  INFO 68668 --- [http-nio-8081-exec-7] c.l.H.security.JwtAuthFilter             : Incoming request : /api/default-ui.css
2026-03-27T13:21:32.465+08:00  INFO 68668 --- [http-nio-8081-exec-8] c.l.H.security.JwtAuthFilter             : Incoming request : /api/login
2026-03-27T13:21:32.473+08:00  INFO 68668 --- [http-nio-8081-exec-9] c.l.H.security.JwtAuthFilter             : Incoming request : /api/default-ui.css
2026-03-27T13:29:53.520+08:00 ERROR 68668 --- [http-nio-8081-exec-2] c.l.H.security.WebSecurityConfig         : [invalid_request] 
2026-03-27T13:29:57.723+08:00 ERROR 68668 --- [http-nio-8081-exec-4] c.l.H.security.WebSecurityConfig         : [invalid_request] 
2026-03-27T13:30:00.279+08:00  INFO 68668 --- [http-nio-8081-exec-5] c.l.H.security.JwtAuthFilter             : Incoming request : /api/public/employees/list
2026-03-27T13:30:00.743+08:00  INFO 68668 --- [http-nio-8081-exec-7] c.l.H.security.JwtAuthFilter             : Incoming request : /api/public/employees/list
2026-03-27T13:30:05.833+08:00  INFO 68668 --- [http-nio-8081-exec-6] c.l.H.security.JwtAuthFilter             : Incoming request : /api/login
2026-03-27T13:30:05.852+08:00  INFO 68668 --- [http-nio-8081-exec-8] c.l.H.security.JwtAuthFilter             : Incoming request : /api/default-ui.css
2026-03-27T13:30:10.128+08:00 ERROR 68668 --- [http-nio-8081-exec-10] c.l.H.security.WebSecurityConfig         : [invalid_request] 
2026-03-27T13:30:10.470+08:00 ERROR 68668 --- [http-nio-8081-exec-1] c.l.H.security.WebSecurityConfig         : [invalid_request] 
2026-03-27T13:30:10.687+08:00 ERROR 68668 --- [http-nio-8081-exec-3] c.l.H.security.WebSecurityConfig         : [invalid_request] 
2026-03-27T13:30:10.873+08:00 ERROR 68668 --- [http-nio-8081-exec-2] c.l.H.security.WebSecurityConfig         : [invalid_request] 
2026-03-27T13:32:17.507+08:00  INFO 68668 --- [http-nio-8081-exec-7] c.l.H.security.JwtAuthFilter             : Incoming request : /api/login/
2026-03-27T13:32:17.509+08:00  INFO 68668 --- [http-nio-8081-exec-6] c.l.H.security.JwtAuthFilter             : Incoming request : /api/login
2026-03-27T13:32:17.529+08:00  INFO 68668 --- [http-nio-8081-exec-8] c.l.H.security.JwtAuthFilter             : Incoming request : /api/default-ui.css
2026-03-27T13:37:16.176+08:00  INFO 68668 --- [File Watcher] rtingClassPathChangeChangedEventListener : Restarting due to 1 class path change (0 additions, 1 deletion, 0 modifications)
2026-03-27T13:37:16.184+08:00  INFO 68668 --- [Thread-1] o.s.boot.tomcat.GracefulShutdown         : Commencing graceful shutdown. Waiting for active requests to complete
2026-03-27T13:37:16.198+08:00  INFO 68668 --- [tomcat-shutdown] o.s.boot.tomcat.GracefulShutdown         : Graceful shutdown complete
2026-03-27T13:37:16.203+08:00  INFO 68668 --- [Thread-1] j.LocalContainerEntityManagerFactoryBean : Closing JPA EntityManagerFactory for persistence unit 'default'
2026-03-27T13:37:16.208+08:00  INFO 68668 --- [Thread-1] com.zaxxer.hikari.HikariDataSource       : HikariPool-1 - Shutdown initiated...
2026-03-27T13:37:16.210+08:00  INFO 68668 --- [Thread-1] com.zaxxer.hikari.HikariDataSource       : HikariPool-1 - Shutdown completed.
2026-03-27T13:37:16.290+08:00  INFO 68668 --- [restartedMain] c.l.Hospital_Mgmt_SB.Application         : Starting Application using Java 21.0.9 with PID 68668 (D:\New learning codes\SpringBoot Code\anujSharma\CodingShuttleProject\Hospital_Mgmt_SB\Hospital_Mgmt_SB\target\classes started by tauki in D:\New learning codes\SpringBoot Code\anujSharma\CodingShuttleProject\Hospital_Mgmt_SB)
2026-03-27T13:37:16.290+08:00  INFO 68668 --- [restartedMain] c.l.Hospital_Mgmt_SB.Application         : No active profile set, falling back to 1 default profile: "default"
2026-03-27T13:37:16.418+08:00  INFO 68668 --- [restartedMain] .s.d.r.c.RepositoryConfigurationDelegate : Bootstrapping Spring Data JPA repositories in DEFAULT mode.
2026-03-27T13:37:16.443+08:00  INFO 68668 --- [restartedMain] .s.d.r.c.RepositoryConfigurationDelegate : Finished Spring Data repository scanning in 23 ms. Found 8 JPA repository interfaces.
2026-03-27T13:37:16.521+08:00  INFO 68668 --- [restartedMain] o.s.boot.tomcat.TomcatWebServer          : Tomcat initialized with port 8081 (http)
2026-03-27T13:37:16.521+08:00  INFO 68668 --- [restartedMain] o.apache.catalina.core.StandardService   : Starting service [Tomcat]
2026-03-27T13:37:16.521+08:00  INFO 68668 --- [restartedMain] o.apache.catalina.core.StandardEngine    : Starting Servlet engine: [Apache Tomcat/11.0.18]
2026-03-27T13:37:16.536+08:00  INFO 68668 --- [restartedMain] b.w.c.s.WebApplicationContextInitializer : Root WebApplicationContext: initialization completed in 244 ms
2026-03-27T13:37:16.559+08:00  INFO 68668 --- [restartedMain] org.hibernate.orm.jpa                    : HHH008540: Processing PersistenceUnitInfo [name: default]
2026-03-27T13:37:16.587+08:00  INFO 68668 --- [restartedMain] o.s.o.j.p.SpringPersistenceUnitInfo      : No LoadTimeWeaver setup: ignoring JPA class transformer
2026-03-27T13:37:16.588+08:00  INFO 68668 --- [restartedMain] com.zaxxer.hikari.HikariDataSource       : HikariPool-2 - Starting...
2026-03-27T13:37:16.613+08:00  INFO 68668 --- [restartedMain] com.zaxxer.hikari.pool.HikariPool        : HikariPool-2 - Added connection org.postgresql.jdbc.PgConnection@32441e04
2026-03-27T13:37:16.613+08:00  INFO 68668 --- [restartedMain] com.zaxxer.hikari.HikariDataSource       : HikariPool-2 - Start completed.
2026-03-27T13:37:16.623+08:00  INFO 68668 --- [restartedMain] org.hibernate.orm.connections.pooling    : HHH10001005: Database info:
	Database JDBC URL [jdbc:postgresql://localhost:5432/learnSpringBoot_hospitalDB]
	Database driver: PostgreSQL JDBC Driver
	Database dialect: PostgreSQLDialect
	Database version: 17.4
	Default catalog/schema: learnSpringBoot_hospitalDB/public
	Autocommit mode: undefined/unknown
	Isolation level: READ_COMMITTED [default READ_COMMITTED]
	JDBC fetch size: none
	Pool: DataSourceConnectionProvider
	Minimum pool size: undefined/unknown
	Maximum pool size: undefined/unknown
2026-03-27T13:37:16.748+08:00  INFO 68668 --- [restartedMain] org.hibernate.orm.core                   : HHH000489: No JTA platform available (set 'hibernate.transaction.jta.platform' to enable JTA platform integration)
2026-03-27T13:37:16.771+08:00  INFO 68668 --- [restartedMain] j.LocalContainerEntityManagerFactoryBean : Initialized JPA EntityManagerFactory for persistence unit 'default'
2026-03-27T13:37:16.792+08:00  WARN 68668 --- [restartedMain] JpaBaseConfiguration$JpaWebConfiguration : spring.jpa.open-in-view is enabled by default. Therefore, database queries may be performed during view rendering. Explicitly configure spring.jpa.open-in-view to disable this warning
2026-03-27T13:37:16.833+08:00  INFO 68668 --- [restartedMain] r$InitializeUserDetailsManagerConfigurer : Global AuthenticationManager configured with UserDetailsService bean with name customUserDetailsService
2026-03-27T13:37:17.001+08:00  INFO 68668 --- [restartedMain] o.s.boot.tomcat.TomcatWebServer          : Tomcat started on port 8081 (http) with context path '/api'
2026-03-27T13:37:17.003+08:00  INFO 68668 --- [restartedMain] c.l.Hospital_Mgmt_SB.Application         : Started Application in 0.731 seconds (process running for 988.432)
2026-03-27T13:37:17.004+08:00  INFO 68668 --- [restartedMain] .ConditionEvaluationDeltaLoggingListener : Condition evaluation unchanged
2026-03-27T13:37:41.917+08:00  INFO 68668 --- [SpringApplicationShutdownHook] o.s.boot.tomcat.GracefulShutdown         : Commencing graceful shutdown. Waiting for active requests to complete
2026-03-27T13:37:41.930+08:00  INFO 68668 --- [tomcat-shutdown] o.s.boot.tomcat.GracefulShutdown         : Graceful shutdown complete
2026-03-27T13:37:41.933+08:00  INFO 68668 --- [SpringApplicationShutdownHook] j.LocalContainerEntityManagerFactoryBean : Closing JPA EntityManagerFactory for persistence unit 'default'
2026-03-27T13:37:41.934+08:00  INFO 68668 --- [SpringApplicationShutdownHook] com.zaxxer.hikari.HikariDataSource       : HikariPool-2 - Shutdown initiated...
2026-03-27T13:37:41.936+08:00  INFO 68668 --- [SpringApplicationShutdownHook] com.zaxxer.hikari.HikariDataSource       : HikariPool-2 - Shutdown completed.
2026-03-27T13:37:44.446+08:00  INFO 67812 --- [restartedMain] c.l.H.Hospital_Management_Application    : Starting Hospital_Management_Application using Java 21.0.9 with PID 67812 (D:\New learning codes\SpringBoot Code\anujSharma\CodingShuttleProject\Hospital_Mgmt_SB\Hospital_Mgmt_SB\target\classes started by tauki in D:\New learning codes\SpringBoot Code\anujSharma\CodingShuttleProject\Hospital_Mgmt_SB)
2026-03-27T13:37:44.450+08:00  INFO 67812 --- [restartedMain] c.l.H.Hospital_Management_Application    : No active profile set, falling back to 1 default profile: "default"
2026-03-27T13:37:44.490+08:00  INFO 67812 --- [restartedMain] .e.DevToolsPropertyDefaultsPostProcessor : Devtools property defaults active! Set 'spring.devtools.add-properties' to 'false' to disable
2026-03-27T13:37:44.490+08:00  INFO 67812 --- [restartedMain] .e.DevToolsPropertyDefaultsPostProcessor : For additional web related logging consider setting the 'logging.level.web' property to 'DEBUG'
2026-03-27T13:37:45.088+08:00  INFO 67812 --- [restartedMain] .s.d.r.c.RepositoryConfigurationDelegate : Bootstrapping Spring Data JPA repositories in DEFAULT mode.
2026-03-27T13:37:45.149+08:00  INFO 67812 --- [restartedMain] .s.d.r.c.RepositoryConfigurationDelegate : Finished Spring Data repository scanning in 53 ms. Found 8 JPA repository interfaces.
2026-03-27T13:37:45.702+08:00  INFO 67812 --- [restartedMain] o.s.boot.tomcat.TomcatWebServer          : Tomcat initialized with port 8081 (http)
2026-03-27T13:37:45.715+08:00  INFO 67812 --- [restartedMain] o.apache.catalina.core.StandardService   : Starting service [Tomcat]
2026-03-27T13:37:45.716+08:00  INFO 67812 --- [restartedMain] o.apache.catalina.core.StandardEngine    : Starting Servlet engine: [Apache Tomcat/11.0.18]
2026-03-27T13:37:45.753+08:00  INFO 67812 --- [restartedMain] b.w.c.s.WebApplicationContextInitializer : Root WebApplicationContext: initialization completed in 1263 ms
2026-03-27T13:37:45.933+08:00  INFO 67812 --- [restartedMain] org.hibernate.orm.jpa                    : HHH008540: Processing PersistenceUnitInfo [name: default]
2026-03-27T13:37:45.989+08:00  INFO 67812 --- [restartedMain] org.hibernate.orm.core                   : HHH000001: Hibernate ORM core version 7.2.4.Final
2026-03-27T13:37:46.364+08:00  INFO 67812 --- [restartedMain] o.s.o.j.p.SpringPersistenceUnitInfo      : No LoadTimeWeaver setup: ignoring JPA class transformer
2026-03-27T13:37:46.384+08:00  INFO 67812 --- [restartedMain] com.zaxxer.hikari.HikariDataSource       : HikariPool-1 - Starting...
2026-03-27T13:37:46.508+08:00  INFO 67812 --- [restartedMain] com.zaxxer.hikari.pool.HikariPool        : HikariPool-1 - Added connection org.postgresql.jdbc.PgConnection@2c28558e
2026-03-27T13:37:46.509+08:00  INFO 67812 --- [restartedMain] com.zaxxer.hikari.HikariDataSource       : HikariPool-1 - Start completed.
2026-03-27T13:37:46.564+08:00  INFO 67812 --- [restartedMain] org.hibernate.orm.connections.pooling    : HHH10001005: Database info:
	Database JDBC URL [jdbc:postgresql://localhost:5432/learnSpringBoot_hospitalDB]
	Database driver: PostgreSQL JDBC Driver
	Database dialect: PostgreSQLDialect
	Database version: 17.4
	Default catalog/schema: learnSpringBoot_hospitalDB/public
	Autocommit mode: undefined/unknown
	Isolation level: READ_COMMITTED [default READ_COMMITTED]
	JDBC fetch size: none
	Pool: DataSourceConnectionProvider
	Minimum pool size: undefined/unknown
	Maximum pool size: undefined/unknown
2026-03-27T13:37:47.352+08:00  INFO 67812 --- [restartedMain] org.hibernate.orm.core                   : HHH000489: No JTA platform available (set 'hibernate.transaction.jta.platform' to enable JTA platform integration)
2026-03-27T13:37:47.405+08:00  INFO 67812 --- [restartedMain] j.LocalContainerEntityManagerFactoryBean : Initialized JPA EntityManagerFactory for persistence unit 'default'
2026-03-27T13:37:47.454+08:00  INFO 67812 --- [restartedMain] o.s.d.j.r.query.QueryEnhancerFactories   : Hibernate is in classpath; If applicable, HQL parser will be used.
2026-03-27T13:37:47.588+08:00  WARN 67812 --- [restartedMain] JpaBaseConfiguration$JpaWebConfiguration : spring.jpa.open-in-view is enabled by default. Therefore, database queries may be performed during view rendering. Explicitly configure spring.jpa.open-in-view to disable this warning
2026-03-27T13:37:47.890+08:00  INFO 67812 --- [restartedMain] r$InitializeUserDetailsManagerConfigurer : Global AuthenticationManager configured with UserDetailsService bean with name customUserDetailsService
2026-03-27T13:37:49.224+08:00  INFO 67812 --- [restartedMain] o.s.boot.tomcat.TomcatWebServer          : Tomcat started on port 8081 (http) with context path '/api'
2026-03-27T13:37:49.230+08:00  INFO 67812 --- [restartedMain] c.l.H.Hospital_Management_Application    : Started Hospital_Management_Application in 5.148 seconds (process running for 5.551)
2026-03-27T13:38:04.113+08:00  INFO 67812 --- [http-nio-8081-exec-1] o.a.c.c.C.[Tomcat].[localhost].[/api]    : Initializing Spring DispatcherServlet 'dispatcherServlet'
2026-03-27T13:38:04.113+08:00  INFO 67812 --- [http-nio-8081-exec-1] o.s.web.servlet.DispatcherServlet        : Initializing Servlet 'dispatcherServlet'
2026-03-27T13:38:04.114+08:00  INFO 67812 --- [http-nio-8081-exec-1] o.s.web.servlet.DispatcherServlet        : Completed initialization in 1 ms
2026-03-27T13:38:04.126+08:00  INFO 67812 --- [http-nio-8081-exec-1] c.l.H.security.JwtAuthFilter             : Incoming request : /api/public/employees/list
2026-03-27T13:38:05.125+08:00  INFO 67812 --- [http-nio-8081-exec-2] c.l.H.security.JwtAuthFilter             : Incoming request : /api/public/employees/list
2026-03-27T13:38:05.368+08:00  INFO 67812 --- [http-nio-8081-exec-3] c.l.H.security.JwtAuthFilter             : Incoming request : /api/public/employees/list
2026-03-27T13:38:05.558+08:00  INFO 67812 --- [http-nio-8081-exec-4] c.l.H.security.JwtAuthFilter             : Incoming request : /api/public/employees/list
2026-03-27T13:38:06.828+08:00  INFO 67812 --- [http-nio-8081-exec-5] c.l.H.security.JwtAuthFilter             : Incoming request : /api/public/employees/list
2026-03-27T13:38:07.048+08:00  INFO 67812 --- [http-nio-8081-exec-6] c.l.H.security.JwtAuthFilter             : Incoming request : /api/public/employees/list
2026-03-27T13:38:07.283+08:00  INFO 67812 --- [http-nio-8081-exec-7] c.l.H.security.JwtAuthFilter             : Incoming request : /api/public/employees/list
2026-03-27T13:38:07.495+08:00  INFO 67812 --- [http-nio-8081-exec-8] c.l.H.security.JwtAuthFilter             : Incoming request : /api/public/employees/list
2026-03-27T13:38:07.684+08:00  INFO 67812 --- [http-nio-8081-exec-9] c.l.H.security.JwtAuthFilter             : Incoming request : /api/public/employees/list
2026-03-27T13:38:12.118+08:00  INFO 67812 --- [http-nio-8081-exec-10] c.l.H.security.JwtAuthFilter             : Incoming request : /api/login
2026-03-27T13:38:12.131+08:00  INFO 67812 --- [http-nio-8081-exec-1] c.l.H.security.JwtAuthFilter             : Incoming request : /api/default-ui.css
2026-03-27T13:40:01.985+08:00  INFO 67812 --- [File Watcher] rtingClassPathChangeChangedEventListener : Restarting due to 1 class path change (0 additions, 0 deletions, 1 modification)
2026-03-27T13:40:01.989+08:00  INFO 67812 --- [Thread-1] o.s.boot.tomcat.GracefulShutdown         : Commencing graceful shutdown. Waiting for active requests to complete
2026-03-27T13:40:02.000+08:00  INFO 67812 --- [tomcat-shutdown] o.s.boot.tomcat.GracefulShutdown         : Graceful shutdown complete
2026-03-27T13:40:02.004+08:00  INFO 67812 --- [Thread-1] j.LocalContainerEntityManagerFactoryBean : Closing JPA EntityManagerFactory for persistence unit 'default'
2026-03-27T13:40:02.006+08:00  INFO 67812 --- [Thread-1] com.zaxxer.hikari.HikariDataSource       : HikariPool-1 - Shutdown initiated...
2026-03-27T13:40:02.009+08:00  INFO 67812 --- [Thread-1] com.zaxxer.hikari.HikariDataSource       : HikariPool-1 - Shutdown completed.
2026-03-27T13:40:02.090+08:00  INFO 67812 --- [restartedMain] c.l.H.Hospital_Management_Application    : Starting Hospital_Management_Application using Java 21.0.9 with PID 67812 (D:\New learning codes\SpringBoot Code\anujSharma\CodingShuttleProject\Hospital_Mgmt_SB\Hospital_Mgmt_SB\target\classes started by tauki in D:\New learning codes\SpringBoot Code\anujSharma\CodingShuttleProject\Hospital_Mgmt_SB)
2026-03-27T13:40:02.090+08:00  INFO 67812 --- [restartedMain] c.l.H.Hospital_Management_Application    : No active profile set, falling back to 1 default profile: "default"
2026-03-27T13:40:02.191+08:00  INFO 67812 --- [restartedMain] .s.d.r.c.RepositoryConfigurationDelegate : Bootstrapping Spring Data JPA repositories in DEFAULT mode.
2026-03-27T13:40:02.213+08:00  INFO 67812 --- [restartedMain] .s.d.r.c.RepositoryConfigurationDelegate : Finished Spring Data repository scanning in 21 ms. Found 8 JPA repository interfaces.
2026-03-27T13:40:02.288+08:00  INFO 67812 --- [restartedMain] o.s.boot.tomcat.TomcatWebServer          : Tomcat initialized with port 8081 (http)
2026-03-27T13:40:02.288+08:00  INFO 67812 --- [restartedMain] o.apache.catalina.core.StandardService   : Starting service [Tomcat]
2026-03-27T13:40:02.289+08:00  INFO 67812 --- [restartedMain] o.apache.catalina.core.StandardEngine    : Starting Servlet engine: [Apache Tomcat/11.0.18]
2026-03-27T13:40:02.307+08:00  INFO 67812 --- [restartedMain] b.w.c.s.WebApplicationContextInitializer : Root WebApplicationContext: initialization completed in 216 ms
2026-03-27T13:40:02.325+08:00  INFO 67812 --- [restartedMain] org.hibernate.orm.jpa                    : HHH008540: Processing PersistenceUnitInfo [name: default]
2026-03-27T13:40:02.374+08:00  INFO 67812 --- [restartedMain] o.s.o.j.p.SpringPersistenceUnitInfo      : No LoadTimeWeaver setup: ignoring JPA class transformer
2026-03-27T13:40:02.375+08:00  INFO 67812 --- [restartedMain] com.zaxxer.hikari.HikariDataSource       : HikariPool-2 - Starting...
2026-03-27T13:40:02.406+08:00  INFO 67812 --- [restartedMain] com.zaxxer.hikari.pool.HikariPool        : HikariPool-2 - Added connection org.postgresql.jdbc.PgConnection@3d1bf912
2026-03-27T13:40:02.407+08:00  INFO 67812 --- [restartedMain] com.zaxxer.hikari.HikariDataSource       : HikariPool-2 - Start completed.
2026-03-27T13:40:02.419+08:00  INFO 67812 --- [restartedMain] org.hibernate.orm.connections.pooling    : HHH10001005: Database info:
	Database JDBC URL [jdbc:postgresql://localhost:5432/learnSpringBoot_hospitalDB]
	Database driver: PostgreSQL JDBC Driver
	Database dialect: PostgreSQLDialect
	Database version: 17.4
	Default catalog/schema: learnSpringBoot_hospitalDB/public
	Autocommit mode: undefined/unknown
	Isolation level: READ_COMMITTED [default READ_COMMITTED]
	JDBC fetch size: none
	Pool: DataSourceConnectionProvider
	Minimum pool size: undefined/unknown
	Maximum pool size: undefined/unknown
2026-03-27T13:40:02.563+08:00  INFO 67812 --- [restartedMain] org.hibernate.orm.core                   : HHH000489: No JTA platform available (set 'hibernate.transaction.jta.platform' to enable JTA platform integration)
2026-03-27T13:40:02.591+08:00  INFO 67812 --- [restartedMain] j.LocalContainerEntityManagerFactoryBean : Initialized JPA EntityManagerFactory for persistence unit 'default'
2026-03-27T13:40:02.618+08:00  WARN 67812 --- [restartedMain] JpaBaseConfiguration$JpaWebConfiguration : spring.jpa.open-in-view is enabled by default. Therefore, database queries may be performed during view rendering. Explicitly configure spring.jpa.open-in-view to disable this warning
2026-03-27T13:40:02.684+08:00  INFO 67812 --- [restartedMain] r$InitializeUserDetailsManagerConfigurer : Global AuthenticationManager configured with UserDetailsService bean with name customUserDetailsService
2026-03-27T13:40:02.837+08:00  INFO 67812 --- [restartedMain] o.s.boot.tomcat.TomcatWebServer          : Tomcat started on port 8081 (http) with context path '/api'
2026-03-27T13:40:02.839+08:00  INFO 67812 --- [restartedMain] c.l.H.Hospital_Management_Application    : Started Hospital_Management_Application in 0.767 seconds (process running for 139.161)
2026-03-27T13:40:02.843+08:00  INFO 67812 --- [restartedMain] .ConditionEvaluationDeltaLoggingListener : Condition evaluation unchanged
2026-03-27T13:40:19.385+08:00  INFO 67812 --- [SpringApplicationShutdownHook] o.s.boot.tomcat.GracefulShutdown         : Commencing graceful shutdown. Waiting for active requests to complete
2026-03-27T13:40:19.400+08:00  INFO 67812 --- [tomcat-shutdown] o.s.boot.tomcat.GracefulShutdown         : Graceful shutdown complete
2026-03-27T13:40:19.403+08:00  INFO 67812 --- [SpringApplicationShutdownHook] j.LocalContainerEntityManagerFactoryBean : Closing JPA EntityManagerFactory for persistence unit 'default'
2026-03-27T13:40:19.403+08:00  INFO 67812 --- [SpringApplicationShutdownHook] com.zaxxer.hikari.HikariDataSource       : HikariPool-2 - Shutdown initiated...
2026-03-27T13:40:19.406+08:00  INFO 67812 --- [SpringApplicationShutdownHook] com.zaxxer.hikari.HikariDataSource       : HikariPool-2 - Shutdown completed.
2026-03-27T13:40:20.743+08:00  INFO 24552 --- [restartedMain] c.l.H.Hospital_Management_Application    : Starting Hospital_Management_Application using Java 21.0.9 with PID 24552 (D:\New learning codes\SpringBoot Code\anujSharma\CodingShuttleProject\Hospital_Mgmt_SB\Hospital_Mgmt_SB\target\classes started by tauki in D:\New learning codes\SpringBoot Code\anujSharma\CodingShuttleProject\Hospital_Mgmt_SB)
2026-03-27T13:40:20.746+08:00  INFO 24552 --- [restartedMain] c.l.H.Hospital_Management_Application    : No active profile set, falling back to 1 default profile: "default"
2026-03-27T13:40:20.784+08:00  INFO 24552 --- [restartedMain] .e.DevToolsPropertyDefaultsPostProcessor : Devtools property defaults active! Set 'spring.devtools.add-properties' to 'false' to disable
2026-03-27T13:40:20.784+08:00  INFO 24552 --- [restartedMain] .e.DevToolsPropertyDefaultsPostProcessor : For additional web related logging consider setting the 'logging.level.web' property to 'DEBUG'
2026-03-27T13:40:21.379+08:00  INFO 24552 --- [restartedMain] .s.d.r.c.RepositoryConfigurationDelegate : Bootstrapping Spring Data JPA repositories in DEFAULT mode.
2026-03-27T13:40:21.435+08:00  INFO 24552 --- [restartedMain] .s.d.r.c.RepositoryConfigurationDelegate : Finished Spring Data repository scanning in 49 ms. Found 8 JPA repository interfaces.
2026-03-27T13:40:21.955+08:00  INFO 24552 --- [restartedMain] o.s.boot.tomcat.TomcatWebServer          : Tomcat initialized with port 8081 (http)
2026-03-27T13:40:21.972+08:00  INFO 24552 --- [restartedMain] o.apache.catalina.core.StandardService   : Starting service [Tomcat]
2026-03-27T13:40:21.973+08:00  INFO 24552 --- [restartedMain] o.apache.catalina.core.StandardEngine    : Starting Servlet engine: [Apache Tomcat/11.0.18]
2026-03-27T13:40:22.011+08:00  INFO 24552 --- [restartedMain] b.w.c.s.WebApplicationContextInitializer : Root WebApplicationContext: initialization completed in 1227 ms
2026-03-27T13:40:22.182+08:00  INFO 24552 --- [restartedMain] org.hibernate.orm.jpa                    : HHH008540: Processing PersistenceUnitInfo [name: default]
2026-03-27T13:40:22.239+08:00  INFO 24552 --- [restartedMain] org.hibernate.orm.core                   : HHH000001: Hibernate ORM core version 7.2.4.Final
2026-03-27T13:40:22.647+08:00  INFO 24552 --- [restartedMain] o.s.o.j.p.SpringPersistenceUnitInfo      : No LoadTimeWeaver setup: ignoring JPA class transformer
2026-03-27T13:40:22.668+08:00  INFO 24552 --- [restartedMain] com.zaxxer.hikari.HikariDataSource       : HikariPool-1 - Starting...
2026-03-27T13:40:22.789+08:00  INFO 24552 --- [restartedMain] com.zaxxer.hikari.pool.HikariPool        : HikariPool-1 - Added connection org.postgresql.jdbc.PgConnection@2e276c23
2026-03-27T13:40:22.790+08:00  INFO 24552 --- [restartedMain] com.zaxxer.hikari.HikariDataSource       : HikariPool-1 - Start completed.
2026-03-27T13:40:22.835+08:00  INFO 24552 --- [restartedMain] org.hibernate.orm.connections.pooling    : HHH10001005: Database info:
	Database JDBC URL [jdbc:postgresql://localhost:5432/learnSpringBoot_hospitalDB]
	Database driver: PostgreSQL JDBC Driver
	Database dialect: PostgreSQLDialect
	Database version: 17.4
	Default catalog/schema: learnSpringBoot_hospitalDB/public
	Autocommit mode: undefined/unknown
	Isolation level: READ_COMMITTED [default READ_COMMITTED]
	JDBC fetch size: none
	Pool: DataSourceConnectionProvider
	Minimum pool size: undefined/unknown
	Maximum pool size: undefined/unknown
2026-03-27T13:40:23.615+08:00  INFO 24552 --- [restartedMain] org.hibernate.orm.core                   : HHH000489: No JTA platform available (set 'hibernate.transaction.jta.platform' to enable JTA platform integration)
2026-03-27T13:40:23.665+08:00  INFO 24552 --- [restartedMain] j.LocalContainerEntityManagerFactoryBean : Initialized JPA EntityManagerFactory for persistence unit 'default'
2026-03-27T13:40:23.710+08:00  INFO 24552 --- [restartedMain] o.s.d.j.r.query.QueryEnhancerFactories   : Hibernate is in classpath; If applicable, HQL parser will be used.
2026-03-27T13:40:23.835+08:00  WARN 24552 --- [restartedMain] JpaBaseConfiguration$JpaWebConfiguration : spring.jpa.open-in-view is enabled by default. Therefore, database queries may be performed during view rendering. Explicitly configure spring.jpa.open-in-view to disable this warning
2026-03-27T13:40:24.176+08:00  INFO 24552 --- [restartedMain] r$InitializeUserDetailsManagerConfigurer : Global AuthenticationManager configured with UserDetailsService bean with name customUserDetailsService
2026-03-27T13:40:25.471+08:00  INFO 24552 --- [restartedMain] o.s.boot.tomcat.TomcatWebServer          : Tomcat started on port 8081 (http) with context path '/api'
2026-03-27T13:40:25.478+08:00  INFO 24552 --- [restartedMain] c.l.H.Hospital_Management_Application    : Started Hospital_Management_Application in 5.127 seconds (process running for 5.532)
2026-03-27T13:40:36.739+08:00  INFO 24552 --- [http-nio-8081-exec-1] o.a.c.c.C.[Tomcat].[localhost].[/api]    : Initializing Spring DispatcherServlet 'dispatcherServlet'
2026-03-27T13:40:36.740+08:00  INFO 24552 --- [http-nio-8081-exec-1] o.s.web.servlet.DispatcherServlet        : Initializing Servlet 'dispatcherServlet'
2026-03-27T13:40:36.741+08:00  INFO 24552 --- [http-nio-8081-exec-1] o.s.web.servlet.DispatcherServlet        : Completed initialization in 1 ms
2026-03-27T13:40:36.760+08:00  INFO 24552 --- [http-nio-8081-exec-2] c.l.H.security.JwtAuthFilter             : Incoming request : /api/login
2026-03-27T13:40:36.780+08:00  INFO 24552 --- [http-nio-8081-exec-3] c.l.H.security.JwtAuthFilter             : Incoming request : /api/default-ui.css
2026-03-27T13:40:51.483+08:00  INFO 24552 --- [http-nio-8081-exec-5] c.l.H.security.JwtAuthFilter             : Incoming request : /api/login
2026-03-27T13:40:51.504+08:00  INFO 24552 --- [http-nio-8081-exec-6] c.l.H.security.JwtAuthFilter             : Incoming request : /api/default-ui.css
2026-03-27T13:42:24.561+08:00  INFO 24552 --- [http-nio-8081-exec-10] c.l.H.security.JwtAuthFilter             : Incoming request : /api/login
2026-03-27T13:42:24.584+08:00  INFO 24552 --- [http-nio-8081-exec-1] c.l.H.security.JwtAuthFilter             : Incoming request : /api/default-ui.css
2026-03-27T13:42:24.793+08:00  INFO 24552 --- [http-nio-8081-exec-2] c.l.H.security.JwtAuthFilter             : Incoming request : /api/login
2026-03-27T13:42:24.808+08:00  INFO 24552 --- [http-nio-8081-exec-3] c.l.H.security.JwtAuthFilter             : Incoming request : /api/default-ui.css
2026-03-27T13:42:24.998+08:00  INFO 24552 --- [http-nio-8081-exec-4] c.l.H.security.JwtAuthFilter             : Incoming request : /api/login
2026-03-27T13:42:25.015+08:00  INFO 24552 --- [http-nio-8081-exec-5] c.l.H.security.JwtAuthFilter             : Incoming request : /api/default-ui.css
2026-03-27T13:42:25.207+08:00  INFO 24552 --- [http-nio-8081-exec-6] c.l.H.security.JwtAuthFilter             : Incoming request : /api/login
2026-03-27T13:42:25.221+08:00  INFO 24552 --- [http-nio-8081-exec-7] c.l.H.security.JwtAuthFilter             : Incoming request : /api/default-ui.css
2026-03-27T13:42:25.383+08:00  INFO 24552 --- [http-nio-8081-exec-8] c.l.H.security.JwtAuthFilter             : Incoming request : /api/login
2026-03-27T13:42:25.396+08:00  INFO 24552 --- [http-nio-8081-exec-9] c.l.H.security.JwtAuthFilter             : Incoming request : /api/default-ui.css
2026-03-27T13:43:15.127+08:00  INFO 24552 --- [File Watcher] rtingClassPathChangeChangedEventListener : Restarting due to 1 class path change (0 additions, 0 deletions, 1 modification)
2026-03-27T13:43:15.130+08:00  INFO 24552 --- [Thread-1] o.s.boot.tomcat.GracefulShutdown         : Commencing graceful shutdown. Waiting for active requests to complete
2026-03-27T13:43:15.143+08:00  INFO 24552 --- [tomcat-shutdown] o.s.boot.tomcat.GracefulShutdown         : Graceful shutdown complete
2026-03-27T13:43:15.147+08:00  INFO 24552 --- [Thread-1] j.LocalContainerEntityManagerFactoryBean : Closing JPA EntityManagerFactory for persistence unit 'default'
2026-03-27T13:43:15.149+08:00  INFO 24552 --- [Thread-1] com.zaxxer.hikari.HikariDataSource       : HikariPool-1 - Shutdown initiated...
2026-03-27T13:43:15.151+08:00  INFO 24552 --- [Thread-1] com.zaxxer.hikari.HikariDataSource       : HikariPool-1 - Shutdown completed.
2026-03-27T13:43:15.219+08:00  INFO 24552 --- [restartedMain] c.l.H.Hospital_Management_Application    : Starting Hospital_Management_Application using Java 21.0.9 with PID 24552 (D:\New learning codes\SpringBoot Code\anujSharma\CodingShuttleProject\Hospital_Mgmt_SB\Hospital_Mgmt_SB\target\classes started by tauki in D:\New learning codes\SpringBoot Code\anujSharma\CodingShuttleProject\Hospital_Mgmt_SB)
2026-03-27T13:43:15.219+08:00  INFO 24552 --- [restartedMain] c.l.H.Hospital_Management_Application    : No active profile set, falling back to 1 default profile: "default"
2026-03-27T13:43:15.326+08:00  INFO 24552 --- [restartedMain] .s.d.r.c.RepositoryConfigurationDelegate : Bootstrapping Spring Data JPA repositories in DEFAULT mode.
2026-03-27T13:43:15.346+08:00  INFO 24552 --- [restartedMain] .s.d.r.c.RepositoryConfigurationDelegate : Finished Spring Data repository scanning in 19 ms. Found 8 JPA repository interfaces.
2026-03-27T13:43:15.408+08:00  INFO 24552 --- [restartedMain] o.s.boot.tomcat.TomcatWebServer          : Tomcat initialized with port 8081 (http)
2026-03-27T13:43:15.408+08:00  INFO 24552 --- [restartedMain] o.apache.catalina.core.StandardService   : Starting service [Tomcat]
2026-03-27T13:43:15.408+08:00  INFO 24552 --- [restartedMain] o.apache.catalina.core.StandardEngine    : Starting Servlet engine: [Apache Tomcat/11.0.18]
2026-03-27T13:43:15.425+08:00  INFO 24552 --- [restartedMain] b.w.c.s.WebApplicationContextInitializer : Root WebApplicationContext: initialization completed in 204 ms
2026-03-27T13:43:15.445+08:00  INFO 24552 --- [restartedMain] org.hibernate.orm.jpa                    : HHH008540: Processing PersistenceUnitInfo [name: default]
2026-03-27T13:43:15.471+08:00  INFO 24552 --- [restartedMain] o.s.o.j.p.SpringPersistenceUnitInfo      : No LoadTimeWeaver setup: ignoring JPA class transformer
2026-03-27T13:43:15.471+08:00  INFO 24552 --- [restartedMain] com.zaxxer.hikari.HikariDataSource       : HikariPool-2 - Starting...
2026-03-27T13:43:15.496+08:00  INFO 24552 --- [restartedMain] com.zaxxer.hikari.pool.HikariPool        : HikariPool-2 - Added connection org.postgresql.jdbc.PgConnection@2d071b87
2026-03-27T13:43:15.497+08:00  INFO 24552 --- [restartedMain] com.zaxxer.hikari.HikariDataSource       : HikariPool-2 - Start completed.
2026-03-27T13:43:15.505+08:00  INFO 24552 --- [restartedMain] org.hibernate.orm.connections.pooling    : HHH10001005: Database info:
	Database JDBC URL [jdbc:postgresql://localhost:5432/learnSpringBoot_hospitalDB]
	Database driver: PostgreSQL JDBC Driver
	Database dialect: PostgreSQLDialect
	Database version: 17.4
	Default catalog/schema: learnSpringBoot_hospitalDB/public
	Autocommit mode: undefined/unknown
	Isolation level: READ_COMMITTED [default READ_COMMITTED]
	JDBC fetch size: none
	Pool: DataSourceConnectionProvider
	Minimum pool size: undefined/unknown
	Maximum pool size: undefined/unknown
2026-03-27T13:43:15.609+08:00  INFO 24552 --- [restartedMain] org.hibernate.orm.core                   : HHH000489: No JTA platform available (set 'hibernate.transaction.jta.platform' to enable JTA platform integration)
2026-03-27T13:43:15.636+08:00  INFO 24552 --- [restartedMain] j.LocalContainerEntityManagerFactoryBean : Initialized JPA EntityManagerFactory for persistence unit 'default'
2026-03-27T13:43:15.659+08:00  WARN 24552 --- [restartedMain] JpaBaseConfiguration$JpaWebConfiguration : spring.jpa.open-in-view is enabled by default. Therefore, database queries may be performed during view rendering. Explicitly configure spring.jpa.open-in-view to disable this warning
2026-03-27T13:43:15.697+08:00  INFO 24552 --- [restartedMain] r$InitializeUserDetailsManagerConfigurer : Global AuthenticationManager configured with UserDetailsService bean with name customUserDetailsService
2026-03-27T13:43:15.840+08:00  INFO 24552 --- [restartedMain] o.s.boot.tomcat.TomcatWebServer          : Tomcat started on port 8081 (http) with context path '/api'
2026-03-27T13:43:15.842+08:00  INFO 24552 --- [restartedMain] c.l.H.Hospital_Management_Application    : Started Hospital_Management_Application in 0.64 seconds (process running for 175.896)
2026-03-27T13:43:15.843+08:00  INFO 24552 --- [restartedMain] .ConditionEvaluationDeltaLoggingListener : Condition evaluation unchanged
2026-03-27T13:43:27.450+08:00  INFO 24552 --- [File Watcher] rtingClassPathChangeChangedEventListener : Restarting due to 1 class path change (0 additions, 0 deletions, 1 modification)
2026-03-27T13:43:27.451+08:00  INFO 24552 --- [Thread-5] o.s.boot.tomcat.GracefulShutdown         : Commencing graceful shutdown. Waiting for active requests to complete
2026-03-27T13:43:27.464+08:00  INFO 24552 --- [tomcat-shutdown] o.s.boot.tomcat.GracefulShutdown         : Graceful shutdown complete
2026-03-27T13:43:27.466+08:00  INFO 24552 --- [Thread-5] j.LocalContainerEntityManagerFactoryBean : Closing JPA EntityManagerFactory for persistence unit 'default'
2026-03-27T13:43:27.467+08:00  INFO 24552 --- [Thread-5] com.zaxxer.hikari.HikariDataSource       : HikariPool-2 - Shutdown initiated...
2026-03-27T13:43:27.468+08:00  INFO 24552 --- [Thread-5] com.zaxxer.hikari.HikariDataSource       : HikariPool-2 - Shutdown completed.
2026-03-27T13:43:27.555+08:00  INFO 24552 --- [restartedMain] c.l.H.Hospital_Management_Application    : Starting Hospital_Management_Application using Java 21.0.9 with PID 24552 (D:\New learning codes\SpringBoot Code\anujSharma\CodingShuttleProject\Hospital_Mgmt_SB\Hospital_Mgmt_SB\target\classes started by tauki in D:\New learning codes\SpringBoot Code\anujSharma\CodingShuttleProject\Hospital_Mgmt_SB)
2026-03-27T13:43:27.556+08:00  INFO 24552 --- [restartedMain] c.l.H.Hospital_Management_Application    : No active profile set, falling back to 1 default profile: "default"
2026-03-27T13:43:27.644+08:00  INFO 24552 --- [restartedMain] .s.d.r.c.RepositoryConfigurationDelegate : Bootstrapping Spring Data JPA repositories in DEFAULT mode.
2026-03-27T13:43:27.663+08:00  INFO 24552 --- [restartedMain] .s.d.r.c.RepositoryConfigurationDelegate : Finished Spring Data repository scanning in 18 ms. Found 8 JPA repository interfaces.
2026-03-27T13:43:27.709+08:00  INFO 24552 --- [restartedMain] o.s.boot.tomcat.TomcatWebServer          : Tomcat initialized with port 8081 (http)
2026-03-27T13:43:27.710+08:00  INFO 24552 --- [restartedMain] o.apache.catalina.core.StandardService   : Starting service [Tomcat]
2026-03-27T13:43:27.711+08:00  INFO 24552 --- [restartedMain] o.apache.catalina.core.StandardEngine    : Starting Servlet engine: [Apache Tomcat/11.0.18]
2026-03-27T13:43:27.724+08:00  INFO 24552 --- [restartedMain] b.w.c.s.WebApplicationContextInitializer : Root WebApplicationContext: initialization completed in 166 ms
2026-03-27T13:43:27.742+08:00  INFO 24552 --- [restartedMain] org.hibernate.orm.jpa                    : HHH008540: Processing PersistenceUnitInfo [name: default]
2026-03-27T13:43:27.765+08:00  INFO 24552 --- [restartedMain] o.s.o.j.p.SpringPersistenceUnitInfo      : No LoadTimeWeaver setup: ignoring JPA class transformer
2026-03-27T13:43:27.765+08:00  INFO 24552 --- [restartedMain] com.zaxxer.hikari.HikariDataSource       : HikariPool-3 - Starting...
2026-03-27T13:43:27.791+08:00  INFO 24552 --- [restartedMain] com.zaxxer.hikari.pool.HikariPool        : HikariPool-3 - Added connection org.postgresql.jdbc.PgConnection@460294dd
2026-03-27T13:43:27.792+08:00  INFO 24552 --- [restartedMain] com.zaxxer.hikari.HikariDataSource       : HikariPool-3 - Start completed.
2026-03-27T13:43:27.801+08:00  INFO 24552 --- [restartedMain] org.hibernate.orm.connections.pooling    : HHH10001005: Database info:
	Database JDBC URL [jdbc:postgresql://localhost:5432/learnSpringBoot_hospitalDB]
	Database driver: PostgreSQL JDBC Driver
	Database dialect: PostgreSQLDialect
	Database version: 17.4
	Default catalog/schema: learnSpringBoot_hospitalDB/public
	Autocommit mode: undefined/unknown
	Isolation level: READ_COMMITTED [default READ_COMMITTED]
	JDBC fetch size: none
	Pool: DataSourceConnectionProvider
	Minimum pool size: undefined/unknown
	Maximum pool size: undefined/unknown
2026-03-27T13:43:27.933+08:00  INFO 24552 --- [restartedMain] org.hibernate.orm.core                   : HHH000489: No JTA platform available (set 'hibernate.transaction.jta.platform' to enable JTA platform integration)
2026-03-27T13:43:27.961+08:00  INFO 24552 --- [restartedMain] j.LocalContainerEntityManagerFactoryBean : Initialized JPA EntityManagerFactory for persistence unit 'default'
2026-03-27T13:43:27.995+08:00  WARN 24552 --- [restartedMain] JpaBaseConfiguration$JpaWebConfiguration : spring.jpa.open-in-view is enabled by default. Therefore, database queries may be performed during view rendering. Explicitly configure spring.jpa.open-in-view to disable this warning
2026-03-27T13:43:28.066+08:00  INFO 24552 --- [restartedMain] r$InitializeUserDetailsManagerConfigurer : Global AuthenticationManager configured with UserDetailsService bean with name customUserDetailsService
2026-03-27T13:43:28.291+08:00  INFO 24552 --- [restartedMain] o.s.boot.tomcat.TomcatWebServer          : Tomcat started on port 8081 (http) with context path '/api'
2026-03-27T13:43:28.293+08:00  INFO 24552 --- [restartedMain] c.l.H.Hospital_Management_Application    : Started Hospital_Management_Application in 0.764 seconds (process running for 188.347)
2026-03-27T13:43:28.294+08:00  INFO 24552 --- [restartedMain] .ConditionEvaluationDeltaLoggingListener : Condition evaluation unchanged
2026-03-27T13:44:14.757+08:00  INFO 24552 --- [SpringApplicationShutdownHook] o.s.boot.tomcat.GracefulShutdown         : Commencing graceful shutdown. Waiting for active requests to complete
2026-03-27T13:44:14.769+08:00  INFO 24552 --- [tomcat-shutdown] o.s.boot.tomcat.GracefulShutdown         : Graceful shutdown complete
2026-03-27T13:44:14.770+08:00  INFO 24552 --- [SpringApplicationShutdownHook] j.LocalContainerEntityManagerFactoryBean : Closing JPA EntityManagerFactory for persistence unit 'default'
2026-03-27T13:44:14.771+08:00  INFO 24552 --- [SpringApplicationShutdownHook] com.zaxxer.hikari.HikariDataSource       : HikariPool-3 - Shutdown initiated...
2026-03-27T13:44:14.773+08:00  INFO 24552 --- [SpringApplicationShutdownHook] com.zaxxer.hikari.HikariDataSource       : HikariPool-3 - Shutdown completed.
2026-03-27T13:44:16.098+08:00  INFO 70204 --- [restartedMain] c.l.H.Hospital_Management_Application    : Starting Hospital_Management_Application using Java 21.0.9 with PID 70204 (D:\New learning codes\SpringBoot Code\anujSharma\CodingShuttleProject\Hospital_Mgmt_SB\Hospital_Mgmt_SB\target\classes started by tauki in D:\New learning codes\SpringBoot Code\anujSharma\CodingShuttleProject\Hospital_Mgmt_SB)
2026-03-27T13:44:16.100+08:00  INFO 70204 --- [restartedMain] c.l.H.Hospital_Management_Application    : No active profile set, falling back to 1 default profile: "default"
2026-03-27T13:44:16.136+08:00  INFO 70204 --- [restartedMain] .e.DevToolsPropertyDefaultsPostProcessor : Devtools property defaults active! Set 'spring.devtools.add-properties' to 'false' to disable
2026-03-27T13:44:16.136+08:00  INFO 70204 --- [restartedMain] .e.DevToolsPropertyDefaultsPostProcessor : For additional web related logging consider setting the 'logging.level.web' property to 'DEBUG'
2026-03-27T13:44:16.776+08:00  INFO 70204 --- [restartedMain] .s.d.r.c.RepositoryConfigurationDelegate : Bootstrapping Spring Data JPA repositories in DEFAULT mode.
2026-03-27T13:44:16.838+08:00  INFO 70204 --- [restartedMain] .s.d.r.c.RepositoryConfigurationDelegate : Finished Spring Data repository scanning in 50 ms. Found 8 JPA repository interfaces.
2026-03-27T13:44:17.374+08:00  INFO 70204 --- [restartedMain] o.s.boot.tomcat.TomcatWebServer          : Tomcat initialized with port 8081 (http)
2026-03-27T13:44:17.385+08:00  INFO 70204 --- [restartedMain] o.apache.catalina.core.StandardService   : Starting service [Tomcat]
2026-03-27T13:44:17.386+08:00  INFO 70204 --- [restartedMain] o.apache.catalina.core.StandardEngine    : Starting Servlet engine: [Apache Tomcat/11.0.18]
2026-03-27T13:44:17.425+08:00  INFO 70204 --- [restartedMain] b.w.c.s.WebApplicationContextInitializer : Root WebApplicationContext: initialization completed in 1289 ms
2026-03-27T13:44:17.539+08:00  INFO 70204 --- [restartedMain] org.hibernate.orm.jpa                    : HHH008540: Processing PersistenceUnitInfo [name: default]
2026-03-27T13:44:17.570+08:00  INFO 70204 --- [restartedMain] org.hibernate.orm.core                   : HHH000001: Hibernate ORM core version 7.2.4.Final
2026-03-27T13:44:17.944+08:00  INFO 70204 --- [restartedMain] o.s.o.j.p.SpringPersistenceUnitInfo      : No LoadTimeWeaver setup: ignoring JPA class transformer
2026-03-27T13:44:17.963+08:00  INFO 70204 --- [restartedMain] com.zaxxer.hikari.HikariDataSource       : HikariPool-1 - Starting...
2026-03-27T13:44:18.082+08:00  INFO 70204 --- [restartedMain] com.zaxxer.hikari.pool.HikariPool        : HikariPool-1 - Added connection org.postgresql.jdbc.PgConnection@2e276c23
2026-03-27T13:44:18.084+08:00  INFO 70204 --- [restartedMain] com.zaxxer.hikari.HikariDataSource       : HikariPool-1 - Start completed.
2026-03-27T13:44:18.135+08:00  INFO 70204 --- [restartedMain] org.hibernate.orm.connections.pooling    : HHH10001005: Database info:
	Database JDBC URL [jdbc:postgresql://localhost:5432/learnSpringBoot_hospitalDB]
	Database driver: PostgreSQL JDBC Driver
	Database dialect: PostgreSQLDialect
	Database version: 17.4
	Default catalog/schema: learnSpringBoot_hospitalDB/public
	Autocommit mode: undefined/unknown
	Isolation level: READ_COMMITTED [default READ_COMMITTED]
	JDBC fetch size: none
	Pool: DataSourceConnectionProvider
	Minimum pool size: undefined/unknown
	Maximum pool size: undefined/unknown
2026-03-27T13:44:18.943+08:00  INFO 70204 --- [restartedMain] org.hibernate.orm.core                   : HHH000489: No JTA platform available (set 'hibernate.transaction.jta.platform' to enable JTA platform integration)
2026-03-27T13:44:19.006+08:00  INFO 70204 --- [restartedMain] j.LocalContainerEntityManagerFactoryBean : Initialized JPA EntityManagerFactory for persistence unit 'default'
2026-03-27T13:44:19.057+08:00  INFO 70204 --- [restartedMain] o.s.d.j.r.query.QueryEnhancerFactories   : Hibernate is in classpath; If applicable, HQL parser will be used.
2026-03-27T13:44:19.183+08:00  WARN 70204 --- [restartedMain] JpaBaseConfiguration$JpaWebConfiguration : spring.jpa.open-in-view is enabled by default. Therefore, database queries may be performed during view rendering. Explicitly configure spring.jpa.open-in-view to disable this warning
2026-03-27T13:44:19.502+08:00  INFO 70204 --- [restartedMain] r$InitializeUserDetailsManagerConfigurer : Global AuthenticationManager configured with UserDetailsService bean with name customUserDetailsService
2026-03-27T13:44:20.834+08:00  INFO 70204 --- [restartedMain] o.s.boot.tomcat.TomcatWebServer          : Tomcat started on port 8081 (http) with context path '/api'
2026-03-27T13:44:20.841+08:00  INFO 70204 --- [restartedMain] c.l.H.Hospital_Management_Application    : Started Hospital_Management_Application in 5.121 seconds (process running for 5.501)
2026-03-27T13:44:44.302+08:00  INFO 70204 --- [http-nio-8081-exec-1] o.a.c.c.C.[Tomcat].[localhost].[/api]    : Initializing Spring DispatcherServlet 'dispatcherServlet'
2026-03-27T13:44:44.302+08:00  INFO 70204 --- [http-nio-8081-exec-1] o.s.web.servlet.DispatcherServlet        : Initializing Servlet 'dispatcherServlet'
2026-03-27T13:44:44.304+08:00  INFO 70204 --- [http-nio-8081-exec-1] o.s.web.servlet.DispatcherServlet        : Completed initialization in 2 ms
2026-03-27T13:44:44.318+08:00  INFO 70204 --- [http-nio-8081-exec-1] c.l.H.security.JwtAuthFilter             : Incoming request : /api/public/employees/list
2026-03-27T13:44:51.132+08:00  INFO 70204 --- [http-nio-8081-exec-2] c.l.H.security.JwtAuthFilter             : Incoming request : /api/product
2026-03-27T13:44:51.139+08:00  INFO 70204 --- [http-nio-8081-exec-3] c.l.H.security.JwtAuthFilter             : Incoming request : /api/login
2026-03-27T13:44:51.167+08:00  INFO 70204 --- [http-nio-8081-exec-4] c.l.H.security.JwtAuthFilter             : Incoming request : /api/default-ui.css
2026-03-27T13:45:41.768+08:00  INFO 70204 --- [File Watcher] rtingClassPathChangeChangedEventListener : Restarting due to 1 class path change (0 additions, 0 deletions, 1 modification)
2026-03-27T13:45:41.771+08:00  INFO 70204 --- [Thread-1] o.s.boot.tomcat.GracefulShutdown         : Commencing graceful shutdown. Waiting for active requests to complete
2026-03-27T13:45:41.784+08:00  INFO 70204 --- [tomcat-shutdown] o.s.boot.tomcat.GracefulShutdown         : Graceful shutdown complete
2026-03-27T13:45:41.787+08:00  INFO 70204 --- [Thread-1] j.LocalContainerEntityManagerFactoryBean : Closing JPA EntityManagerFactory for persistence unit 'default'
2026-03-27T13:45:41.789+08:00  INFO 70204 --- [Thread-1] com.zaxxer.hikari.HikariDataSource       : HikariPool-1 - Shutdown initiated...
2026-03-27T13:45:41.792+08:00  INFO 70204 --- [Thread-1] com.zaxxer.hikari.HikariDataSource       : HikariPool-1 - Shutdown completed.
2026-03-27T13:45:41.855+08:00  INFO 70204 --- [restartedMain] c.l.H.Hospital_Management_Application    : Starting Hospital_Management_Application using Java 21.0.9 with PID 70204 (D:\New learning codes\SpringBoot Code\anujSharma\CodingShuttleProject\Hospital_Mgmt_SB\Hospital_Mgmt_SB\target\classes started by tauki in D:\New learning codes\SpringBoot Code\anujSharma\CodingShuttleProject\Hospital_Mgmt_SB)
2026-03-27T13:45:41.855+08:00  INFO 70204 --- [restartedMain] c.l.H.Hospital_Management_Application    : No active profile set, falling back to 1 default profile: "default"
2026-03-27T13:45:41.964+08:00  INFO 70204 --- [restartedMain] .s.d.r.c.RepositoryConfigurationDelegate : Bootstrapping Spring Data JPA repositories in DEFAULT mode.
2026-03-27T13:45:41.983+08:00  INFO 70204 --- [restartedMain] .s.d.r.c.RepositoryConfigurationDelegate : Finished Spring Data repository scanning in 17 ms. Found 8 JPA repository interfaces.
2026-03-27T13:45:42.057+08:00  INFO 70204 --- [restartedMain] o.s.boot.tomcat.TomcatWebServer          : Tomcat initialized with port 8081 (http)
2026-03-27T13:45:42.058+08:00  INFO 70204 --- [restartedMain] o.apache.catalina.core.StandardService   : Starting service [Tomcat]
2026-03-27T13:45:42.058+08:00  INFO 70204 --- [restartedMain] o.apache.catalina.core.StandardEngine    : Starting Servlet engine: [Apache Tomcat/11.0.18]
2026-03-27T13:45:42.074+08:00  INFO 70204 --- [restartedMain] b.w.c.s.WebApplicationContextInitializer : Root WebApplicationContext: initialization completed in 218 ms
2026-03-27T13:45:42.093+08:00  INFO 70204 --- [restartedMain] org.hibernate.orm.jpa                    : HHH008540: Processing PersistenceUnitInfo [name: default]
2026-03-27T13:45:42.112+08:00  INFO 70204 --- [restartedMain] o.s.o.j.p.SpringPersistenceUnitInfo      : No LoadTimeWeaver setup: ignoring JPA class transformer
2026-03-27T13:45:42.113+08:00  INFO 70204 --- [restartedMain] com.zaxxer.hikari.HikariDataSource       : HikariPool-2 - Starting...
2026-03-27T13:45:42.138+08:00  INFO 70204 --- [restartedMain] com.zaxxer.hikari.pool.HikariPool        : HikariPool-2 - Added connection org.postgresql.jdbc.PgConnection@2db869ac
2026-03-27T13:45:42.138+08:00  INFO 70204 --- [restartedMain] com.zaxxer.hikari.HikariDataSource       : HikariPool-2 - Start completed.
2026-03-27T13:45:42.146+08:00  INFO 70204 --- [restartedMain] org.hibernate.orm.connections.pooling    : HHH10001005: Database info:
	Database JDBC URL [jdbc:postgresql://localhost:5432/learnSpringBoot_hospitalDB]
	Database driver: PostgreSQL JDBC Driver
	Database dialect: PostgreSQLDialect
	Database version: 17.4
	Default catalog/schema: learnSpringBoot_hospitalDB/public
	Autocommit mode: undefined/unknown
	Isolation level: READ_COMMITTED [default READ_COMMITTED]
	JDBC fetch size: none
	Pool: DataSourceConnectionProvider
	Minimum pool size: undefined/unknown
	Maximum pool size: undefined/unknown
2026-03-27T13:45:42.263+08:00  INFO 70204 --- [restartedMain] org.hibernate.orm.core                   : HHH000489: No JTA platform available (set 'hibernate.transaction.jta.platform' to enable JTA platform integration)
2026-03-27T13:45:42.291+08:00  INFO 70204 --- [restartedMain] j.LocalContainerEntityManagerFactoryBean : Initialized JPA EntityManagerFactory for persistence unit 'default'
2026-03-27T13:45:42.312+08:00  WARN 70204 --- [restartedMain] JpaBaseConfiguration$JpaWebConfiguration : spring.jpa.open-in-view is enabled by default. Therefore, database queries may be performed during view rendering. Explicitly configure spring.jpa.open-in-view to disable this warning
2026-03-27T13:45:42.371+08:00  INFO 70204 --- [restartedMain] r$InitializeUserDetailsManagerConfigurer : Global AuthenticationManager configured with UserDetailsService bean with name customUserDetailsService
2026-03-27T13:45:42.524+08:00  INFO 70204 --- [restartedMain] o.s.boot.tomcat.TomcatWebServer          : Tomcat started on port 8081 (http) with context path '/api'
2026-03-27T13:45:42.526+08:00  INFO 70204 --- [restartedMain] c.l.H.Hospital_Management_Application    : Started Hospital_Management_Application in 0.688 seconds (process running for 87.186)
2026-03-27T13:45:42.527+08:00  INFO 70204 --- [restartedMain] .ConditionEvaluationDeltaLoggingListener : Condition evaluation unchanged
2026-03-27T13:45:56.210+08:00  INFO 70204 --- [SpringApplicationShutdownHook] o.s.boot.tomcat.GracefulShutdown         : Commencing graceful shutdown. Waiting for active requests to complete
2026-03-27T13:45:56.224+08:00  INFO 70204 --- [tomcat-shutdown] o.s.boot.tomcat.GracefulShutdown         : Graceful shutdown complete
2026-03-27T13:45:56.226+08:00  INFO 70204 --- [SpringApplicationShutdownHook] j.LocalContainerEntityManagerFactoryBean : Closing JPA EntityManagerFactory for persistence unit 'default'
2026-03-27T13:45:56.226+08:00  INFO 70204 --- [SpringApplicationShutdownHook] com.zaxxer.hikari.HikariDataSource       : HikariPool-2 - Shutdown initiated...
2026-03-27T13:45:56.228+08:00  INFO 70204 --- [SpringApplicationShutdownHook] com.zaxxer.hikari.HikariDataSource       : HikariPool-2 - Shutdown completed.
2026-03-27T13:46:09.256+08:00  INFO 64088 --- [restartedMain] c.l.H.Hospital_Management_Application    : Starting Hospital_Management_Application using Java 21.0.9 with PID 64088 (D:\New learning codes\SpringBoot Code\anujSharma\CodingShuttleProject\Hospital_Mgmt_SB\Hospital_Mgmt_SB\target\classes started by tauki in D:\New learning codes\SpringBoot Code\anujSharma\CodingShuttleProject\Hospital_Mgmt_SB)
2026-03-27T13:46:09.259+08:00  INFO 64088 --- [restartedMain] c.l.H.Hospital_Management_Application    : No active profile set, falling back to 1 default profile: "default"
2026-03-27T13:46:09.296+08:00  INFO 64088 --- [restartedMain] .e.DevToolsPropertyDefaultsPostProcessor : Devtools property defaults active! Set 'spring.devtools.add-properties' to 'false' to disable
2026-03-27T13:46:09.296+08:00  INFO 64088 --- [restartedMain] .e.DevToolsPropertyDefaultsPostProcessor : For additional web related logging consider setting the 'logging.level.web' property to 'DEBUG'
2026-03-27T13:46:09.895+08:00  INFO 64088 --- [restartedMain] .s.d.r.c.RepositoryConfigurationDelegate : Bootstrapping Spring Data JPA repositories in DEFAULT mode.
2026-03-27T13:46:09.960+08:00  INFO 64088 --- [restartedMain] .s.d.r.c.RepositoryConfigurationDelegate : Finished Spring Data repository scanning in 56 ms. Found 8 JPA repository interfaces.
2026-03-27T13:46:10.516+08:00  INFO 64088 --- [restartedMain] o.s.boot.tomcat.TomcatWebServer          : Tomcat initialized with port 8081 (http)
2026-03-27T13:46:10.527+08:00  INFO 64088 --- [restartedMain] o.apache.catalina.core.StandardService   : Starting service [Tomcat]
2026-03-27T13:46:10.528+08:00  INFO 64088 --- [restartedMain] o.apache.catalina.core.StandardEngine    : Starting Servlet engine: [Apache Tomcat/11.0.18]
2026-03-27T13:46:10.565+08:00  INFO 64088 --- [restartedMain] b.w.c.s.WebApplicationContextInitializer : Root WebApplicationContext: initialization completed in 1268 ms
2026-03-27T13:46:10.749+08:00  INFO 64088 --- [restartedMain] org.hibernate.orm.jpa                    : HHH008540: Processing PersistenceUnitInfo [name: default]
2026-03-27T13:46:10.809+08:00  INFO 64088 --- [restartedMain] org.hibernate.orm.core                   : HHH000001: Hibernate ORM core version 7.2.4.Final
2026-03-27T13:46:11.192+08:00  INFO 64088 --- [restartedMain] o.s.o.j.p.SpringPersistenceUnitInfo      : No LoadTimeWeaver setup: ignoring JPA class transformer
2026-03-27T13:46:11.212+08:00  INFO 64088 --- [restartedMain] com.zaxxer.hikari.HikariDataSource       : HikariPool-1 - Starting...
2026-03-27T13:46:11.441+08:00  INFO 64088 --- [restartedMain] com.zaxxer.hikari.pool.HikariPool        : HikariPool-1 - Added connection org.postgresql.jdbc.PgConnection@2e276c23
2026-03-27T13:46:11.442+08:00  INFO 64088 --- [restartedMain] com.zaxxer.hikari.HikariDataSource       : HikariPool-1 - Start completed.
2026-03-27T13:46:11.488+08:00  INFO 64088 --- [restartedMain] org.hibernate.orm.connections.pooling    : HHH10001005: Database info:
	Database JDBC URL [jdbc:postgresql://localhost:5432/learnSpringBoot_hospitalDB]
	Database driver: PostgreSQL JDBC Driver
	Database dialect: PostgreSQLDialect
	Database version: 17.4
	Default catalog/schema: learnSpringBoot_hospitalDB/public
	Autocommit mode: undefined/unknown
	Isolation level: READ_COMMITTED [default READ_COMMITTED]
	JDBC fetch size: none
	Pool: DataSourceConnectionProvider
	Minimum pool size: undefined/unknown
	Maximum pool size: undefined/unknown
2026-03-27T13:46:12.243+08:00  INFO 64088 --- [restartedMain] org.hibernate.orm.core                   : HHH000489: No JTA platform available (set 'hibernate.transaction.jta.platform' to enable JTA platform integration)
2026-03-27T13:46:12.295+08:00  INFO 64088 --- [restartedMain] j.LocalContainerEntityManagerFactoryBean : Initialized JPA EntityManagerFactory for persistence unit 'default'
2026-03-27T13:46:12.340+08:00  INFO 64088 --- [restartedMain] o.s.d.j.r.query.QueryEnhancerFactories   : Hibernate is in classpath; If applicable, HQL parser will be used.
2026-03-27T13:46:12.461+08:00  WARN 64088 --- [restartedMain] JpaBaseConfiguration$JpaWebConfiguration : spring.jpa.open-in-view is enabled by default. Therefore, database queries may be performed during view rendering. Explicitly configure spring.jpa.open-in-view to disable this warning
2026-03-27T13:46:12.789+08:00  INFO 64088 --- [restartedMain] r$InitializeUserDetailsManagerConfigurer : Global AuthenticationManager configured with UserDetailsService bean with name customUserDetailsService
2026-03-27T13:46:14.097+08:00  INFO 64088 --- [restartedMain] o.s.boot.tomcat.TomcatWebServer          : Tomcat started on port 8081 (http) with context path '/api'
2026-03-27T13:46:14.103+08:00  INFO 64088 --- [restartedMain] c.l.H.Hospital_Management_Application    : Started Hospital_Management_Application in 5.216 seconds (process running for 5.596)
2026-03-27T13:46:14.201+08:00  INFO 64088 --- [http-nio-8081-exec-1] o.a.c.c.C.[Tomcat].[localhost].[/api]    : Initializing Spring DispatcherServlet 'dispatcherServlet'
2026-03-27T13:46:14.202+08:00  INFO 64088 --- [http-nio-8081-exec-1] o.s.web.servlet.DispatcherServlet        : Initializing Servlet 'dispatcherServlet'
2026-03-27T13:46:14.203+08:00  INFO 64088 --- [http-nio-8081-exec-1] o.s.web.servlet.DispatcherServlet        : Completed initialization in 1 ms
2026-03-27T13:46:14.213+08:00  INFO 64088 --- [http-nio-8081-exec-1] c.l.H.security.JwtAuthFilter             : Incoming request : /api/login
2026-03-27T13:46:14.261+08:00  INFO 64088 --- [http-nio-8081-exec-2] c.l.H.security.JwtAuthFilter             : Incoming request : /api/default-ui.css
2026-03-27T13:48:58.222+08:00  INFO 64088 --- [SpringApplicationShutdownHook] o.s.boot.tomcat.GracefulShutdown         : Commencing graceful shutdown. Waiting for active requests to complete
2026-03-27T13:48:58.234+08:00  INFO 64088 --- [tomcat-shutdown] o.s.boot.tomcat.GracefulShutdown         : Graceful shutdown complete
2026-03-27T13:48:58.238+08:00  INFO 64088 --- [SpringApplicationShutdownHook] j.LocalContainerEntityManagerFactoryBean : Closing JPA EntityManagerFactory for persistence unit 'default'
2026-03-27T13:48:58.242+08:00  INFO 64088 --- [SpringApplicationShutdownHook] com.zaxxer.hikari.HikariDataSource       : HikariPool-1 - Shutdown initiated...
2026-03-27T13:48:58.245+08:00  INFO 64088 --- [SpringApplicationShutdownHook] com.zaxxer.hikari.HikariDataSource       : HikariPool-1 - Shutdown completed.
2026-03-27T13:48:59.621+08:00  INFO 69296 --- [restartedMain] c.l.H.Hospital_Management_Application    : Starting Hospital_Management_Application using Java 21.0.9 with PID 69296 (D:\New learning codes\SpringBoot Code\anujSharma\CodingShuttleProject\Hospital_Mgmt_SB\Hospital_Mgmt_SB\target\classes started by tauki in D:\New learning codes\SpringBoot Code\anujSharma\CodingShuttleProject\Hospital_Mgmt_SB)
2026-03-27T13:48:59.623+08:00  INFO 69296 --- [restartedMain] c.l.H.Hospital_Management_Application    : No active profile set, falling back to 1 default profile: "default"
2026-03-27T13:48:59.662+08:00  INFO 69296 --- [restartedMain] .e.DevToolsPropertyDefaultsPostProcessor : Devtools property defaults active! Set 'spring.devtools.add-properties' to 'false' to disable
2026-03-27T13:48:59.662+08:00  INFO 69296 --- [restartedMain] .e.DevToolsPropertyDefaultsPostProcessor : For additional web related logging consider setting the 'logging.level.web' property to 'DEBUG'
2026-03-27T13:49:00.296+08:00  INFO 69296 --- [restartedMain] .s.d.r.c.RepositoryConfigurationDelegate : Bootstrapping Spring Data JPA repositories in DEFAULT mode.
2026-03-27T13:49:00.354+08:00  INFO 69296 --- [restartedMain] .s.d.r.c.RepositoryConfigurationDelegate : Finished Spring Data repository scanning in 52 ms. Found 8 JPA repository interfaces.
2026-03-27T13:49:00.899+08:00  INFO 69296 --- [restartedMain] o.s.boot.tomcat.TomcatWebServer          : Tomcat initialized with port 8081 (http)
2026-03-27T13:49:00.911+08:00  INFO 69296 --- [restartedMain] o.apache.catalina.core.StandardService   : Starting service [Tomcat]
2026-03-27T13:49:00.911+08:00  INFO 69296 --- [restartedMain] o.apache.catalina.core.StandardEngine    : Starting Servlet engine: [Apache Tomcat/11.0.18]
2026-03-27T13:49:00.949+08:00  INFO 69296 --- [restartedMain] b.w.c.s.WebApplicationContextInitializer : Root WebApplicationContext: initialization completed in 1287 ms
2026-03-27T13:49:01.119+08:00  INFO 69296 --- [restartedMain] org.hibernate.orm.jpa                    : HHH008540: Processing PersistenceUnitInfo [name: default]
2026-03-27T13:49:01.175+08:00  INFO 69296 --- [restartedMain] org.hibernate.orm.core                   : HHH000001: Hibernate ORM core version 7.2.4.Final
2026-03-27T13:49:01.528+08:00  INFO 69296 --- [restartedMain] o.s.o.j.p.SpringPersistenceUnitInfo      : No LoadTimeWeaver setup: ignoring JPA class transformer
2026-03-27T13:49:01.548+08:00  INFO 69296 --- [restartedMain] com.zaxxer.hikari.HikariDataSource       : HikariPool-1 - Starting...
2026-03-27T13:49:01.671+08:00  INFO 69296 --- [restartedMain] com.zaxxer.hikari.pool.HikariPool        : HikariPool-1 - Added connection org.postgresql.jdbc.PgConnection@4dd546c5
2026-03-27T13:49:01.672+08:00  INFO 69296 --- [restartedMain] com.zaxxer.hikari.HikariDataSource       : HikariPool-1 - Start completed.
2026-03-27T13:49:01.718+08:00  INFO 69296 --- [restartedMain] org.hibernate.orm.connections.pooling    : HHH10001005: Database info:
	Database JDBC URL [jdbc:postgresql://localhost:5432/learnSpringBoot_hospitalDB]
	Database driver: PostgreSQL JDBC Driver
	Database dialect: PostgreSQLDialect
	Database version: 17.4
	Default catalog/schema: learnSpringBoot_hospitalDB/public
	Autocommit mode: undefined/unknown
	Isolation level: READ_COMMITTED [default READ_COMMITTED]
	JDBC fetch size: none
	Pool: DataSourceConnectionProvider
	Minimum pool size: undefined/unknown
	Maximum pool size: undefined/unknown
2026-03-27T13:49:02.484+08:00  INFO 69296 --- [restartedMain] org.hibernate.orm.core                   : HHH000489: No JTA platform available (set 'hibernate.transaction.jta.platform' to enable JTA platform integration)
2026-03-27T13:49:02.537+08:00  INFO 69296 --- [restartedMain] j.LocalContainerEntityManagerFactoryBean : Initialized JPA EntityManagerFactory for persistence unit 'default'
2026-03-27T13:49:02.584+08:00  INFO 69296 --- [restartedMain] o.s.d.j.r.query.QueryEnhancerFactories   : Hibernate is in classpath; If applicable, HQL parser will be used.
2026-03-27T13:49:02.716+08:00  WARN 69296 --- [restartedMain] JpaBaseConfiguration$JpaWebConfiguration : spring.jpa.open-in-view is enabled by default. Therefore, database queries may be performed during view rendering. Explicitly configure spring.jpa.open-in-view to disable this warning
2026-03-27T13:49:03.006+08:00  INFO 69296 --- [restartedMain] r$InitializeUserDetailsManagerConfigurer : Global AuthenticationManager configured with UserDetailsService bean with name customUserDetailsService
2026-03-27T13:49:04.220+08:00  INFO 69296 --- [restartedMain] o.s.boot.tomcat.TomcatWebServer          : Tomcat started on port 8081 (http) with context path '/api'
2026-03-27T13:49:04.225+08:00  INFO 69296 --- [restartedMain] c.l.H.Hospital_Management_Application    : Started Hospital_Management_Application in 4.993 seconds (process running for 5.403)
2026-03-27T13:49:57.902+08:00  INFO 69296 --- [SpringApplicationShutdownHook] o.s.boot.tomcat.GracefulShutdown         : Commencing graceful shutdown. Waiting for active requests to complete
2026-03-27T13:49:57.916+08:00  INFO 69296 --- [tomcat-shutdown] o.s.boot.tomcat.GracefulShutdown         : Graceful shutdown complete
2026-03-27T13:49:57.920+08:00  INFO 69296 --- [SpringApplicationShutdownHook] j.LocalContainerEntityManagerFactoryBean : Closing JPA EntityManagerFactory for persistence unit 'default'
2026-03-27T13:49:57.923+08:00  INFO 69296 --- [SpringApplicationShutdownHook] com.zaxxer.hikari.HikariDataSource       : HikariPool-1 - Shutdown initiated...
2026-03-27T13:49:57.925+08:00  INFO 69296 --- [SpringApplicationShutdownHook] com.zaxxer.hikari.HikariDataSource       : HikariPool-1 - Shutdown completed.
2026-03-27T13:49:59.519+08:00  INFO 13928 --- [restartedMain] c.l.H.Hospital_Management_Application    : Starting Hospital_Management_Application using Java 21.0.9 with PID 13928 (D:\New learning codes\SpringBoot Code\anujSharma\CodingShuttleProject\Hospital_Mgmt_SB\Hospital_Mgmt_SB\target\classes started by tauki in D:\New learning codes\SpringBoot Code\anujSharma\CodingShuttleProject\Hospital_Mgmt_SB)
2026-03-27T13:49:59.521+08:00  INFO 13928 --- [restartedMain] c.l.H.Hospital_Management_Application    : No active profile set, falling back to 1 default profile: "default"
2026-03-27T13:49:59.557+08:00  INFO 13928 --- [restartedMain] .e.DevToolsPropertyDefaultsPostProcessor : Devtools property defaults active! Set 'spring.devtools.add-properties' to 'false' to disable
2026-03-27T13:49:59.558+08:00  INFO 13928 --- [restartedMain] .e.DevToolsPropertyDefaultsPostProcessor : For additional web related logging consider setting the 'logging.level.web' property to 'DEBUG'
2026-03-27T13:50:00.181+08:00  INFO 13928 --- [restartedMain] .s.d.r.c.RepositoryConfigurationDelegate : Bootstrapping Spring Data JPA repositories in DEFAULT mode.
2026-03-27T13:50:00.243+08:00  INFO 13928 --- [restartedMain] .s.d.r.c.RepositoryConfigurationDelegate : Finished Spring Data repository scanning in 51 ms. Found 8 JPA repository interfaces.
2026-03-27T13:50:00.784+08:00  INFO 13928 --- [restartedMain] o.s.boot.tomcat.TomcatWebServer          : Tomcat initialized with port 8081 (http)
2026-03-27T13:50:00.796+08:00  INFO 13928 --- [restartedMain] o.apache.catalina.core.StandardService   : Starting service [Tomcat]
2026-03-27T13:50:00.797+08:00  INFO 13928 --- [restartedMain] o.apache.catalina.core.StandardEngine    : Starting Servlet engine: [Apache Tomcat/11.0.18]
2026-03-27T13:50:00.837+08:00  INFO 13928 --- [restartedMain] b.w.c.s.WebApplicationContextInitializer : Root WebApplicationContext: initialization completed in 1278 ms
2026-03-27T13:50:01.028+08:00  INFO 13928 --- [restartedMain] org.hibernate.orm.jpa                    : HHH008540: Processing PersistenceUnitInfo [name: default]
2026-03-27T13:50:01.077+08:00  INFO 13928 --- [restartedMain] org.hibernate.orm.core                   : HHH000001: Hibernate ORM core version 7.2.4.Final
2026-03-27T13:50:01.448+08:00  INFO 13928 --- [restartedMain] o.s.o.j.p.SpringPersistenceUnitInfo      : No LoadTimeWeaver setup: ignoring JPA class transformer
2026-03-27T13:50:01.468+08:00  INFO 13928 --- [restartedMain] com.zaxxer.hikari.HikariDataSource       : HikariPool-1 - Starting...
2026-03-27T13:50:01.585+08:00  INFO 13928 --- [restartedMain] com.zaxxer.hikari.pool.HikariPool        : HikariPool-1 - Added connection org.postgresql.jdbc.PgConnection@4dd546c5
2026-03-27T13:50:01.586+08:00  INFO 13928 --- [restartedMain] com.zaxxer.hikari.HikariDataSource       : HikariPool-1 - Start completed.
2026-03-27T13:50:01.636+08:00  INFO 13928 --- [restartedMain] org.hibernate.orm.connections.pooling    : HHH10001005: Database info:
	Database JDBC URL [jdbc:postgresql://localhost:5432/learnSpringBoot_hospitalDB]
	Database driver: PostgreSQL JDBC Driver
	Database dialect: PostgreSQLDialect
	Database version: 17.4
	Default catalog/schema: learnSpringBoot_hospitalDB/public
	Autocommit mode: undefined/unknown
	Isolation level: READ_COMMITTED [default READ_COMMITTED]
	JDBC fetch size: none
	Pool: DataSourceConnectionProvider
	Minimum pool size: undefined/unknown
	Maximum pool size: undefined/unknown
2026-03-27T13:50:02.428+08:00  INFO 13928 --- [restartedMain] org.hibernate.orm.core                   : HHH000489: No JTA platform available (set 'hibernate.transaction.jta.platform' to enable JTA platform integration)
2026-03-27T13:50:02.481+08:00  INFO 13928 --- [restartedMain] j.LocalContainerEntityManagerFactoryBean : Initialized JPA EntityManagerFactory for persistence unit 'default'
2026-03-27T13:50:02.525+08:00  INFO 13928 --- [restartedMain] o.s.d.j.r.query.QueryEnhancerFactories   : Hibernate is in classpath; If applicable, HQL parser will be used.
2026-03-27T13:50:02.634+08:00  WARN 13928 --- [restartedMain] JpaBaseConfiguration$JpaWebConfiguration : spring.jpa.open-in-view is enabled by default. Therefore, database queries may be performed during view rendering. Explicitly configure spring.jpa.open-in-view to disable this warning
2026-03-27T13:50:02.956+08:00  INFO 13928 --- [restartedMain] r$InitializeUserDetailsManagerConfigurer : Global AuthenticationManager configured with UserDetailsService bean with name customUserDetailsService
2026-03-27T13:50:04.189+08:00  INFO 13928 --- [restartedMain] o.s.boot.tomcat.TomcatWebServer          : Tomcat started on port 8081 (http) with context path '/api'
2026-03-27T13:50:04.195+08:00  INFO 13928 --- [restartedMain] c.l.H.Hospital_Management_Application    : Started Hospital_Management_Application in 5.041 seconds (process running for 5.448)
2026-03-27T13:50:12.009+08:00  INFO 13928 --- [http-nio-8081-exec-1] o.a.c.c.C.[Tomcat].[localhost].[/api]    : Initializing Spring DispatcherServlet 'dispatcherServlet'
2026-03-27T13:50:12.009+08:00  INFO 13928 --- [http-nio-8081-exec-1] o.s.web.servlet.DispatcherServlet        : Initializing Servlet 'dispatcherServlet'
2026-03-27T13:50:12.010+08:00  INFO 13928 --- [http-nio-8081-exec-1] o.s.web.servlet.DispatcherServlet        : Completed initialization in 0 ms
2026-03-27T13:50:12.020+08:00  INFO 13928 --- [http-nio-8081-exec-1] c.l.H.security.JwtAuthFilter             : Incoming request : /api/login
2026-03-27T13:50:12.048+08:00  INFO 13928 --- [http-nio-8081-exec-2] c.l.H.security.JwtAuthFilter             : Incoming request : /api/default-ui.css
2026-03-27T13:50:12.435+08:00  INFO 13928 --- [http-nio-8081-exec-3] c.l.H.security.JwtAuthFilter             : Incoming request : /api/login
2026-03-27T13:50:12.471+08:00  INFO 13928 --- [http-nio-8081-exec-4] c.l.H.security.JwtAuthFilter             : Incoming request : /api/default-ui.css
2026-03-27T13:50:12.638+08:00  INFO 13928 --- [http-nio-8081-exec-5] c.l.H.security.JwtAuthFilter             : Incoming request : /api/login
2026-03-27T13:50:12.652+08:00  INFO 13928 --- [http-nio-8081-exec-6] c.l.H.security.JwtAuthFilter             : Incoming request : /api/default-ui.css
2026-03-27T14:36:54.023+08:00 ERROR 13928 --- [http-nio-8081-exec-10] c.l.H.security.WebSecurityConfig         : [authorization_request_not_found] 
2026-03-27T14:37:45.889+08:00  INFO 13928 --- [File Watcher] rtingClassPathChangeChangedEventListener : Restarting due to 1 class path change (0 additions, 0 deletions, 1 modification)
2026-03-27T14:37:45.905+08:00  INFO 13928 --- [Thread-1] o.s.boot.tomcat.GracefulShutdown         : Commencing graceful shutdown. Waiting for active requests to complete
2026-03-27T14:37:45.920+08:00  INFO 13928 --- [tomcat-shutdown] o.s.boot.tomcat.GracefulShutdown         : Graceful shutdown complete
2026-03-27T14:37:45.926+08:00  INFO 13928 --- [Thread-1] j.LocalContainerEntityManagerFactoryBean : Closing JPA EntityManagerFactory for persistence unit 'default'
2026-03-27T14:37:45.935+08:00  INFO 13928 --- [Thread-1] com.zaxxer.hikari.HikariDataSource       : HikariPool-1 - Shutdown initiated...
2026-03-27T14:37:45.938+08:00  INFO 13928 --- [Thread-1] com.zaxxer.hikari.HikariDataSource       : HikariPool-1 - Shutdown completed.
2026-03-27T14:37:46.087+08:00  INFO 13928 --- [restartedMain] c.l.H.Hospital_Management_Application    : Starting Hospital_Management_Application using Java 21.0.9 with PID 13928 (D:\New learning codes\SpringBoot Code\anujSharma\CodingShuttleProject\Hospital_Mgmt_SB\Hospital_Mgmt_SB\target\classes started by tauki in D:\New learning codes\SpringBoot Code\anujSharma\CodingShuttleProject\Hospital_Mgmt_SB)
2026-03-27T14:37:46.088+08:00  INFO 13928 --- [restartedMain] c.l.H.Hospital_Management_Application    : No active profile set, falling back to 1 default profile: "default"
2026-03-27T14:37:46.214+08:00  INFO 13928 --- [restartedMain] .s.d.r.c.RepositoryConfigurationDelegate : Bootstrapping Spring Data JPA repositories in DEFAULT mode.
2026-03-27T14:37:46.231+08:00  INFO 13928 --- [restartedMain] .s.d.r.c.RepositoryConfigurationDelegate : Finished Spring Data repository scanning in 16 ms. Found 8 JPA repository interfaces.
2026-03-27T14:37:46.298+08:00  INFO 13928 --- [restartedMain] o.s.boot.tomcat.TomcatWebServer          : Tomcat initialized with port 8081 (http)
2026-03-27T14:37:46.298+08:00  INFO 13928 --- [restartedMain] o.apache.catalina.core.StandardService   : Starting service [Tomcat]
2026-03-27T14:37:46.299+08:00  INFO 13928 --- [restartedMain] o.apache.catalina.core.StandardEngine    : Starting Servlet engine: [Apache Tomcat/11.0.18]
2026-03-27T14:37:46.335+08:00  INFO 13928 --- [restartedMain] b.w.c.s.WebApplicationContextInitializer : Root WebApplicationContext: initialization completed in 246 ms
2026-03-27T14:37:46.362+08:00  INFO 13928 --- [restartedMain] org.hibernate.orm.jpa                    : HHH008540: Processing PersistenceUnitInfo [name: default]
2026-03-27T14:37:46.391+08:00  INFO 13928 --- [restartedMain] o.s.o.j.p.SpringPersistenceUnitInfo      : No LoadTimeWeaver setup: ignoring JPA class transformer
2026-03-27T14:37:46.392+08:00  INFO 13928 --- [restartedMain] com.zaxxer.hikari.HikariDataSource       : HikariPool-2 - Starting...
2026-03-27T14:37:46.416+08:00  INFO 13928 --- [restartedMain] com.zaxxer.hikari.pool.HikariPool        : HikariPool-2 - Added connection org.postgresql.jdbc.PgConnection@2f99d6df
2026-03-27T14:37:46.417+08:00  INFO 13928 --- [restartedMain] com.zaxxer.hikari.HikariDataSource       : HikariPool-2 - Start completed.
2026-03-27T14:37:46.425+08:00  INFO 13928 --- [restartedMain] org.hibernate.orm.connections.pooling    : HHH10001005: Database info:
	Database JDBC URL [jdbc:postgresql://localhost:5432/learnSpringBoot_hospitalDB]
	Database driver: PostgreSQL JDBC Driver
	Database dialect: PostgreSQLDialect
	Database version: 17.4
	Default catalog/schema: learnSpringBoot_hospitalDB/public
	Autocommit mode: undefined/unknown
	Isolation level: READ_COMMITTED [default READ_COMMITTED]
	JDBC fetch size: none
	Pool: DataSourceConnectionProvider
	Minimum pool size: undefined/unknown
	Maximum pool size: undefined/unknown
2026-03-27T14:37:46.572+08:00  INFO 13928 --- [restartedMain] org.hibernate.orm.core                   : HHH000489: No JTA platform available (set 'hibernate.transaction.jta.platform' to enable JTA platform integration)
2026-03-27T14:37:46.601+08:00  INFO 13928 --- [restartedMain] j.LocalContainerEntityManagerFactoryBean : Initialized JPA EntityManagerFactory for persistence unit 'default'
2026-03-27T14:37:46.633+08:00  WARN 13928 --- [restartedMain] JpaBaseConfiguration$JpaWebConfiguration : spring.jpa.open-in-view is enabled by default. Therefore, database queries may be performed during view rendering. Explicitly configure spring.jpa.open-in-view to disable this warning
2026-03-27T14:37:46.678+08:00  INFO 13928 --- [restartedMain] r$InitializeUserDetailsManagerConfigurer : Global AuthenticationManager configured with UserDetailsService bean with name customUserDetailsService
2026-03-27T14:37:46.844+08:00  INFO 13928 --- [restartedMain] o.s.boot.tomcat.TomcatWebServer          : Tomcat started on port 8081 (http) with context path '/api'
2026-03-27T14:37:46.845+08:00  INFO 13928 --- [restartedMain] c.l.H.Hospital_Management_Application    : Started Hospital_Management_Application in 0.778 seconds (process running for 2868.098)
2026-03-27T14:37:46.847+08:00  INFO 13928 --- [restartedMain] .ConditionEvaluationDeltaLoggingListener : Condition evaluation unchanged
2026-03-27T14:38:30.964+08:00  INFO 13928 --- [File Watcher] rtingClassPathChangeChangedEventListener : Restarting due to 2 class path changes (0 additions, 2 deletions, 0 modifications)
2026-03-27T14:38:30.965+08:00  INFO 13928 --- [Thread-5] o.s.boot.tomcat.GracefulShutdown         : Commencing graceful shutdown. Waiting for active requests to complete
2026-03-27T14:38:30.978+08:00  INFO 13928 --- [tomcat-shutdown] o.s.boot.tomcat.GracefulShutdown         : Graceful shutdown complete
2026-03-27T14:38:30.980+08:00  INFO 13928 --- [Thread-5] j.LocalContainerEntityManagerFactoryBean : Closing JPA EntityManagerFactory for persistence unit 'default'
2026-03-27T14:38:30.980+08:00  INFO 13928 --- [Thread-5] com.zaxxer.hikari.HikariDataSource       : HikariPool-2 - Shutdown initiated...
2026-03-27T14:38:30.982+08:00  INFO 13928 --- [Thread-5] com.zaxxer.hikari.HikariDataSource       : HikariPool-2 - Shutdown completed.
2026-03-27T14:38:31.060+08:00  INFO 13928 --- [restartedMain] c.l.H.Hospital_Management_Application    : Starting Hospital_Management_Application using Java 21.0.9 with PID 13928 (D:\New learning codes\SpringBoot Code\anujSharma\CodingShuttleProject\Hospital_Mgmt_SB\Hospital_Mgmt_SB\target\classes started by tauki in D:\New learning codes\SpringBoot Code\anujSharma\CodingShuttleProject\Hospital_Mgmt_SB)
2026-03-27T14:38:31.060+08:00  INFO 13928 --- [restartedMain] c.l.H.Hospital_Management_Application    : No active profile set, falling back to 1 default profile: "default"
2026-03-27T14:38:31.182+08:00  INFO 13928 --- [restartedMain] .s.d.r.c.RepositoryConfigurationDelegate : Bootstrapping Spring Data JPA repositories in DEFAULT mode.
2026-03-27T14:38:31.202+08:00  INFO 13928 --- [restartedMain] .s.d.r.c.RepositoryConfigurationDelegate : Finished Spring Data repository scanning in 18 ms. Found 8 JPA repository interfaces.
2026-03-27T14:38:31.258+08:00  INFO 13928 --- [restartedMain] o.s.boot.tomcat.TomcatWebServer          : Tomcat initialized with port 8081 (http)
2026-03-27T14:38:31.258+08:00  INFO 13928 --- [restartedMain] o.apache.catalina.core.StandardService   : Starting service [Tomcat]
2026-03-27T14:38:31.259+08:00  INFO 13928 --- [restartedMain] o.apache.catalina.core.StandardEngine    : Starting Servlet engine: [Apache Tomcat/11.0.18]
2026-03-27T14:38:31.280+08:00  INFO 13928 --- [restartedMain] b.w.c.s.WebApplicationContextInitializer : Root WebApplicationContext: initialization completed in 218 ms
2026-03-27T14:38:31.298+08:00  INFO 13928 --- [restartedMain] org.hibernate.orm.jpa                    : HHH008540: Processing PersistenceUnitInfo [name: default]
2026-03-27T14:38:31.330+08:00  INFO 13928 --- [restartedMain] o.s.o.j.p.SpringPersistenceUnitInfo      : No LoadTimeWeaver setup: ignoring JPA class transformer
2026-03-27T14:38:31.331+08:00  INFO 13928 --- [restartedMain] com.zaxxer.hikari.HikariDataSource       : HikariPool-3 - Starting...
2026-03-27T14:38:31.356+08:00  INFO 13928 --- [restartedMain] com.zaxxer.hikari.pool.HikariPool        : HikariPool-3 - Added connection org.postgresql.jdbc.PgConnection@1d7f66d5
2026-03-27T14:38:31.356+08:00  INFO 13928 --- [restartedMain] com.zaxxer.hikari.HikariDataSource       : HikariPool-3 - Start completed.
2026-03-27T14:38:31.366+08:00  INFO 13928 --- [restartedMain] org.hibernate.orm.connections.pooling    : HHH10001005: Database info:
	Database JDBC URL [jdbc:postgresql://localhost:5432/learnSpringBoot_hospitalDB]
	Database driver: PostgreSQL JDBC Driver
	Database dialect: PostgreSQLDialect
	Database version: 17.4
	Default catalog/schema: learnSpringBoot_hospitalDB/public
	Autocommit mode: undefined/unknown
	Isolation level: READ_COMMITTED [default READ_COMMITTED]
	JDBC fetch size: none
	Pool: DataSourceConnectionProvider
	Minimum pool size: undefined/unknown
	Maximum pool size: undefined/unknown
2026-03-27T14:38:31.480+08:00  INFO 13928 --- [restartedMain] org.hibernate.orm.core                   : HHH000489: No JTA platform available (set 'hibernate.transaction.jta.platform' to enable JTA platform integration)
2026-03-27T14:38:31.505+08:00  INFO 13928 --- [restartedMain] j.LocalContainerEntityManagerFactoryBean : Initialized JPA EntityManagerFactory for persistence unit 'default'
2026-03-27T14:38:31.528+08:00  WARN 13928 --- [restartedMain] JpaBaseConfiguration$JpaWebConfiguration : spring.jpa.open-in-view is enabled by default. Therefore, database queries may be performed during view rendering. Explicitly configure spring.jpa.open-in-view to disable this warning
2026-03-27T14:38:31.574+08:00  INFO 13928 --- [restartedMain] r$InitializeUserDetailsManagerConfigurer : Global AuthenticationManager configured with UserDetailsService bean with name customUserDetailsService
2026-03-27T14:38:31.733+08:00  INFO 13928 --- [restartedMain] o.s.boot.tomcat.TomcatWebServer          : Tomcat started on port 8081 (http) with context path '/api'
2026-03-27T14:38:31.734+08:00  INFO 13928 --- [restartedMain] c.l.H.Hospital_Management_Application    : Started Hospital_Management_Application in 0.7 seconds (process running for 2912.987)
2026-03-27T14:38:31.737+08:00  INFO 13928 --- [restartedMain] .ConditionEvaluationDeltaLoggingListener : Condition evaluation delta:


==========================
CONDITION EVALUATION DELTA
==========================


Positive matches:
-----------------

   OAuth2ClientWebSecurityAutoConfiguration.OAuth2SecurityFilterChainConfiguration matched:
      - AllNestedConditions 2 matched 0 did not; NestedCondition on DefaultWebSecurityCondition.Beans @ConditionalOnMissingBean (types: org.springframework.security.web.SecurityFilterChain; SearchStrategy: all) did not find any beans; NestedCondition on DefaultWebSecurityCondition.Classes @ConditionalOnClass found required classes 'org.springframework.security.web.SecurityFilterChain', 'org.springframework.security.config.annotation.web.builders.HttpSecurity' (DefaultWebSecurityCondition)


Negative matches:
-----------------

    None


Exclusions:
-----------

    None


Unconditional classes:
----------------------

    None



2026-03-27T14:38:45.336+08:00  INFO 13928 --- [File Watcher] rtingClassPathChangeChangedEventListener : Restarting due to 3 class path changes (3 additions, 0 deletions, 0 modifications)
2026-03-27T14:38:45.337+08:00  INFO 13928 --- [Thread-9] o.s.boot.tomcat.GracefulShutdown         : Commencing graceful shutdown. Waiting for active requests to complete
2026-03-27T14:38:45.349+08:00  INFO 13928 --- [tomcat-shutdown] o.s.boot.tomcat.GracefulShutdown         : Graceful shutdown complete
2026-03-27T14:38:45.351+08:00  INFO 13928 --- [Thread-9] j.LocalContainerEntityManagerFactoryBean : Closing JPA EntityManagerFactory for persistence unit 'default'
2026-03-27T14:38:45.352+08:00  INFO 13928 --- [Thread-9] com.zaxxer.hikari.HikariDataSource       : HikariPool-3 - Shutdown initiated...
2026-03-27T14:38:45.353+08:00  INFO 13928 --- [Thread-9] com.zaxxer.hikari.HikariDataSource       : HikariPool-3 - Shutdown completed.
2026-03-27T14:38:45.424+08:00  INFO 13928 --- [restartedMain] c.l.H.Hospital_Management_Application    : Starting Hospital_Management_Application using Java 21.0.9 with PID 13928 (D:\New learning codes\SpringBoot Code\anujSharma\CodingShuttleProject\Hospital_Mgmt_SB\Hospital_Mgmt_SB\target\classes started by tauki in D:\New learning codes\SpringBoot Code\anujSharma\CodingShuttleProject\Hospital_Mgmt_SB)
2026-03-27T14:38:45.424+08:00  INFO 13928 --- [restartedMain] c.l.H.Hospital_Management_Application    : No active profile set, falling back to 1 default profile: "default"
2026-03-27T14:38:45.532+08:00  INFO 13928 --- [restartedMain] .s.d.r.c.RepositoryConfigurationDelegate : Bootstrapping Spring Data JPA repositories in DEFAULT mode.
2026-03-27T14:38:45.547+08:00  INFO 13928 --- [restartedMain] .s.d.r.c.RepositoryConfigurationDelegate : Finished Spring Data repository scanning in 14 ms. Found 8 JPA repository interfaces.
2026-03-27T14:38:45.599+08:00  INFO 13928 --- [restartedMain] o.s.boot.tomcat.TomcatWebServer          : Tomcat initialized with port 8081 (http)
2026-03-27T14:38:45.600+08:00  INFO 13928 --- [restartedMain] o.apache.catalina.core.StandardService   : Starting service [Tomcat]
2026-03-27T14:38:45.600+08:00  INFO 13928 --- [restartedMain] o.apache.catalina.core.StandardEngine    : Starting Servlet engine: [Apache Tomcat/11.0.18]
2026-03-27T14:38:45.614+08:00  INFO 13928 --- [restartedMain] b.w.c.s.WebApplicationContextInitializer : Root WebApplicationContext: initialization completed in 187 ms
2026-03-27T14:38:45.630+08:00  INFO 13928 --- [restartedMain] org.hibernate.orm.jpa                    : HHH008540: Processing PersistenceUnitInfo [name: default]
2026-03-27T14:38:45.657+08:00  INFO 13928 --- [restartedMain] o.s.o.j.p.SpringPersistenceUnitInfo      : No LoadTimeWeaver setup: ignoring JPA class transformer
2026-03-27T14:38:45.658+08:00  INFO 13928 --- [restartedMain] com.zaxxer.hikari.HikariDataSource       : HikariPool-4 - Starting...
2026-03-27T14:38:45.685+08:00  INFO 13928 --- [restartedMain] com.zaxxer.hikari.pool.HikariPool        : HikariPool-4 - Added connection org.postgresql.jdbc.PgConnection@28f1d8
2026-03-27T14:38:45.685+08:00  INFO 13928 --- [restartedMain] com.zaxxer.hikari.HikariDataSource       : HikariPool-4 - Start completed.
2026-03-27T14:38:45.695+08:00  INFO 13928 --- [restartedMain] org.hibernate.orm.connections.pooling    : HHH10001005: Database info:
	Database JDBC URL [jdbc:postgresql://localhost:5432/learnSpringBoot_hospitalDB]
	Database driver: PostgreSQL JDBC Driver
	Database dialect: PostgreSQLDialect
	Database version: 17.4
	Default catalog/schema: learnSpringBoot_hospitalDB/public
	Autocommit mode: undefined/unknown
	Isolation level: READ_COMMITTED [default READ_COMMITTED]
	JDBC fetch size: none
	Pool: DataSourceConnectionProvider
	Minimum pool size: undefined/unknown
	Maximum pool size: undefined/unknown
2026-03-27T14:38:45.805+08:00  INFO 13928 --- [restartedMain] org.hibernate.orm.core                   : HHH000489: No JTA platform available (set 'hibernate.transaction.jta.platform' to enable JTA platform integration)
2026-03-27T14:38:45.831+08:00  INFO 13928 --- [restartedMain] j.LocalContainerEntityManagerFactoryBean : Initialized JPA EntityManagerFactory for persistence unit 'default'
2026-03-27T14:38:45.866+08:00  WARN 13928 --- [restartedMain] JpaBaseConfiguration$JpaWebConfiguration : spring.jpa.open-in-view is enabled by default. Therefore, database queries may be performed during view rendering. Explicitly configure spring.jpa.open-in-view to disable this warning
2026-03-27T14:38:45.908+08:00  INFO 13928 --- [restartedMain] r$InitializeUserDetailsManagerConfigurer : Global AuthenticationManager configured with UserDetailsService bean with name customUserDetailsService
2026-03-27T14:38:46.053+08:00  INFO 13928 --- [restartedMain] o.s.boot.tomcat.TomcatWebServer          : Tomcat started on port 8081 (http) with context path '/api'
2026-03-27T14:38:46.055+08:00  INFO 13928 --- [restartedMain] c.l.H.Hospital_Management_Application    : Started Hospital_Management_Application in 0.655 seconds (process running for 2927.308)
2026-03-27T14:38:46.056+08:00  INFO 13928 --- [restartedMain] .ConditionEvaluationDeltaLoggingListener : Condition evaluation delta:


==========================
CONDITION EVALUATION DELTA
==========================


Positive matches:
-----------------

    None


Negative matches:
-----------------

   OAuth2ClientWebSecurityAutoConfiguration.OAuth2SecurityFilterChainConfiguration:
      Did not match:
         - AllNestedConditions 1 matched 1 did not; NestedCondition on DefaultWebSecurityCondition.Beans @ConditionalOnMissingBean (types: org.springframework.security.web.SecurityFilterChain; SearchStrategy: all) found beans of type 'org.springframework.security.web.SecurityFilterChain' securityFilterChain; NestedCondition on DefaultWebSecurityCondition.Classes @ConditionalOnClass found required classes 'org.springframework.security.web.SecurityFilterChain', 'org.springframework.security.config.annotation.web.builders.HttpSecurity' (DefaultWebSecurityCondition)


Exclusions:
-----------

    None


Unconditional classes:
----------------------

    None



2026-03-27T14:40:01.645+08:00  INFO 13928 --- [File Watcher] rtingClassPathChangeChangedEventListener : Restarting due to 3 class path changes (0 additions, 3 deletions, 0 modifications)
2026-03-27T14:40:01.646+08:00  INFO 13928 --- [Thread-13] o.s.boot.tomcat.GracefulShutdown         : Commencing graceful shutdown. Waiting for active requests to complete
2026-03-27T14:40:01.660+08:00  INFO 13928 --- [tomcat-shutdown] o.s.boot.tomcat.GracefulShutdown         : Graceful shutdown complete
2026-03-27T14:40:01.661+08:00  INFO 13928 --- [Thread-13] j.LocalContainerEntityManagerFactoryBean : Closing JPA EntityManagerFactory for persistence unit 'default'
2026-03-27T14:40:01.662+08:00  INFO 13928 --- [Thread-13] com.zaxxer.hikari.HikariDataSource       : HikariPool-4 - Shutdown initiated...
2026-03-27T14:40:01.662+08:00  INFO 13928 --- [Thread-13] com.zaxxer.hikari.HikariDataSource       : HikariPool-4 - Shutdown completed.
2026-03-27T14:40:01.735+08:00  INFO 13928 --- [restartedMain] c.l.H.Hospital_Management_Application    : Starting Hospital_Management_Application using Java 21.0.9 with PID 13928 (D:\New learning codes\SpringBoot Code\anujSharma\CodingShuttleProject\Hospital_Mgmt_SB\Hospital_Mgmt_SB\target\classes started by tauki in D:\New learning codes\SpringBoot Code\anujSharma\CodingShuttleProject\Hospital_Mgmt_SB)
2026-03-27T14:40:01.735+08:00  INFO 13928 --- [restartedMain] c.l.H.Hospital_Management_Application    : No active profile set, falling back to 1 default profile: "default"
2026-03-27T14:40:01.833+08:00  INFO 13928 --- [restartedMain] .s.d.r.c.RepositoryConfigurationDelegate : Bootstrapping Spring Data JPA repositories in DEFAULT mode.
2026-03-27T14:40:01.854+08:00  INFO 13928 --- [restartedMain] .s.d.r.c.RepositoryConfigurationDelegate : Finished Spring Data repository scanning in 20 ms. Found 8 JPA repository interfaces.
2026-03-27T14:40:01.905+08:00  INFO 13928 --- [restartedMain] o.s.boot.tomcat.TomcatWebServer          : Tomcat initialized with port 8081 (http)
2026-03-27T14:40:01.905+08:00  INFO 13928 --- [restartedMain] o.apache.catalina.core.StandardService   : Starting service [Tomcat]
2026-03-27T14:40:01.905+08:00  INFO 13928 --- [restartedMain] o.apache.catalina.core.StandardEngine    : Starting Servlet engine: [Apache Tomcat/11.0.18]
2026-03-27T14:40:01.920+08:00  INFO 13928 --- [restartedMain] b.w.c.s.WebApplicationContextInitializer : Root WebApplicationContext: initialization completed in 183 ms
2026-03-27T14:40:01.935+08:00  INFO 13928 --- [restartedMain] org.hibernate.orm.jpa                    : HHH008540: Processing PersistenceUnitInfo [name: default]
2026-03-27T14:40:01.961+08:00  INFO 13928 --- [restartedMain] o.s.o.j.p.SpringPersistenceUnitInfo      : No LoadTimeWeaver setup: ignoring JPA class transformer
2026-03-27T14:40:01.962+08:00  INFO 13928 --- [restartedMain] com.zaxxer.hikari.HikariDataSource       : HikariPool-5 - Starting...
2026-03-27T14:40:01.991+08:00  INFO 13928 --- [restartedMain] com.zaxxer.hikari.pool.HikariPool        : HikariPool-5 - Added connection org.postgresql.jdbc.PgConnection@10dd840c
2026-03-27T14:40:01.992+08:00  INFO 13928 --- [restartedMain] com.zaxxer.hikari.HikariDataSource       : HikariPool-5 - Start completed.
2026-03-27T14:40:02.001+08:00  INFO 13928 --- [restartedMain] org.hibernate.orm.connections.pooling    : HHH10001005: Database info:
	Database JDBC URL [jdbc:postgresql://localhost:5432/learnSpringBoot_hospitalDB]
	Database driver: PostgreSQL JDBC Driver
	Database dialect: PostgreSQLDialect
	Database version: 17.4
	Default catalog/schema: learnSpringBoot_hospitalDB/public
	Autocommit mode: undefined/unknown
	Isolation level: READ_COMMITTED [default READ_COMMITTED]
	JDBC fetch size: none
	Pool: DataSourceConnectionProvider
	Minimum pool size: undefined/unknown
	Maximum pool size: undefined/unknown
2026-03-27T14:40:02.212+08:00  INFO 13928 --- [restartedMain] org.hibernate.orm.core                   : HHH000489: No JTA platform available (set 'hibernate.transaction.jta.platform' to enable JTA platform integration)
2026-03-27T14:40:02.246+08:00  INFO 13928 --- [restartedMain] j.LocalContainerEntityManagerFactoryBean : Initialized JPA EntityManagerFactory for persistence unit 'default'
2026-03-27T14:40:02.293+08:00  WARN 13928 --- [restartedMain] JpaBaseConfiguration$JpaWebConfiguration : spring.jpa.open-in-view is enabled by default. Therefore, database queries may be performed during view rendering. Explicitly configure spring.jpa.open-in-view to disable this warning
2026-03-27T14:40:02.351+08:00  INFO 13928 --- [restartedMain] r$InitializeUserDetailsManagerConfigurer : Global AuthenticationManager configured with UserDetailsService bean with name customUserDetailsService
2026-03-27T14:40:02.509+08:00  INFO 13928 --- [restartedMain] o.s.boot.tomcat.TomcatWebServer          : Tomcat started on port 8081 (http) with context path '/api'
2026-03-27T14:40:02.510+08:00  INFO 13928 --- [restartedMain] c.l.H.Hospital_Management_Application    : Started Hospital_Management_Application in 0.795 seconds (process running for 3003.764)
2026-03-27T14:40:02.511+08:00  INFO 13928 --- [restartedMain] .ConditionEvaluationDeltaLoggingListener : Condition evaluation unchanged
2026-03-27T14:40:03.937+08:00  INFO 13928 --- [File Watcher] rtingClassPathChangeChangedEventListener : Restarting due to 4 class path changes (4 additions, 0 deletions, 0 modifications)
2026-03-27T14:40:03.937+08:00  INFO 13928 --- [Thread-17] o.s.boot.tomcat.GracefulShutdown         : Commencing graceful shutdown. Waiting for active requests to complete
2026-03-27T14:40:03.952+08:00  INFO 13928 --- [tomcat-shutdown] o.s.boot.tomcat.GracefulShutdown         : Graceful shutdown complete
2026-03-27T14:40:03.953+08:00  INFO 13928 --- [Thread-17] j.LocalContainerEntityManagerFactoryBean : Closing JPA EntityManagerFactory for persistence unit 'default'
2026-03-27T14:40:03.953+08:00  INFO 13928 --- [Thread-17] com.zaxxer.hikari.HikariDataSource       : HikariPool-5 - Shutdown initiated...
2026-03-27T14:40:03.955+08:00  INFO 13928 --- [Thread-17] com.zaxxer.hikari.HikariDataSource       : HikariPool-5 - Shutdown completed.
2026-03-27T14:40:04.023+08:00  INFO 13928 --- [restartedMain] c.l.H.Hospital_Management_Application    : Starting Hospital_Management_Application using Java 21.0.9 with PID 13928 (D:\New learning codes\SpringBoot Code\anujSharma\CodingShuttleProject\Hospital_Mgmt_SB\Hospital_Mgmt_SB\target\classes started by tauki in D:\New learning codes\SpringBoot Code\anujSharma\CodingShuttleProject\Hospital_Mgmt_SB)
2026-03-27T14:40:04.023+08:00  INFO 13928 --- [restartedMain] c.l.H.Hospital_Management_Application    : No active profile set, falling back to 1 default profile: "default"
2026-03-27T14:40:04.118+08:00  INFO 13928 --- [restartedMain] .s.d.r.c.RepositoryConfigurationDelegate : Bootstrapping Spring Data JPA repositories in DEFAULT mode.
2026-03-27T14:40:04.135+08:00  INFO 13928 --- [restartedMain] .s.d.r.c.RepositoryConfigurationDelegate : Finished Spring Data repository scanning in 16 ms. Found 8 JPA repository interfaces.
2026-03-27T14:40:04.185+08:00  INFO 13928 --- [restartedMain] o.s.boot.tomcat.TomcatWebServer          : Tomcat initialized with port 8081 (http)
2026-03-27T14:40:04.186+08:00  INFO 13928 --- [restartedMain] o.apache.catalina.core.StandardService   : Starting service [Tomcat]
2026-03-27T14:40:04.186+08:00  INFO 13928 --- [restartedMain] o.apache.catalina.core.StandardEngine    : Starting Servlet engine: [Apache Tomcat/11.0.18]
2026-03-27T14:40:04.202+08:00  INFO 13928 --- [restartedMain] b.w.c.s.WebApplicationContextInitializer : Root WebApplicationContext: initialization completed in 177 ms
2026-03-27T14:40:04.216+08:00  INFO 13928 --- [restartedMain] org.hibernate.orm.jpa                    : HHH008540: Processing PersistenceUnitInfo [name: default]
2026-03-27T14:40:04.237+08:00  INFO 13928 --- [restartedMain] o.s.o.j.p.SpringPersistenceUnitInfo      : No LoadTimeWeaver setup: ignoring JPA class transformer
2026-03-27T14:40:04.238+08:00  INFO 13928 --- [restartedMain] com.zaxxer.hikari.HikariDataSource       : HikariPool-6 - Starting...
2026-03-27T14:40:04.375+08:00  INFO 13928 --- [restartedMain] com.zaxxer.hikari.pool.HikariPool        : HikariPool-6 - Added connection org.postgresql.jdbc.PgConnection@11e4b2d2
2026-03-27T14:40:04.375+08:00  INFO 13928 --- [restartedMain] com.zaxxer.hikari.HikariDataSource       : HikariPool-6 - Start completed.
2026-03-27T14:40:04.383+08:00  INFO 13928 --- [restartedMain] org.hibernate.orm.connections.pooling    : HHH10001005: Database info:
	Database JDBC URL [jdbc:postgresql://localhost:5432/learnSpringBoot_hospitalDB]
	Database driver: PostgreSQL JDBC Driver
	Database dialect: PostgreSQLDialect
	Database version: 17.4
	Default catalog/schema: learnSpringBoot_hospitalDB/public
	Autocommit mode: undefined/unknown
	Isolation level: READ_COMMITTED [default READ_COMMITTED]
	JDBC fetch size: none
	Pool: DataSourceConnectionProvider
	Minimum pool size: undefined/unknown
	Maximum pool size: undefined/unknown
2026-03-27T14:40:04.466+08:00  INFO 13928 --- [restartedMain] org.hibernate.orm.core                   : HHH000489: No JTA platform available (set 'hibernate.transaction.jta.platform' to enable JTA platform integration)
2026-03-27T14:40:04.491+08:00  INFO 13928 --- [restartedMain] j.LocalContainerEntityManagerFactoryBean : Initialized JPA EntityManagerFactory for persistence unit 'default'
2026-03-27T14:40:04.512+08:00  WARN 13928 --- [restartedMain] JpaBaseConfiguration$JpaWebConfiguration : spring.jpa.open-in-view is enabled by default. Therefore, database queries may be performed during view rendering. Explicitly configure spring.jpa.open-in-view to disable this warning
2026-03-27T14:40:04.545+08:00  INFO 13928 --- [restartedMain] r$InitializeUserDetailsManagerConfigurer : Global AuthenticationManager configured with UserDetailsService bean with name customUserDetailsService
2026-03-27T14:40:04.656+08:00  INFO 13928 --- [restartedMain] o.s.boot.tomcat.TomcatWebServer          : Tomcat started on port 8081 (http) with context path '/api'
2026-03-27T14:40:04.657+08:00  INFO 13928 --- [restartedMain] c.l.H.Hospital_Management_Application    : Started Hospital_Management_Application in 0.657 seconds (process running for 3005.91)
2026-03-27T14:40:04.657+08:00  INFO 13928 --- [restartedMain] .ConditionEvaluationDeltaLoggingListener : Condition evaluation unchanged
2026-03-27T14:40:42.063+08:00  INFO 13928 --- [File Watcher] rtingClassPathChangeChangedEventListener : Restarting due to 1 class path change (0 additions, 0 deletions, 1 modification)
2026-03-27T14:40:42.064+08:00  INFO 13928 --- [Thread-21] o.s.boot.tomcat.GracefulShutdown         : Commencing graceful shutdown. Waiting for active requests to complete
2026-03-27T14:40:42.077+08:00  INFO 13928 --- [tomcat-shutdown] o.s.boot.tomcat.GracefulShutdown         : Graceful shutdown complete
2026-03-27T14:40:42.079+08:00  INFO 13928 --- [Thread-21] j.LocalContainerEntityManagerFactoryBean : Closing JPA EntityManagerFactory for persistence unit 'default'
2026-03-27T14:40:42.079+08:00  INFO 13928 --- [Thread-21] com.zaxxer.hikari.HikariDataSource       : HikariPool-6 - Shutdown initiated...
2026-03-27T14:40:42.080+08:00  INFO 13928 --- [Thread-21] com.zaxxer.hikari.HikariDataSource       : HikariPool-6 - Shutdown completed.
2026-03-27T14:40:42.137+08:00  INFO 13928 --- [restartedMain] c.l.H.Hospital_Management_Application    : Starting Hospital_Management_Application using Java 21.0.9 with PID 13928 (D:\New learning codes\SpringBoot Code\anujSharma\CodingShuttleProject\Hospital_Mgmt_SB\Hospital_Mgmt_SB\target\classes started by tauki in D:\New learning codes\SpringBoot Code\anujSharma\CodingShuttleProject\Hospital_Mgmt_SB)
2026-03-27T14:40:42.137+08:00  INFO 13928 --- [restartedMain] c.l.H.Hospital_Management_Application    : No active profile set, falling back to 1 default profile: "default"
2026-03-27T14:40:42.203+08:00  INFO 13928 --- [restartedMain] .s.d.r.c.RepositoryConfigurationDelegate : Bootstrapping Spring Data JPA repositories in DEFAULT mode.
2026-03-27T14:40:42.217+08:00  INFO 13928 --- [restartedMain] .s.d.r.c.RepositoryConfigurationDelegate : Finished Spring Data repository scanning in 12 ms. Found 8 JPA repository interfaces.
2026-03-27T14:40:42.262+08:00  INFO 13928 --- [restartedMain] o.s.boot.tomcat.TomcatWebServer          : Tomcat initialized with port 8081 (http)
2026-03-27T14:40:42.263+08:00  INFO 13928 --- [restartedMain] o.apache.catalina.core.StandardService   : Starting service [Tomcat]
2026-03-27T14:40:42.263+08:00  INFO 13928 --- [restartedMain] o.apache.catalina.core.StandardEngine    : Starting Servlet engine: [Apache Tomcat/11.0.18]
2026-03-27T14:40:42.276+08:00  INFO 13928 --- [restartedMain] b.w.c.s.WebApplicationContextInitializer : Root WebApplicationContext: initialization completed in 138 ms
2026-03-27T14:40:42.290+08:00  INFO 13928 --- [restartedMain] org.hibernate.orm.jpa                    : HHH008540: Processing PersistenceUnitInfo [name: default]
2026-03-27T14:40:42.304+08:00  INFO 13928 --- [restartedMain] o.s.o.j.p.SpringPersistenceUnitInfo      : No LoadTimeWeaver setup: ignoring JPA class transformer
2026-03-27T14:40:42.305+08:00  INFO 13928 --- [restartedMain] com.zaxxer.hikari.HikariDataSource       : HikariPool-7 - Starting...
2026-03-27T14:40:42.330+08:00  INFO 13928 --- [restartedMain] com.zaxxer.hikari.pool.HikariPool        : HikariPool-7 - Added connection org.postgresql.jdbc.PgConnection@4f819c11
2026-03-27T14:40:42.330+08:00  INFO 13928 --- [restartedMain] com.zaxxer.hikari.HikariDataSource       : HikariPool-7 - Start completed.
2026-03-27T14:40:42.339+08:00  INFO 13928 --- [restartedMain] org.hibernate.orm.connections.pooling    : HHH10001005: Database info:
	Database JDBC URL [jdbc:postgresql://localhost:5432/learnSpringBoot_hospitalDB]
	Database driver: PostgreSQL JDBC Driver
	Database dialect: PostgreSQLDialect
	Database version: 17.4
	Default catalog/schema: learnSpringBoot_hospitalDB/public
	Autocommit mode: undefined/unknown
	Isolation level: READ_COMMITTED [default READ_COMMITTED]
	JDBC fetch size: none
	Pool: DataSourceConnectionProvider
	Minimum pool size: undefined/unknown
	Maximum pool size: undefined/unknown
2026-03-27T14:40:42.424+08:00  INFO 13928 --- [restartedMain] org.hibernate.orm.core                   : HHH000489: No JTA platform available (set 'hibernate.transaction.jta.platform' to enable JTA platform integration)
2026-03-27T14:40:42.448+08:00  INFO 13928 --- [restartedMain] j.LocalContainerEntityManagerFactoryBean : Initialized JPA EntityManagerFactory for persistence unit 'default'
2026-03-27T14:40:42.466+08:00  WARN 13928 --- [restartedMain] JpaBaseConfiguration$JpaWebConfiguration : spring.jpa.open-in-view is enabled by default. Therefore, database queries may be performed during view rendering. Explicitly configure spring.jpa.open-in-view to disable this warning
2026-03-27T14:40:42.494+08:00  INFO 13928 --- [restartedMain] r$InitializeUserDetailsManagerConfigurer : Global AuthenticationManager configured with UserDetailsService bean with name customUserDetailsService
2026-03-27T14:40:42.610+08:00  INFO 13928 --- [restartedMain] o.s.boot.tomcat.TomcatWebServer          : Tomcat started on port 8081 (http) with context path '/api'
2026-03-27T14:40:42.611+08:00  INFO 13928 --- [restartedMain] c.l.H.Hospital_Management_Application    : Started Hospital_Management_Application in 0.488 seconds (process running for 3043.863)
2026-03-27T14:40:42.611+08:00  INFO 13928 --- [restartedMain] .ConditionEvaluationDeltaLoggingListener : Condition evaluation unchanged
2026-03-27T14:40:52.566+08:00  INFO 13928 --- [File Watcher] rtingClassPathChangeChangedEventListener : Restarting due to 1 class path change (0 additions, 0 deletions, 1 modification)
2026-03-27T14:40:52.567+08:00  INFO 13928 --- [Thread-25] o.s.boot.tomcat.GracefulShutdown         : Commencing graceful shutdown. Waiting for active requests to complete
2026-03-27T14:40:52.579+08:00  INFO 13928 --- [tomcat-shutdown] o.s.boot.tomcat.GracefulShutdown         : Graceful shutdown complete
2026-03-27T14:40:52.581+08:00  INFO 13928 --- [Thread-25] j.LocalContainerEntityManagerFactoryBean : Closing JPA EntityManagerFactory for persistence unit 'default'
2026-03-27T14:40:52.582+08:00  INFO 13928 --- [Thread-25] com.zaxxer.hikari.HikariDataSource       : HikariPool-7 - Shutdown initiated...
2026-03-27T14:40:52.583+08:00  INFO 13928 --- [Thread-25] com.zaxxer.hikari.HikariDataSource       : HikariPool-7 - Shutdown completed.
2026-03-27T14:40:52.634+08:00  INFO 13928 --- [restartedMain] c.l.H.Hospital_Management_Application    : Starting Hospital_Management_Application using Java 21.0.9 with PID 13928 (D:\New learning codes\SpringBoot Code\anujSharma\CodingShuttleProject\Hospital_Mgmt_SB\Hospital_Mgmt_SB\target\classes started by tauki in D:\New learning codes\SpringBoot Code\anujSharma\CodingShuttleProject\Hospital_Mgmt_SB)
2026-03-27T14:40:52.634+08:00  INFO 13928 --- [restartedMain] c.l.H.Hospital_Management_Application    : No active profile set, falling back to 1 default profile: "default"
2026-03-27T14:40:52.703+08:00  INFO 13928 --- [restartedMain] .s.d.r.c.RepositoryConfigurationDelegate : Bootstrapping Spring Data JPA repositories in DEFAULT mode.
2026-03-27T14:40:52.716+08:00  INFO 13928 --- [restartedMain] .s.d.r.c.RepositoryConfigurationDelegate : Finished Spring Data repository scanning in 12 ms. Found 8 JPA repository interfaces.
2026-03-27T14:40:52.754+08:00  INFO 13928 --- [restartedMain] o.s.boot.tomcat.TomcatWebServer          : Tomcat initialized with port 8081 (http)
2026-03-27T14:40:52.755+08:00  INFO 13928 --- [restartedMain] o.apache.catalina.core.StandardService   : Starting service [Tomcat]
2026-03-27T14:40:52.755+08:00  INFO 13928 --- [restartedMain] o.apache.catalina.core.StandardEngine    : Starting Servlet engine: [Apache Tomcat/11.0.18]
2026-03-27T14:40:52.767+08:00  INFO 13928 --- [restartedMain] b.w.c.s.WebApplicationContextInitializer : Root WebApplicationContext: initialization completed in 132 ms
2026-03-27T14:40:52.779+08:00  INFO 13928 --- [restartedMain] org.hibernate.orm.jpa                    : HHH008540: Processing PersistenceUnitInfo [name: default]
2026-03-27T14:40:52.791+08:00  INFO 13928 --- [restartedMain] o.s.o.j.p.SpringPersistenceUnitInfo      : No LoadTimeWeaver setup: ignoring JPA class transformer
2026-03-27T14:40:52.791+08:00  INFO 13928 --- [restartedMain] com.zaxxer.hikari.HikariDataSource       : HikariPool-8 - Starting...
2026-03-27T14:40:52.817+08:00  INFO 13928 --- [restartedMain] com.zaxxer.hikari.pool.HikariPool        : HikariPool-8 - Added connection org.postgresql.jdbc.PgConnection@12ed6cd1
2026-03-27T14:40:52.817+08:00  INFO 13928 --- [restartedMain] com.zaxxer.hikari.HikariDataSource       : HikariPool-8 - Start completed.
2026-03-27T14:40:52.826+08:00  INFO 13928 --- [restartedMain] org.hibernate.orm.connections.pooling    : HHH10001005: Database info:
	Database JDBC URL [jdbc:postgresql://localhost:5432/learnSpringBoot_hospitalDB]
	Database driver: PostgreSQL JDBC Driver
	Database dialect: PostgreSQLDialect
	Database version: 17.4
	Default catalog/schema: learnSpringBoot_hospitalDB/public
	Autocommit mode: undefined/unknown
	Isolation level: READ_COMMITTED [default READ_COMMITTED]
	JDBC fetch size: none
	Pool: DataSourceConnectionProvider
	Minimum pool size: undefined/unknown
	Maximum pool size: undefined/unknown
2026-03-27T14:40:52.896+08:00  INFO 13928 --- [restartedMain] org.hibernate.orm.core                   : HHH000489: No JTA platform available (set 'hibernate.transaction.jta.platform' to enable JTA platform integration)
2026-03-27T14:40:52.918+08:00  INFO 13928 --- [restartedMain] j.LocalContainerEntityManagerFactoryBean : Initialized JPA EntityManagerFactory for persistence unit 'default'
2026-03-27T14:40:52.934+08:00  WARN 13928 --- [restartedMain] JpaBaseConfiguration$JpaWebConfiguration : spring.jpa.open-in-view is enabled by default. Therefore, database queries may be performed during view rendering. Explicitly configure spring.jpa.open-in-view to disable this warning
2026-03-27T14:40:52.961+08:00  INFO 13928 --- [restartedMain] r$InitializeUserDetailsManagerConfigurer : Global AuthenticationManager configured with UserDetailsService bean with name customUserDetailsService
2026-03-27T14:40:53.071+08:00  INFO 13928 --- [restartedMain] o.s.boot.tomcat.TomcatWebServer          : Tomcat started on port 8081 (http) with context path '/api'
2026-03-27T14:40:53.072+08:00  INFO 13928 --- [restartedMain] c.l.H.Hospital_Management_Application    : Started Hospital_Management_Application in 0.45 seconds (process running for 3054.325)
2026-03-27T14:40:53.072+08:00  INFO 13928 --- [restartedMain] .ConditionEvaluationDeltaLoggingListener : Condition evaluation unchanged
2026-03-27T14:41:45.791+08:00  INFO 13928 --- [File Watcher] rtingClassPathChangeChangedEventListener : Restarting due to 1 class path change (0 additions, 0 deletions, 1 modification)
2026-03-27T14:41:45.792+08:00  INFO 13928 --- [Thread-29] o.s.boot.tomcat.GracefulShutdown         : Commencing graceful shutdown. Waiting for active requests to complete
2026-03-27T14:41:45.807+08:00  INFO 13928 --- [tomcat-shutdown] o.s.boot.tomcat.GracefulShutdown         : Graceful shutdown complete
2026-03-27T14:41:45.810+08:00  INFO 13928 --- [Thread-29] j.LocalContainerEntityManagerFactoryBean : Closing JPA EntityManagerFactory for persistence unit 'default'
2026-03-27T14:41:45.810+08:00  INFO 13928 --- [Thread-29] com.zaxxer.hikari.HikariDataSource       : HikariPool-8 - Shutdown initiated...
2026-03-27T14:41:45.812+08:00  INFO 13928 --- [Thread-29] com.zaxxer.hikari.HikariDataSource       : HikariPool-8 - Shutdown completed.
2026-03-27T14:41:45.896+08:00  INFO 13928 --- [restartedMain] c.l.H.Hospital_Management_Application    : Starting Hospital_Management_Application using Java 21.0.9 with PID 13928 (D:\New learning codes\SpringBoot Code\anujSharma\CodingShuttleProject\Hospital_Mgmt_SB\Hospital_Mgmt_SB\target\classes started by tauki in D:\New learning codes\SpringBoot Code\anujSharma\CodingShuttleProject\Hospital_Mgmt_SB)
2026-03-27T14:41:45.896+08:00  INFO 13928 --- [restartedMain] c.l.H.Hospital_Management_Application    : No active profile set, falling back to 1 default profile: "default"
2026-03-27T14:41:45.992+08:00  INFO 13928 --- [restartedMain] .s.d.r.c.RepositoryConfigurationDelegate : Bootstrapping Spring Data JPA repositories in DEFAULT mode.
2026-03-27T14:41:46.004+08:00  INFO 13928 --- [restartedMain] .s.d.r.c.RepositoryConfigurationDelegate : Finished Spring Data repository scanning in 11 ms. Found 8 JPA repository interfaces.
2026-03-27T14:41:46.043+08:00  INFO 13928 --- [restartedMain] o.s.boot.tomcat.TomcatWebServer          : Tomcat initialized with port 8081 (http)
2026-03-27T14:41:46.044+08:00  INFO 13928 --- [restartedMain] o.apache.catalina.core.StandardService   : Starting service [Tomcat]
2026-03-27T14:41:46.044+08:00  INFO 13928 --- [restartedMain] o.apache.catalina.core.StandardEngine    : Starting Servlet engine: [Apache Tomcat/11.0.18]
2026-03-27T14:41:46.056+08:00  INFO 13928 --- [restartedMain] b.w.c.s.WebApplicationContextInitializer : Root WebApplicationContext: initialization completed in 158 ms
2026-03-27T14:41:46.067+08:00  INFO 13928 --- [restartedMain] org.hibernate.orm.jpa                    : HHH008540: Processing PersistenceUnitInfo [name: default]
2026-03-27T14:41:46.084+08:00  INFO 13928 --- [restartedMain] o.s.o.j.p.SpringPersistenceUnitInfo      : No LoadTimeWeaver setup: ignoring JPA class transformer
2026-03-27T14:41:46.084+08:00  INFO 13928 --- [restartedMain] com.zaxxer.hikari.HikariDataSource       : HikariPool-9 - Starting...
2026-03-27T14:41:46.110+08:00  INFO 13928 --- [restartedMain] com.zaxxer.hikari.pool.HikariPool        : HikariPool-9 - Added connection org.postgresql.jdbc.PgConnection@1c9cfc9e
2026-03-27T14:41:46.110+08:00  INFO 13928 --- [restartedMain] com.zaxxer.hikari.HikariDataSource       : HikariPool-9 - Start completed.
2026-03-27T14:41:46.118+08:00  INFO 13928 --- [restartedMain] org.hibernate.orm.connections.pooling    : HHH10001005: Database info:
	Database JDBC URL [jdbc:postgresql://localhost:5432/learnSpringBoot_hospitalDB]
	Database driver: PostgreSQL JDBC Driver
	Database dialect: PostgreSQLDialect
	Database version: 17.4
	Default catalog/schema: learnSpringBoot_hospitalDB/public
	Autocommit mode: undefined/unknown
	Isolation level: READ_COMMITTED [default READ_COMMITTED]
	JDBC fetch size: none
	Pool: DataSourceConnectionProvider
	Minimum pool size: undefined/unknown
	Maximum pool size: undefined/unknown
2026-03-27T14:41:46.185+08:00  INFO 13928 --- [restartedMain] org.hibernate.orm.core                   : HHH000489: No JTA platform available (set 'hibernate.transaction.jta.platform' to enable JTA platform integration)
2026-03-27T14:41:46.212+08:00  INFO 13928 --- [restartedMain] j.LocalContainerEntityManagerFactoryBean : Initialized JPA EntityManagerFactory for persistence unit 'default'
2026-03-27T14:41:46.229+08:00  WARN 13928 --- [restartedMain] JpaBaseConfiguration$JpaWebConfiguration : spring.jpa.open-in-view is enabled by default. Therefore, database queries may be performed during view rendering. Explicitly configure spring.jpa.open-in-view to disable this warning
2026-03-27T14:41:46.253+08:00  INFO 13928 --- [restartedMain] r$InitializeUserDetailsManagerConfigurer : Global AuthenticationManager configured with UserDetailsService bean with name customUserDetailsService
2026-03-27T14:41:46.357+08:00  INFO 13928 --- [restartedMain] o.s.boot.tomcat.TomcatWebServer          : Tomcat started on port 8081 (http) with context path '/api'
2026-03-27T14:41:46.358+08:00  INFO 13928 --- [restartedMain] c.l.H.Hospital_Management_Application    : Started Hospital_Management_Application in 0.482 seconds (process running for 3107.611)
2026-03-27T14:41:46.359+08:00  INFO 13928 --- [restartedMain] .ConditionEvaluationDeltaLoggingListener : Condition evaluation unchanged
2026-03-27T14:42:13.238+08:00  INFO 13928 --- [File Watcher] rtingClassPathChangeChangedEventListener : Restarting due to 3 class path changes (0 additions, 3 deletions, 0 modifications)
2026-03-27T14:42:13.238+08:00  INFO 13928 --- [Thread-33] o.s.boot.tomcat.GracefulShutdown         : Commencing graceful shutdown. Waiting for active requests to complete
2026-03-27T14:42:13.251+08:00  INFO 13928 --- [tomcat-shutdown] o.s.boot.tomcat.GracefulShutdown         : Graceful shutdown complete
2026-03-27T14:42:13.252+08:00  INFO 13928 --- [Thread-33] j.LocalContainerEntityManagerFactoryBean : Closing JPA EntityManagerFactory for persistence unit 'default'
2026-03-27T14:42:13.252+08:00  INFO 13928 --- [Thread-33] com.zaxxer.hikari.HikariDataSource       : HikariPool-9 - Shutdown initiated...
2026-03-27T14:42:13.254+08:00  INFO 13928 --- [Thread-33] com.zaxxer.hikari.HikariDataSource       : HikariPool-9 - Shutdown completed.
2026-03-27T14:42:13.316+08:00  INFO 13928 --- [restartedMain] c.l.H.Hospital_Management_Application    : Starting Hospital_Management_Application using Java 21.0.9 with PID 13928 (D:\New learning codes\SpringBoot Code\anujSharma\CodingShuttleProject\Hospital_Mgmt_SB\Hospital_Mgmt_SB\target\classes started by tauki in D:\New learning codes\SpringBoot Code\anujSharma\CodingShuttleProject\Hospital_Mgmt_SB)
2026-03-27T14:42:13.316+08:00  INFO 13928 --- [restartedMain] c.l.H.Hospital_Management_Application    : No active profile set, falling back to 1 default profile: "default"
2026-03-27T14:42:13.400+08:00  INFO 13928 --- [restartedMain] .s.d.r.c.RepositoryConfigurationDelegate : Bootstrapping Spring Data JPA repositories in DEFAULT mode.
2026-03-27T14:42:13.416+08:00  INFO 13928 --- [restartedMain] .s.d.r.c.RepositoryConfigurationDelegate : Finished Spring Data repository scanning in 14 ms. Found 8 JPA repository interfaces.
2026-03-27T14:42:13.470+08:00  INFO 13928 --- [restartedMain] o.s.boot.tomcat.TomcatWebServer          : Tomcat initialized with port 8081 (http)
2026-03-27T14:42:13.471+08:00  INFO 13928 --- [restartedMain] o.apache.catalina.core.StandardService   : Starting service [Tomcat]
2026-03-27T14:42:13.471+08:00  INFO 13928 --- [restartedMain] o.apache.catalina.core.StandardEngine    : Starting Servlet engine: [Apache Tomcat/11.0.18]
2026-03-27T14:42:13.489+08:00  INFO 13928 --- [restartedMain] b.w.c.s.WebApplicationContextInitializer : Root WebApplicationContext: initialization completed in 172 ms
2026-03-27T14:42:13.508+08:00  INFO 13928 --- [restartedMain] org.hibernate.orm.jpa                    : HHH008540: Processing PersistenceUnitInfo [name: default]
2026-03-27T14:42:13.526+08:00  INFO 13928 --- [restartedMain] o.s.o.j.p.SpringPersistenceUnitInfo      : No LoadTimeWeaver setup: ignoring JPA class transformer
2026-03-27T14:42:13.527+08:00  INFO 13928 --- [restartedMain] com.zaxxer.hikari.HikariDataSource       : HikariPool-10 - Starting...
2026-03-27T14:42:13.666+08:00  INFO 13928 --- [restartedMain] com.zaxxer.hikari.pool.HikariPool        : HikariPool-10 - Added connection org.postgresql.jdbc.PgConnection@260f6c96
2026-03-27T14:42:13.667+08:00  INFO 13928 --- [restartedMain] com.zaxxer.hikari.HikariDataSource       : HikariPool-10 - Start completed.
2026-03-27T14:42:13.677+08:00  INFO 13928 --- [restartedMain] org.hibernate.orm.connections.pooling    : HHH10001005: Database info:
	Database JDBC URL [jdbc:postgresql://localhost:5432/learnSpringBoot_hospitalDB]
	Database driver: PostgreSQL JDBC Driver
	Database dialect: PostgreSQLDialect
	Database version: 17.4
	Default catalog/schema: learnSpringBoot_hospitalDB/public
	Autocommit mode: undefined/unknown
	Isolation level: READ_COMMITTED [default READ_COMMITTED]
	JDBC fetch size: none
	Pool: DataSourceConnectionProvider
	Minimum pool size: undefined/unknown
	Maximum pool size: undefined/unknown
2026-03-27T14:42:13.780+08:00  INFO 13928 --- [restartedMain] org.hibernate.orm.core                   : HHH000489: No JTA platform available (set 'hibernate.transaction.jta.platform' to enable JTA platform integration)
2026-03-27T14:42:13.809+08:00  INFO 13928 --- [restartedMain] j.LocalContainerEntityManagerFactoryBean : Initialized JPA EntityManagerFactory for persistence unit 'default'
2026-03-27T14:42:13.827+08:00  WARN 13928 --- [restartedMain] JpaBaseConfiguration$JpaWebConfiguration : spring.jpa.open-in-view is enabled by default. Therefore, database queries may be performed during view rendering. Explicitly configure spring.jpa.open-in-view to disable this warning
2026-03-27T14:42:13.852+08:00  INFO 13928 --- [restartedMain] r$InitializeUserDetailsManagerConfigurer : Global AuthenticationManager configured with UserDetailsService bean with name customUserDetailsService
2026-03-27T14:42:13.957+08:00  INFO 13928 --- [restartedMain] o.s.boot.tomcat.TomcatWebServer          : Tomcat started on port 8081 (http) with context path '/api'
2026-03-27T14:42:13.957+08:00  INFO 13928 --- [restartedMain] c.l.H.Hospital_Management_Application    : Started Hospital_Management_Application in 0.654 seconds (process running for 3135.211)
2026-03-27T14:42:13.959+08:00  INFO 13928 --- [restartedMain] .ConditionEvaluationDeltaLoggingListener : Condition evaluation delta:


==========================
CONDITION EVALUATION DELTA
==========================


Positive matches:
-----------------

   OAuth2ClientWebSecurityAutoConfiguration.OAuth2SecurityFilterChainConfiguration matched:
      - AllNestedConditions 2 matched 0 did not; NestedCondition on DefaultWebSecurityCondition.Beans @ConditionalOnMissingBean (types: org.springframework.security.web.SecurityFilterChain; SearchStrategy: all) did not find any beans; NestedCondition on DefaultWebSecurityCondition.Classes @ConditionalOnClass found required classes 'org.springframework.security.web.SecurityFilterChain', 'org.springframework.security.config.annotation.web.builders.HttpSecurity' (DefaultWebSecurityCondition)


Negative matches:
-----------------

    None


Exclusions:
-----------

    None


Unconditional classes:
----------------------

    None



2026-03-27T14:42:44.858+08:00  INFO 13928 --- [File Watcher] rtingClassPathChangeChangedEventListener : Restarting due to 2 class path changes (2 additions, 0 deletions, 0 modifications)
2026-03-27T14:42:44.859+08:00  INFO 13928 --- [Thread-37] o.s.boot.tomcat.GracefulShutdown         : Commencing graceful shutdown. Waiting for active requests to complete
2026-03-27T14:42:44.870+08:00  INFO 13928 --- [tomcat-shutdown] o.s.boot.tomcat.GracefulShutdown         : Graceful shutdown complete
2026-03-27T14:42:44.871+08:00  INFO 13928 --- [Thread-37] j.LocalContainerEntityManagerFactoryBean : Closing JPA EntityManagerFactory for persistence unit 'default'
2026-03-27T14:42:44.871+08:00  INFO 13928 --- [Thread-37] com.zaxxer.hikari.HikariDataSource       : HikariPool-10 - Shutdown initiated...
2026-03-27T14:42:44.873+08:00  INFO 13928 --- [Thread-37] com.zaxxer.hikari.HikariDataSource       : HikariPool-10 - Shutdown completed.
2026-03-27T14:42:44.937+08:00  INFO 13928 --- [restartedMain] c.l.H.Hospital_Management_Application    : Starting Hospital_Management_Application using Java 21.0.9 with PID 13928 (D:\New learning codes\SpringBoot Code\anujSharma\CodingShuttleProject\Hospital_Mgmt_SB\Hospital_Mgmt_SB\target\classes started by tauki in D:\New learning codes\SpringBoot Code\anujSharma\CodingShuttleProject\Hospital_Mgmt_SB)
2026-03-27T14:42:44.937+08:00  INFO 13928 --- [restartedMain] c.l.H.Hospital_Management_Application    : No active profile set, falling back to 1 default profile: "default"
2026-03-27T14:42:45.017+08:00  INFO 13928 --- [restartedMain] .s.d.r.c.RepositoryConfigurationDelegate : Bootstrapping Spring Data JPA repositories in DEFAULT mode.
2026-03-27T14:42:45.031+08:00  INFO 13928 --- [restartedMain] .s.d.r.c.RepositoryConfigurationDelegate : Finished Spring Data repository scanning in 12 ms. Found 8 JPA repository interfaces.
2026-03-27T14:42:45.076+08:00  INFO 13928 --- [restartedMain] o.s.boot.tomcat.TomcatWebServer          : Tomcat initialized with port 8081 (http)
2026-03-27T14:42:45.077+08:00  INFO 13928 --- [restartedMain] o.apache.catalina.core.StandardService   : Starting service [Tomcat]
2026-03-27T14:42:45.077+08:00  INFO 13928 --- [restartedMain] o.apache.catalina.core.StandardEngine    : Starting Servlet engine: [Apache Tomcat/11.0.18]
2026-03-27T14:42:45.091+08:00  INFO 13928 --- [restartedMain] b.w.c.s.WebApplicationContextInitializer : Root WebApplicationContext: initialization completed in 153 ms
2026-03-27T14:42:45.104+08:00  INFO 13928 --- [restartedMain] org.hibernate.orm.jpa                    : HHH008540: Processing PersistenceUnitInfo [name: default]
2026-03-27T14:42:45.127+08:00  INFO 13928 --- [restartedMain] o.s.o.j.p.SpringPersistenceUnitInfo      : No LoadTimeWeaver setup: ignoring JPA class transformer
2026-03-27T14:42:45.128+08:00  INFO 13928 --- [restartedMain] com.zaxxer.hikari.HikariDataSource       : HikariPool-11 - Starting...
2026-03-27T14:42:45.153+08:00  INFO 13928 --- [restartedMain] com.zaxxer.hikari.pool.HikariPool        : HikariPool-11 - Added connection org.postgresql.jdbc.PgConnection@1b56eeff
2026-03-27T14:42:45.153+08:00  INFO 13928 --- [restartedMain] com.zaxxer.hikari.HikariDataSource       : HikariPool-11 - Start completed.
2026-03-27T14:42:45.160+08:00  INFO 13928 --- [restartedMain] org.hibernate.orm.connections.pooling    : HHH10001005: Database info:
	Database JDBC URL [jdbc:postgresql://localhost:5432/learnSpringBoot_hospitalDB]
	Database driver: PostgreSQL JDBC Driver
	Database dialect: PostgreSQLDialect
	Database version: 17.4
	Default catalog/schema: learnSpringBoot_hospitalDB/public
	Autocommit mode: undefined/unknown
	Isolation level: READ_COMMITTED [default READ_COMMITTED]
	JDBC fetch size: none
	Pool: DataSourceConnectionProvider
	Minimum pool size: undefined/unknown
	Maximum pool size: undefined/unknown
2026-03-27T14:42:45.228+08:00  INFO 13928 --- [restartedMain] org.hibernate.orm.core                   : HHH000489: No JTA platform available (set 'hibernate.transaction.jta.platform' to enable JTA platform integration)
2026-03-27T14:42:45.255+08:00  INFO 13928 --- [restartedMain] j.LocalContainerEntityManagerFactoryBean : Initialized JPA EntityManagerFactory for persistence unit 'default'
2026-03-27T14:42:45.273+08:00  WARN 13928 --- [restartedMain] JpaBaseConfiguration$JpaWebConfiguration : spring.jpa.open-in-view is enabled by default. Therefore, database queries may be performed during view rendering. Explicitly configure spring.jpa.open-in-view to disable this warning
2026-03-27T14:42:45.300+08:00  INFO 13928 --- [restartedMain] r$InitializeUserDetailsManagerConfigurer : Global AuthenticationManager configured with UserDetailsService bean with name customUserDetailsService
2026-03-27T14:42:45.407+08:00  INFO 13928 --- [restartedMain] o.s.boot.tomcat.TomcatWebServer          : Tomcat started on port 8081 (http) with context path '/api'
2026-03-27T14:42:45.408+08:00  INFO 13928 --- [restartedMain] c.l.H.Hospital_Management_Application    : Started Hospital_Management_Application in 0.485 seconds (process running for 3166.661)
2026-03-27T14:42:45.408+08:00  INFO 13928 --- [restartedMain] .ConditionEvaluationDeltaLoggingListener : Condition evaluation delta:


==========================
CONDITION EVALUATION DELTA
==========================


Positive matches:
-----------------

    None


Negative matches:
-----------------

   OAuth2ClientWebSecurityAutoConfiguration.OAuth2SecurityFilterChainConfiguration:
      Did not match:
         - AllNestedConditions 1 matched 1 did not; NestedCondition on DefaultWebSecurityCondition.Beans @ConditionalOnMissingBean (types: org.springframework.security.web.SecurityFilterChain; SearchStrategy: all) found beans of type 'org.springframework.security.web.SecurityFilterChain' securityFilterChain; NestedCondition on DefaultWebSecurityCondition.Classes @ConditionalOnClass found required classes 'org.springframework.security.web.SecurityFilterChain', 'org.springframework.security.config.annotation.web.builders.HttpSecurity' (DefaultWebSecurityCondition)


Exclusions:
-----------

    None


Unconditional classes:
----------------------

    None



2026-03-27T14:42:53.967+08:00  INFO 13928 --- [SpringApplicationShutdownHook] o.s.boot.tomcat.GracefulShutdown         : Commencing graceful shutdown. Waiting for active requests to complete
2026-03-27T14:42:53.978+08:00  INFO 13928 --- [tomcat-shutdown] o.s.boot.tomcat.GracefulShutdown         : Graceful shutdown complete
2026-03-27T14:42:53.979+08:00  INFO 13928 --- [SpringApplicationShutdownHook] j.LocalContainerEntityManagerFactoryBean : Closing JPA EntityManagerFactory for persistence unit 'default'
2026-03-27T14:42:53.980+08:00  INFO 13928 --- [SpringApplicationShutdownHook] com.zaxxer.hikari.HikariDataSource       : HikariPool-11 - Shutdown initiated...
2026-03-27T14:42:53.981+08:00  INFO 13928 --- [SpringApplicationShutdownHook] com.zaxxer.hikari.HikariDataSource       : HikariPool-11 - Shutdown completed.
2026-03-27T14:42:56.702+08:00  INFO 64756 --- [restartedMain] c.l.H.Hospital_Management_Application    : Starting Hospital_Management_Application using Java 21.0.9 with PID 64756 (D:\New learning codes\SpringBoot Code\anujSharma\CodingShuttleProject\Hospital_Mgmt_SB\Hospital_Mgmt_SB\target\classes started by tauki in D:\New learning codes\SpringBoot Code\anujSharma\CodingShuttleProject\Hospital_Mgmt_SB)
2026-03-27T14:42:56.704+08:00  INFO 64756 --- [restartedMain] c.l.H.Hospital_Management_Application    : No active profile set, falling back to 1 default profile: "default"
2026-03-27T14:42:56.755+08:00  INFO 64756 --- [restartedMain] .e.DevToolsPropertyDefaultsPostProcessor : Devtools property defaults active! Set 'spring.devtools.add-properties' to 'false' to disable
2026-03-27T14:42:56.755+08:00  INFO 64756 --- [restartedMain] .e.DevToolsPropertyDefaultsPostProcessor : For additional web related logging consider setting the 'logging.level.web' property to 'DEBUG'
2026-03-27T14:42:57.336+08:00  INFO 64756 --- [restartedMain] .s.d.r.c.RepositoryConfigurationDelegate : Bootstrapping Spring Data JPA repositories in DEFAULT mode.
2026-03-27T14:42:57.409+08:00  INFO 64756 --- [restartedMain] .s.d.r.c.RepositoryConfigurationDelegate : Finished Spring Data repository scanning in 65 ms. Found 8 JPA repository interfaces.
2026-03-27T14:42:57.975+08:00  INFO 64756 --- [restartedMain] o.s.boot.tomcat.TomcatWebServer          : Tomcat initialized with port 8081 (http)
2026-03-27T14:42:57.989+08:00  INFO 64756 --- [restartedMain] o.apache.catalina.core.StandardService   : Starting service [Tomcat]
2026-03-27T14:42:57.989+08:00  INFO 64756 --- [restartedMain] o.apache.catalina.core.StandardEngine    : Starting Servlet engine: [Apache Tomcat/11.0.18]
2026-03-27T14:42:58.041+08:00  INFO 64756 --- [restartedMain] b.w.c.s.WebApplicationContextInitializer : Root WebApplicationContext: initialization completed in 1286 ms
2026-03-27T14:42:58.185+08:00  INFO 64756 --- [restartedMain] org.hibernate.orm.jpa                    : HHH008540: Processing PersistenceUnitInfo [name: default]
2026-03-27T14:42:58.257+08:00  INFO 64756 --- [restartedMain] org.hibernate.orm.core                   : HHH000001: Hibernate ORM core version 7.2.4.Final
2026-03-27T14:42:58.707+08:00  INFO 64756 --- [restartedMain] o.s.o.j.p.SpringPersistenceUnitInfo      : No LoadTimeWeaver setup: ignoring JPA class transformer
2026-03-27T14:42:58.734+08:00  INFO 64756 --- [restartedMain] com.zaxxer.hikari.HikariDataSource       : HikariPool-1 - Starting...
2026-03-27T14:42:58.902+08:00  INFO 64756 --- [restartedMain] com.zaxxer.hikari.pool.HikariPool        : HikariPool-1 - Added connection org.postgresql.jdbc.PgConnection@33b32a98
2026-03-27T14:42:58.903+08:00  INFO 64756 --- [restartedMain] com.zaxxer.hikari.HikariDataSource       : HikariPool-1 - Start completed.
2026-03-27T14:42:58.986+08:00  INFO 64756 --- [restartedMain] org.hibernate.orm.connections.pooling    : HHH10001005: Database info:
	Database JDBC URL [jdbc:postgresql://localhost:5432/learnSpringBoot_hospitalDB]
	Database driver: PostgreSQL JDBC Driver
	Database dialect: PostgreSQLDialect
	Database version: 17.4
	Default catalog/schema: learnSpringBoot_hospitalDB/public
	Autocommit mode: undefined/unknown
	Isolation level: READ_COMMITTED [default READ_COMMITTED]
	JDBC fetch size: none
	Pool: DataSourceConnectionProvider
	Minimum pool size: undefined/unknown
	Maximum pool size: undefined/unknown
2026-03-27T14:42:59.987+08:00  INFO 64756 --- [restartedMain] org.hibernate.orm.core                   : HHH000489: No JTA platform available (set 'hibernate.transaction.jta.platform' to enable JTA platform integration)
2026-03-27T14:43:00.054+08:00  INFO 64756 --- [restartedMain] j.LocalContainerEntityManagerFactoryBean : Initialized JPA EntityManagerFactory for persistence unit 'default'
2026-03-27T14:43:00.099+08:00  INFO 64756 --- [restartedMain] o.s.d.j.r.query.QueryEnhancerFactories   : Hibernate is in classpath; If applicable, HQL parser will be used.
2026-03-27T14:43:00.213+08:00  WARN 64756 --- [restartedMain] JpaBaseConfiguration$JpaWebConfiguration : spring.jpa.open-in-view is enabled by default. Therefore, database queries may be performed during view rendering. Explicitly configure spring.jpa.open-in-view to disable this warning
2026-03-27T14:43:00.580+08:00  INFO 64756 --- [restartedMain] r$InitializeUserDetailsManagerConfigurer : Global AuthenticationManager configured with UserDetailsService bean with name customUserDetailsService
2026-03-27T14:43:02.037+08:00  INFO 64756 --- [restartedMain] o.s.boot.tomcat.TomcatWebServer          : Tomcat started on port 8081 (http) with context path '/api'
2026-03-27T14:43:02.045+08:00  INFO 64756 --- [restartedMain] c.l.H.Hospital_Management_Application    : Started Hospital_Management_Application in 5.788 seconds (process running for 6.331)
2026-03-27T14:43:25.602+08:00  INFO 64756 --- [http-nio-8081-exec-1] o.a.c.c.C.[Tomcat].[localhost].[/api]    : Initializing Spring DispatcherServlet 'dispatcherServlet'
2026-03-27T14:43:25.602+08:00  INFO 64756 --- [http-nio-8081-exec-1] o.s.web.servlet.DispatcherServlet        : Initializing Servlet 'dispatcherServlet'
2026-03-27T14:43:25.604+08:00  INFO 64756 --- [http-nio-8081-exec-1] o.s.web.servlet.DispatcherServlet        : Completed initialization in 2 ms
2026-03-27T14:43:25.619+08:00  INFO 64756 --- [http-nio-8081-exec-2] c.l.H.security.JwtAuthFilter             : Incoming request : /api/login
2026-03-27T14:43:25.640+08:00  INFO 64756 --- [http-nio-8081-exec-3] c.l.H.security.JwtAuthFilter             : Incoming request : /api/default-ui.css
2026-03-27T14:48:49.878+08:00  WARN 64756 --- [HikariPool-1:housekeeper] com.zaxxer.hikari.pool.HikariPool        : HikariPool-1 - Thread starvation or clock leap detected (housekeeper delta=5m20s849ms133µs800ns).
2026-03-27T14:48:51.700+08:00  INFO 64756 --- [SpringApplicationShutdownHook] o.s.boot.tomcat.GracefulShutdown         : Commencing graceful shutdown. Waiting for active requests to complete
2026-03-27T14:48:51.713+08:00  INFO 64756 --- [tomcat-shutdown] o.s.boot.tomcat.GracefulShutdown         : Graceful shutdown complete
2026-03-27T14:48:51.716+08:00  INFO 64756 --- [SpringApplicationShutdownHook] j.LocalContainerEntityManagerFactoryBean : Closing JPA EntityManagerFactory for persistence unit 'default'
2026-03-27T14:48:51.720+08:00  INFO 64756 --- [SpringApplicationShutdownHook] com.zaxxer.hikari.HikariDataSource       : HikariPool-1 - Shutdown initiated...
2026-03-27T14:48:51.723+08:00  INFO 64756 --- [SpringApplicationShutdownHook] com.zaxxer.hikari.HikariDataSource       : HikariPool-1 - Shutdown completed.
2026-03-27T17:45:47.979+08:00  INFO 65236 --- [restartedMain] c.l.H.Hospital_Management_Application    : Starting Hospital_Management_Application using Java 21.0.9 with PID 65236 (D:\New learning codes\SpringBoot Code\anujSharma\CodingShuttleProject\Hospital_Mgmt_SB\Hospital_Mgmt_SB\target\classes started by tauki in D:\New learning codes\SpringBoot Code\anujSharma\CodingShuttleProject\Hospital_Mgmt_SB)
2026-03-27T17:45:47.983+08:00  INFO 65236 --- [restartedMain] c.l.H.Hospital_Management_Application    : No active profile set, falling back to 1 default profile: "default"
2026-03-27T17:45:48.020+08:00  INFO 65236 --- [restartedMain] .e.DevToolsPropertyDefaultsPostProcessor : Devtools property defaults active! Set 'spring.devtools.add-properties' to 'false' to disable
2026-03-27T17:45:48.021+08:00  INFO 65236 --- [restartedMain] .e.DevToolsPropertyDefaultsPostProcessor : For additional web related logging consider setting the 'logging.level.web' property to 'DEBUG'
2026-03-27T17:45:48.649+08:00  INFO 65236 --- [restartedMain] .s.d.r.c.RepositoryConfigurationDelegate : Bootstrapping Spring Data JPA repositories in DEFAULT mode.
2026-03-27T17:45:48.708+08:00  INFO 65236 --- [restartedMain] .s.d.r.c.RepositoryConfigurationDelegate : Finished Spring Data repository scanning in 49 ms. Found 8 JPA repository interfaces.
2026-03-27T17:45:49.226+08:00  INFO 65236 --- [restartedMain] o.s.boot.tomcat.TomcatWebServer          : Tomcat initialized with port 8081 (http)
2026-03-27T17:45:49.241+08:00  INFO 65236 --- [restartedMain] o.apache.catalina.core.StandardService   : Starting service [Tomcat]
2026-03-27T17:45:49.241+08:00  INFO 65236 --- [restartedMain] o.apache.catalina.core.StandardEngine    : Starting Servlet engine: [Apache Tomcat/11.0.18]
2026-03-27T17:45:49.286+08:00  INFO 65236 --- [restartedMain] b.w.c.s.WebApplicationContextInitializer : Root WebApplicationContext: initialization completed in 1265 ms
2026-03-27T17:45:49.416+08:00  INFO 65236 --- [restartedMain] org.hibernate.orm.jpa                    : HHH008540: Processing PersistenceUnitInfo [name: default]
2026-03-27T17:45:49.484+08:00  INFO 65236 --- [restartedMain] org.hibernate.orm.core                   : HHH000001: Hibernate ORM core version 7.2.4.Final
2026-03-27T17:45:49.875+08:00  INFO 65236 --- [restartedMain] o.s.o.j.p.SpringPersistenceUnitInfo      : No LoadTimeWeaver setup: ignoring JPA class transformer
2026-03-27T17:45:49.896+08:00  INFO 65236 --- [restartedMain] com.zaxxer.hikari.HikariDataSource       : HikariPool-1 - Starting...
2026-03-27T17:45:50.073+08:00  INFO 65236 --- [restartedMain] com.zaxxer.hikari.pool.HikariPool        : HikariPool-1 - Added connection org.postgresql.jdbc.PgConnection@cf985dd
2026-03-27T17:45:50.074+08:00  INFO 65236 --- [restartedMain] com.zaxxer.hikari.HikariDataSource       : HikariPool-1 - Start completed.
2026-03-27T17:45:50.147+08:00  INFO 65236 --- [restartedMain] org.hibernate.orm.connections.pooling    : HHH10001005: Database info:
	Database JDBC URL [jdbc:postgresql://localhost:5432/learnSpringBoot_hospitalDB]
	Database driver: PostgreSQL JDBC Driver
	Database dialect: PostgreSQLDialect
	Database version: 17.4
	Default catalog/schema: learnSpringBoot_hospitalDB/public
	Autocommit mode: undefined/unknown
	Isolation level: READ_COMMITTED [default READ_COMMITTED]
	JDBC fetch size: none
	Pool: DataSourceConnectionProvider
	Minimum pool size: undefined/unknown
	Maximum pool size: undefined/unknown
2026-03-27T17:45:51.027+08:00  INFO 65236 --- [restartedMain] org.hibernate.orm.core                   : HHH000489: No JTA platform available (set 'hibernate.transaction.jta.platform' to enable JTA platform integration)
2026-03-27T17:45:51.157+08:00  INFO 65236 --- [restartedMain] j.LocalContainerEntityManagerFactoryBean : Initialized JPA EntityManagerFactory for persistence unit 'default'
2026-03-27T17:45:51.211+08:00  INFO 65236 --- [restartedMain] o.s.d.j.r.query.QueryEnhancerFactories   : Hibernate is in classpath; If applicable, HQL parser will be used.
2026-03-27T17:45:51.382+08:00  WARN 65236 --- [restartedMain] JpaBaseConfiguration$JpaWebConfiguration : spring.jpa.open-in-view is enabled by default. Therefore, database queries may be performed during view rendering. Explicitly configure spring.jpa.open-in-view to disable this warning
2026-03-27T17:45:51.748+08:00  INFO 65236 --- [restartedMain] r$InitializeUserDetailsManagerConfigurer : Global AuthenticationManager configured with UserDetailsService bean with name customUserDetailsService
2026-03-27T17:45:53.042+08:00  INFO 65236 --- [restartedMain] o.s.boot.tomcat.TomcatWebServer          : Tomcat started on port 8081 (http) with context path '/api'
2026-03-27T17:45:53.049+08:00  INFO 65236 --- [restartedMain] c.l.H.Hospital_Management_Application    : Started Hospital_Management_Application in 5.475 seconds (process running for 5.999)
2026-03-27T17:47:27.702+08:00  INFO 65236 --- [http-nio-8081-exec-1] o.a.c.c.C.[Tomcat].[localhost].[/api]    : Initializing Spring DispatcherServlet 'dispatcherServlet'
2026-03-27T17:47:27.703+08:00  INFO 65236 --- [http-nio-8081-exec-1] o.s.web.servlet.DispatcherServlet        : Initializing Servlet 'dispatcherServlet'
2026-03-27T17:47:27.704+08:00  INFO 65236 --- [http-nio-8081-exec-1] o.s.web.servlet.DispatcherServlet        : Completed initialization in 1 ms
2026-03-27T17:47:27.731+08:00  INFO 65236 --- [http-nio-8081-exec-2] c.l.H.security.JwtAuthFilter             : Incoming request : /api/login
2026-03-27T17:47:27.768+08:00  INFO 65236 --- [http-nio-8081-exec-3] c.l.H.security.JwtAuthFilter             : Incoming request : /api/default-ui.css
2026-03-27T17:48:17.391+08:00  INFO 65236 --- [http-nio-8081-exec-7] c.l.H.security.JwtAuthFilter             : Incoming request : /api/admin/patient/list
2026-03-27T17:48:17.420+08:00  INFO 65236 --- [http-nio-8081-exec-7] c.l.H.security.JwtAuthFilter             : Exception occured at Filter chain layers for request : /api/admin/patient/list
2026-03-27T17:48:17.442+08:00  WARN 65236 --- [http-nio-8081-exec-7] .m.m.a.ExceptionHandlerExceptionResolver : Resolved [io.jsonwebtoken.security.SignatureException: JWT signature does not match locally computed signature. JWT validity cannot be asserted and should not be trusted.]
2026-03-27T17:48:26.004+08:00  INFO 65236 --- [http-nio-8081-exec-8] c.l.H.security.JwtAuthFilter             : Incoming request : /api/admin/patient/list
2026-03-27T17:48:39.463+08:00  INFO 65236 --- [http-nio-8081-exec-1] c.l.H.security.JwtAuthFilter             : Incoming request : /api/public/employees/8
2026-03-27T17:48:39.481+08:00  WARN 65236 --- [http-nio-8081-exec-1] .m.m.a.ExceptionHandlerExceptionResolver : Resolved [com.learnSpringBootCode.Hospital_Mgmt_SB.exceptions.ResourceNotFoundException: Employee was not found on id: 8]
2026-03-27T17:49:00.698+08:00  INFO 65236 --- [http-nio-8081-exec-2] c.l.H.security.JwtAuthFilter             : Incoming request : /api/product
2026-03-27T17:49:00.703+08:00  INFO 65236 --- [http-nio-8081-exec-3] c.l.H.security.JwtAuthFilter             : Incoming request : /api/login
2026-03-27T17:49:03.864+08:00  INFO 65236 --- [http-nio-8081-exec-4] c.l.H.security.JwtAuthFilter             : Incoming request : /api/product
2026-03-27T17:49:03.867+08:00  INFO 65236 --- [http-nio-8081-exec-5] c.l.H.security.JwtAuthFilter             : Incoming request : /api/login
2026-03-27T17:49:17.548+08:00  INFO 65236 --- [http-nio-8081-exec-6] c.l.H.security.JwtAuthFilter             : Incoming request : /api/product
2026-03-27T17:50:38.056+08:00  INFO 65236 --- [SpringApplicationShutdownHook] o.s.boot.tomcat.GracefulShutdown         : Commencing graceful shutdown. Waiting for active requests to complete
2026-03-27T17:50:38.068+08:00  INFO 65236 --- [tomcat-shutdown] o.s.boot.tomcat.GracefulShutdown         : Graceful shutdown complete
2026-03-27T17:50:38.071+08:00  INFO 65236 --- [SpringApplicationShutdownHook] j.LocalContainerEntityManagerFactoryBean : Closing JPA EntityManagerFactory for persistence unit 'default'
2026-03-27T17:50:38.075+08:00  INFO 65236 --- [SpringApplicationShutdownHook] com.zaxxer.hikari.HikariDataSource       : HikariPool-1 - Shutdown initiated...
2026-03-27T17:50:38.077+08:00  INFO 65236 --- [SpringApplicationShutdownHook] com.zaxxer.hikari.HikariDataSource       : HikariPool-1 - Shutdown completed.
2026-03-27T17:50:39.703+08:00  INFO 25304 --- [restartedMain] c.l.H.Hospital_Management_Application    : Starting Hospital_Management_Application using Java 21.0.9 with PID 25304 (D:\New learning codes\SpringBoot Code\anujSharma\CodingShuttleProject\Hospital_Mgmt_SB\Hospital_Mgmt_SB\target\classes started by tauki in D:\New learning codes\SpringBoot Code\anujSharma\CodingShuttleProject\Hospital_Mgmt_SB)
2026-03-27T17:50:39.705+08:00  INFO 25304 --- [restartedMain] c.l.H.Hospital_Management_Application    : No active profile set, falling back to 1 default profile: "default"
2026-03-27T17:50:39.754+08:00  INFO 25304 --- [restartedMain] .e.DevToolsPropertyDefaultsPostProcessor : Devtools property defaults active! Set 'spring.devtools.add-properties' to 'false' to disable
2026-03-27T17:50:39.754+08:00  INFO 25304 --- [restartedMain] .e.DevToolsPropertyDefaultsPostProcessor : For additional web related logging consider setting the 'logging.level.web' property to 'DEBUG'
2026-03-27T17:50:40.365+08:00  INFO 25304 --- [restartedMain] .s.d.r.c.RepositoryConfigurationDelegate : Bootstrapping Spring Data JPA repositories in DEFAULT mode.
2026-03-27T17:50:40.437+08:00  INFO 25304 --- [restartedMain] .s.d.r.c.RepositoryConfigurationDelegate : Finished Spring Data repository scanning in 61 ms. Found 8 JPA repository interfaces.
2026-03-27T17:50:40.989+08:00  INFO 25304 --- [restartedMain] o.s.boot.tomcat.TomcatWebServer          : Tomcat initialized with port 8081 (http)
2026-03-27T17:50:41.002+08:00  INFO 25304 --- [restartedMain] o.apache.catalina.core.StandardService   : Starting service [Tomcat]
2026-03-27T17:50:41.002+08:00  INFO 25304 --- [restartedMain] o.apache.catalina.core.StandardEngine    : Starting Servlet engine: [Apache Tomcat/11.0.18]
2026-03-27T17:50:41.037+08:00  INFO 25304 --- [restartedMain] b.w.c.s.WebApplicationContextInitializer : Root WebApplicationContext: initialization completed in 1282 ms
2026-03-27T17:50:41.171+08:00  INFO 25304 --- [restartedMain] org.hibernate.orm.jpa                    : HHH008540: Processing PersistenceUnitInfo [name: default]
2026-03-27T17:50:41.234+08:00  INFO 25304 --- [restartedMain] org.hibernate.orm.core                   : HHH000001: Hibernate ORM core version 7.2.4.Final
2026-03-27T17:50:41.736+08:00  INFO 25304 --- [restartedMain] o.s.o.j.p.SpringPersistenceUnitInfo      : No LoadTimeWeaver setup: ignoring JPA class transformer
2026-03-27T17:50:41.761+08:00  INFO 25304 --- [restartedMain] com.zaxxer.hikari.HikariDataSource       : HikariPool-1 - Starting...
2026-03-27T17:50:41.897+08:00  INFO 25304 --- [restartedMain] com.zaxxer.hikari.pool.HikariPool        : HikariPool-1 - Added connection org.postgresql.jdbc.PgConnection@39752204
2026-03-27T17:50:41.899+08:00  INFO 25304 --- [restartedMain] com.zaxxer.hikari.HikariDataSource       : HikariPool-1 - Start completed.
2026-03-27T17:50:41.956+08:00  INFO 25304 --- [restartedMain] org.hibernate.orm.connections.pooling    : HHH10001005: Database info:
	Database JDBC URL [jdbc:postgresql://localhost:5432/learnSpringBoot_hospitalDB]
	Database driver: PostgreSQL JDBC Driver
	Database dialect: PostgreSQLDialect
	Database version: 17.4
	Default catalog/schema: learnSpringBoot_hospitalDB/public
	Autocommit mode: undefined/unknown
	Isolation level: READ_COMMITTED [default READ_COMMITTED]
	JDBC fetch size: none
	Pool: DataSourceConnectionProvider
	Minimum pool size: undefined/unknown
	Maximum pool size: undefined/unknown
2026-03-27T17:50:42.895+08:00  INFO 25304 --- [restartedMain] org.hibernate.orm.core                   : HHH000489: No JTA platform available (set 'hibernate.transaction.jta.platform' to enable JTA platform integration)
2026-03-27T17:50:42.953+08:00  INFO 25304 --- [restartedMain] j.LocalContainerEntityManagerFactoryBean : Initialized JPA EntityManagerFactory for persistence unit 'default'
2026-03-27T17:50:43.006+08:00  INFO 25304 --- [restartedMain] o.s.d.j.r.query.QueryEnhancerFactories   : Hibernate is in classpath; If applicable, HQL parser will be used.
2026-03-27T17:50:43.133+08:00  WARN 25304 --- [restartedMain] JpaBaseConfiguration$JpaWebConfiguration : spring.jpa.open-in-view is enabled by default. Therefore, database queries may be performed during view rendering. Explicitly configure spring.jpa.open-in-view to disable this warning
2026-03-27T17:50:43.509+08:00  INFO 25304 --- [restartedMain] r$InitializeUserDetailsManagerConfigurer : Global AuthenticationManager configured with UserDetailsService bean with name customUserDetailsService
2026-03-27T17:50:44.868+08:00  INFO 25304 --- [restartedMain] o.s.boot.tomcat.TomcatWebServer          : Tomcat started on port 8081 (http) with context path '/api'
2026-03-27T17:50:44.878+08:00  INFO 25304 --- [restartedMain] c.l.H.Hospital_Management_Application    : Started Hospital_Management_Application in 5.622 seconds (process running for 6.268)
2026-03-27T17:51:41.514+08:00  INFO 25304 --- [http-nio-8081-exec-1] o.a.c.c.C.[Tomcat].[localhost].[/api]    : Initializing Spring DispatcherServlet 'dispatcherServlet'
2026-03-27T17:51:41.515+08:00  INFO 25304 --- [http-nio-8081-exec-1] o.s.web.servlet.DispatcherServlet        : Initializing Servlet 'dispatcherServlet'
2026-03-27T17:51:41.516+08:00  INFO 25304 --- [http-nio-8081-exec-1] o.s.web.servlet.DispatcherServlet        : Completed initialization in 1 ms
2026-03-27T17:51:41.530+08:00  INFO 25304 --- [http-nio-8081-exec-2] c.l.H.security.JwtAuthFilter             : Incoming request : /api/login
2026-03-27T17:51:41.546+08:00  INFO 25304 --- [http-nio-8081-exec-3] c.l.H.security.JwtAuthFilter             : Incoming request : /api/default-ui.css
2026-03-27T17:51:51.455+08:00 ERROR 25304 --- [http-nio-8081-exec-5] c.l.H.security.WebSecurityConfig         : This email is already registered with provider :null
2026-03-27T17:53:58.133+08:00  INFO 25304 --- [http-nio-8081-exec-8] c.l.H.security.JwtAuthFilter             : Incoming request : /api/public/employees/list
2026-03-27T17:54:03.259+08:00  INFO 25304 --- [http-nio-8081-exec-10] c.l.H.security.JwtAuthFilter             : Incoming request : /api/login
2026-03-27T17:54:03.283+08:00  INFO 25304 --- [http-nio-8081-exec-1] c.l.H.security.JwtAuthFilter             : Incoming request : /api/default-ui.css
2026-03-27T17:55:22.310+08:00  WARN 25304 --- [HikariPool-1:housekeeper] com.zaxxer.hikari.pool.HikariPool        : HikariPool-1 - Thread starvation or clock leap detected (housekeeper delta=1m10s263ms779µs600ns).
2026-03-27T17:55:22.355+08:00  INFO 25304 --- [SpringApplicationShutdownHook] o.s.boot.tomcat.GracefulShutdown         : Commencing graceful shutdown. Waiting for active requests to complete
2026-03-27T17:55:22.683+08:00  INFO 25304 --- [tomcat-shutdown] o.s.boot.tomcat.GracefulShutdown         : Graceful shutdown complete
2026-03-27T17:55:22.689+08:00  INFO 25304 --- [SpringApplicationShutdownHook] j.LocalContainerEntityManagerFactoryBean : Closing JPA EntityManagerFactory for persistence unit 'default'
2026-03-27T17:55:22.692+08:00  INFO 25304 --- [SpringApplicationShutdownHook] com.zaxxer.hikari.HikariDataSource       : HikariPool-1 - Shutdown initiated...
2026-03-27T17:55:22.695+08:00  INFO 25304 --- [SpringApplicationShutdownHook] com.zaxxer.hikari.HikariDataSource       : HikariPool-1 - Shutdown completed.
2026-03-27T17:55:27.576+08:00  INFO 58080 --- [restartedMain] c.l.H.Hospital_Management_Application    : Starting Hospital_Management_Application using Java 21.0.9 with PID 58080 (D:\New learning codes\SpringBoot Code\anujSharma\CodingShuttleProject\Hospital_Mgmt_SB\Hospital_Mgmt_SB\target\classes started by tauki in D:\New learning codes\SpringBoot Code\anujSharma\CodingShuttleProject\Hospital_Mgmt_SB)
2026-03-27T17:55:27.579+08:00  INFO 58080 --- [restartedMain] c.l.H.Hospital_Management_Application    : No active profile set, falling back to 1 default profile: "default"
2026-03-27T17:55:27.628+08:00  INFO 58080 --- [restartedMain] .e.DevToolsPropertyDefaultsPostProcessor : Devtools property defaults active! Set 'spring.devtools.add-properties' to 'false' to disable
2026-03-27T17:55:27.629+08:00  INFO 58080 --- [restartedMain] .e.DevToolsPropertyDefaultsPostProcessor : For additional web related logging consider setting the 'logging.level.web' property to 'DEBUG'
2026-03-27T17:55:28.214+08:00  INFO 58080 --- [restartedMain] .s.d.r.c.RepositoryConfigurationDelegate : Bootstrapping Spring Data JPA repositories in DEFAULT mode.
2026-03-27T17:55:28.283+08:00  INFO 58080 --- [restartedMain] .s.d.r.c.RepositoryConfigurationDelegate : Finished Spring Data repository scanning in 59 ms. Found 8 JPA repository interfaces.
2026-03-27T17:55:28.827+08:00  INFO 58080 --- [restartedMain] o.s.boot.tomcat.TomcatWebServer          : Tomcat initialized with port 8081 (http)
2026-03-27T17:55:28.840+08:00  INFO 58080 --- [restartedMain] o.apache.catalina.core.StandardService   : Starting service [Tomcat]
2026-03-27T17:55:28.841+08:00  INFO 58080 --- [restartedMain] o.apache.catalina.core.StandardEngine    : Starting Servlet engine: [Apache Tomcat/11.0.18]
2026-03-27T17:55:28.883+08:00  INFO 58080 --- [restartedMain] b.w.c.s.WebApplicationContextInitializer : Root WebApplicationContext: initialization completed in 1254 ms
2026-03-27T17:55:29.028+08:00  INFO 58080 --- [restartedMain] org.hibernate.orm.jpa                    : HHH008540: Processing PersistenceUnitInfo [name: default]
2026-03-27T17:55:29.086+08:00  INFO 58080 --- [restartedMain] org.hibernate.orm.core                   : HHH000001: Hibernate ORM core version 7.2.4.Final
2026-03-27T17:55:29.518+08:00  INFO 58080 --- [restartedMain] o.s.o.j.p.SpringPersistenceUnitInfo      : No LoadTimeWeaver setup: ignoring JPA class transformer
2026-03-27T17:55:29.541+08:00  INFO 58080 --- [restartedMain] com.zaxxer.hikari.HikariDataSource       : HikariPool-1 - Starting...
2026-03-27T17:55:29.670+08:00  INFO 58080 --- [restartedMain] com.zaxxer.hikari.pool.HikariPool        : HikariPool-1 - Added connection org.postgresql.jdbc.PgConnection@73ca383e
2026-03-27T17:55:29.671+08:00  INFO 58080 --- [restartedMain] com.zaxxer.hikari.HikariDataSource       : HikariPool-1 - Start completed.
2026-03-27T17:55:29.722+08:00  INFO 58080 --- [restartedMain] org.hibernate.orm.connections.pooling    : HHH10001005: Database info:
	Database JDBC URL [jdbc:postgresql://localhost:5432/learnSpringBoot_hospitalDB]
	Database driver: PostgreSQL JDBC Driver
	Database dialect: PostgreSQLDialect
	Database version: 17.4
	Default catalog/schema: learnSpringBoot_hospitalDB/public
	Autocommit mode: undefined/unknown
	Isolation level: READ_COMMITTED [default READ_COMMITTED]
	JDBC fetch size: none
	Pool: DataSourceConnectionProvider
	Minimum pool size: undefined/unknown
	Maximum pool size: undefined/unknown
2026-03-27T17:55:30.632+08:00  INFO 58080 --- [restartedMain] org.hibernate.orm.core                   : HHH000489: No JTA platform available (set 'hibernate.transaction.jta.platform' to enable JTA platform integration)
2026-03-27T17:55:30.691+08:00  INFO 58080 --- [restartedMain] j.LocalContainerEntityManagerFactoryBean : Initialized JPA EntityManagerFactory for persistence unit 'default'
2026-03-27T17:55:30.739+08:00  INFO 58080 --- [restartedMain] o.s.d.j.r.query.QueryEnhancerFactories   : Hibernate is in classpath; If applicable, HQL parser will be used.
2026-03-27T17:55:30.872+08:00  WARN 58080 --- [restartedMain] JpaBaseConfiguration$JpaWebConfiguration : spring.jpa.open-in-view is enabled by default. Therefore, database queries may be performed during view rendering. Explicitly configure spring.jpa.open-in-view to disable this warning
2026-03-27T17:55:31.341+08:00  INFO 58080 --- [restartedMain] r$InitializeUserDetailsManagerConfigurer : Global AuthenticationManager configured with UserDetailsService bean with name customUserDetailsService
2026-03-27T17:55:32.962+08:00  INFO 58080 --- [restartedMain] o.s.boot.tomcat.TomcatWebServer          : Tomcat started on port 8081 (http) with context path '/api'
2026-03-27T17:55:32.973+08:00  INFO 58080 --- [restartedMain] c.l.H.Hospital_Management_Application    : Started Hospital_Management_Application in 5.819 seconds (process running for 6.34)
2026-03-27T17:56:39.077+08:00  INFO 58080 --- [http-nio-8081-exec-2] o.a.c.c.C.[Tomcat].[localhost].[/api]    : Initializing Spring DispatcherServlet 'dispatcherServlet'
2026-03-27T17:56:39.077+08:00  INFO 58080 --- [http-nio-8081-exec-2] o.s.web.servlet.DispatcherServlet        : Initializing Servlet 'dispatcherServlet'
2026-03-27T17:56:39.078+08:00  INFO 58080 --- [http-nio-8081-exec-2] o.s.web.servlet.DispatcherServlet        : Completed initialization in 1 ms
2026-03-27T17:56:39.094+08:00  INFO 58080 --- [http-nio-8081-exec-3] c.l.H.security.JwtAuthFilter             : Incoming request : /api/login
2026-03-27T17:56:39.113+08:00  INFO 58080 --- [http-nio-8081-exec-4] c.l.H.security.JwtAuthFilter             : Incoming request : /api/default-ui.css
2026-03-27T17:57:40.982+08:00  WARN 58080 --- [HikariPool-1:housekeeper] com.zaxxer.hikari.pool.HikariPool        : HikariPool-1 - Thread starvation or clock leap detected (housekeeper delta=1m11s192ms128µs700ns).
2026-03-27T17:58:13.080+08:00  INFO 58080 --- [SpringApplicationShutdownHook] o.s.boot.tomcat.GracefulShutdown         : Commencing graceful shutdown. Waiting for active requests to complete
2026-03-27T17:58:13.470+08:00  INFO 58080 --- [tomcat-shutdown] o.s.boot.tomcat.GracefulShutdown         : Graceful shutdown complete
2026-03-27T17:58:13.474+08:00  INFO 58080 --- [SpringApplicationShutdownHook] j.LocalContainerEntityManagerFactoryBean : Closing JPA EntityManagerFactory for persistence unit 'default'
2026-03-27T17:58:13.480+08:00  INFO 58080 --- [SpringApplicationShutdownHook] com.zaxxer.hikari.HikariDataSource       : HikariPool-1 - Shutdown initiated...
2026-03-27T17:58:13.483+08:00  INFO 58080 --- [SpringApplicationShutdownHook] com.zaxxer.hikari.HikariDataSource       : HikariPool-1 - Shutdown completed.
2026-03-27T18:24:53.478+08:00  INFO 28488 --- [restartedMain] c.l.H.Hospital_Management_Application    : Starting Hospital_Management_Application using Java 21.0.9 with PID 28488 (D:\New learning codes\SpringBoot Code\anujSharma\CodingShuttleProject\Hospital_Mgmt_SB\Hospital_Mgmt_SB\target\classes started by tauki in D:\New learning codes\SpringBoot Code\anujSharma\CodingShuttleProject\Hospital_Mgmt_SB)
2026-03-27T18:24:53.481+08:00  INFO 28488 --- [restartedMain] c.l.H.Hospital_Management_Application    : No active profile set, falling back to 1 default profile: "default"
2026-03-27T18:24:53.517+08:00  INFO 28488 --- [restartedMain] .e.DevToolsPropertyDefaultsPostProcessor : Devtools property defaults active! Set 'spring.devtools.add-properties' to 'false' to disable
2026-03-27T18:24:53.518+08:00  INFO 28488 --- [restartedMain] .e.DevToolsPropertyDefaultsPostProcessor : For additional web related logging consider setting the 'logging.level.web' property to 'DEBUG'
2026-03-27T18:24:54.186+08:00  INFO 28488 --- [restartedMain] .s.d.r.c.RepositoryConfigurationDelegate : Bootstrapping Spring Data JPA repositories in DEFAULT mode.
2026-03-27T18:24:54.245+08:00  INFO 28488 --- [restartedMain] .s.d.r.c.RepositoryConfigurationDelegate : Finished Spring Data repository scanning in 52 ms. Found 8 JPA repository interfaces.
2026-03-27T18:24:54.804+08:00  INFO 28488 --- [restartedMain] o.s.boot.tomcat.TomcatWebServer          : Tomcat initialized with port 8081 (http)
2026-03-27T18:24:54.818+08:00  INFO 28488 --- [restartedMain] o.apache.catalina.core.StandardService   : Starting service [Tomcat]
2026-03-27T18:24:54.818+08:00  INFO 28488 --- [restartedMain] o.apache.catalina.core.StandardEngine    : Starting Servlet engine: [Apache Tomcat/11.0.18]
2026-03-27T18:24:54.856+08:00  INFO 28488 --- [restartedMain] b.w.c.s.WebApplicationContextInitializer : Root WebApplicationContext: initialization completed in 1338 ms
2026-03-27T18:24:55.026+08:00  INFO 28488 --- [restartedMain] org.hibernate.orm.jpa                    : HHH008540: Processing PersistenceUnitInfo [name: default]
2026-03-27T18:24:55.084+08:00  INFO 28488 --- [restartedMain] org.hibernate.orm.core                   : HHH000001: Hibernate ORM core version 7.2.4.Final
2026-03-27T18:24:55.444+08:00  INFO 28488 --- [restartedMain] o.s.o.j.p.SpringPersistenceUnitInfo      : No LoadTimeWeaver setup: ignoring JPA class transformer
2026-03-27T18:24:55.466+08:00  INFO 28488 --- [restartedMain] com.zaxxer.hikari.HikariDataSource       : HikariPool-1 - Starting...
2026-03-27T18:24:55.700+08:00  INFO 28488 --- [restartedMain] com.zaxxer.hikari.pool.HikariPool        : HikariPool-1 - Added connection org.postgresql.jdbc.PgConnection@55454207
2026-03-27T18:24:55.701+08:00  INFO 28488 --- [restartedMain] com.zaxxer.hikari.HikariDataSource       : HikariPool-1 - Start completed.
2026-03-27T18:24:55.749+08:00  INFO 28488 --- [restartedMain] org.hibernate.orm.connections.pooling    : HHH10001005: Database info:
	Database JDBC URL [jdbc:postgresql://localhost:5432/learnSpringBoot_hospitalDB]
	Database driver: PostgreSQL JDBC Driver
	Database dialect: PostgreSQLDialect
	Database version: 17.4
	Default catalog/schema: learnSpringBoot_hospitalDB/public
	Autocommit mode: undefined/unknown
	Isolation level: READ_COMMITTED [default READ_COMMITTED]
	JDBC fetch size: none
	Pool: DataSourceConnectionProvider
	Minimum pool size: undefined/unknown
	Maximum pool size: undefined/unknown
2026-03-27T18:24:56.695+08:00  INFO 28488 --- [restartedMain] org.hibernate.orm.core                   : HHH000489: No JTA platform available (set 'hibernate.transaction.jta.platform' to enable JTA platform integration)
2026-03-27T18:24:56.753+08:00  INFO 28488 --- [restartedMain] j.LocalContainerEntityManagerFactoryBean : Initialized JPA EntityManagerFactory for persistence unit 'default'
2026-03-27T18:24:56.802+08:00  INFO 28488 --- [restartedMain] o.s.d.j.r.query.QueryEnhancerFactories   : Hibernate is in classpath; If applicable, HQL parser will be used.
2026-03-27T18:24:56.917+08:00  WARN 28488 --- [restartedMain] JpaBaseConfiguration$JpaWebConfiguration : spring.jpa.open-in-view is enabled by default. Therefore, database queries may be performed during view rendering. Explicitly configure spring.jpa.open-in-view to disable this warning
2026-03-27T18:24:57.248+08:00  INFO 28488 --- [restartedMain] r$InitializeUserDetailsManagerConfigurer : Global AuthenticationManager configured with UserDetailsService bean with name customUserDetailsService
2026-03-27T18:24:58.697+08:00  INFO 28488 --- [restartedMain] o.s.boot.tomcat.TomcatWebServer          : Tomcat started on port 8081 (http) with context path '/api'
2026-03-27T18:24:58.704+08:00  INFO 28488 --- [restartedMain] c.l.H.Hospital_Management_Application    : Started Hospital_Management_Application in 5.596 seconds (process running for 5.989)
2026-03-27T18:25:39.103+08:00  INFO 28488 --- [http-nio-8081-exec-1] o.a.c.c.C.[Tomcat].[localhost].[/api]    : Initializing Spring DispatcherServlet 'dispatcherServlet'
2026-03-27T18:25:39.103+08:00  INFO 28488 --- [http-nio-8081-exec-1] o.s.web.servlet.DispatcherServlet        : Initializing Servlet 'dispatcherServlet'
2026-03-27T18:25:39.104+08:00  INFO 28488 --- [http-nio-8081-exec-1] o.s.web.servlet.DispatcherServlet        : Completed initialization in 1 ms
2026-03-27T18:25:39.126+08:00  INFO 28488 --- [http-nio-8081-exec-2] c.l.H.security.JwtAuthFilter             : Incoming request : /api/login
2026-03-27T18:25:39.149+08:00  INFO 28488 --- [http-nio-8081-exec-3] c.l.H.security.JwtAuthFilter             : Incoming request : /api/default-ui.css
2026-03-27T18:26:48.813+08:00  INFO 28488 --- [http-nio-8081-exec-9] c.l.H.security.JwtAuthFilter             : Incoming request : /api/login
2026-03-27T18:26:48.821+08:00  INFO 28488 --- [http-nio-8081-exec-10] c.l.H.security.JwtAuthFilter             : Incoming request : /api/default-ui.css
2026-03-27T20:33:20.090+08:00  WARN 28488 --- [HikariPool-1:housekeeper] com.zaxxer.hikari.pool.HikariPool        : HikariPool-1 - Thread starvation or clock leap detected (housekeeper delta=1h44m58s35ms659µs800ns).
2026-03-27T20:49:52.906+08:00  INFO 28488 --- [File Watcher] rtingClassPathChangeChangedEventListener : Restarting due to 1 class path change (0 additions, 1 deletion, 0 modifications)
2026-03-27T20:49:52.914+08:00  INFO 28488 --- [Thread-1] o.s.boot.tomcat.GracefulShutdown         : Commencing graceful shutdown. Waiting for active requests to complete
2026-03-27T20:49:52.934+08:00  INFO 28488 --- [tomcat-shutdown] o.s.boot.tomcat.GracefulShutdown         : Graceful shutdown complete
2026-03-27T20:49:52.945+08:00  INFO 28488 --- [Thread-1] j.LocalContainerEntityManagerFactoryBean : Closing JPA EntityManagerFactory for persistence unit 'default'
2026-03-27T20:49:52.956+08:00  INFO 28488 --- [Thread-1] com.zaxxer.hikari.HikariDataSource       : HikariPool-1 - Shutdown initiated...
2026-03-27T20:49:52.960+08:00  INFO 28488 --- [Thread-1] com.zaxxer.hikari.HikariDataSource       : HikariPool-1 - Shutdown completed.
2026-03-27T20:49:53.052+08:00  INFO 28488 --- [restartedMain] c.l.H.Hospital_Management_Application    : Starting Hospital_Management_Application using Java 21.0.9 with PID 28488 (D:\New learning codes\SpringBoot Code\anujSharma\CodingShuttleProject\Hospital_Mgmt_SB\Hospital_Mgmt_SB\target\classes started by tauki in D:\New learning codes\SpringBoot Code\anujSharma\CodingShuttleProject\Hospital_Mgmt_SB)
2026-03-27T20:49:53.052+08:00  INFO 28488 --- [restartedMain] c.l.H.Hospital_Management_Application    : No active profile set, falling back to 1 default profile: "default"
2026-03-27T20:49:53.269+08:00  INFO 28488 --- [restartedMain] .s.d.r.c.RepositoryConfigurationDelegate : Bootstrapping Spring Data JPA repositories in DEFAULT mode.
2026-03-27T20:49:53.307+08:00  INFO 28488 --- [restartedMain] .s.d.r.c.RepositoryConfigurationDelegate : Finished Spring Data repository scanning in 37 ms. Found 8 JPA repository interfaces.
2026-03-27T20:49:53.472+08:00  INFO 28488 --- [restartedMain] o.s.boot.tomcat.TomcatWebServer          : Tomcat initialized with port 8081 (http)
2026-03-27T20:49:53.477+08:00  INFO 28488 --- [restartedMain] o.apache.catalina.core.StandardService   : Starting service [Tomcat]
2026-03-27T20:49:53.478+08:00  INFO 28488 --- [restartedMain] o.apache.catalina.core.StandardEngine    : Starting Servlet engine: [Apache Tomcat/11.0.18]
2026-03-27T20:49:53.502+08:00  INFO 28488 --- [restartedMain] b.w.c.s.WebApplicationContextInitializer : Root WebApplicationContext: initialization completed in 447 ms
2026-03-27T20:49:53.539+08:00  INFO 28488 --- [restartedMain] org.hibernate.orm.jpa                    : HHH008540: Processing PersistenceUnitInfo [name: default]
2026-03-27T20:49:53.583+08:00  INFO 28488 --- [restartedMain] o.s.o.j.p.SpringPersistenceUnitInfo      : No LoadTimeWeaver setup: ignoring JPA class transformer
2026-03-27T20:49:53.587+08:00  INFO 28488 --- [restartedMain] com.zaxxer.hikari.HikariDataSource       : HikariPool-2 - Starting...
2026-03-27T20:49:53.618+08:00  INFO 28488 --- [restartedMain] com.zaxxer.hikari.pool.HikariPool        : HikariPool-2 - Added connection org.postgresql.jdbc.PgConnection@411f82b2
2026-03-27T20:49:53.619+08:00  INFO 28488 --- [restartedMain] com.zaxxer.hikari.HikariDataSource       : HikariPool-2 - Start completed.
2026-03-27T20:49:53.648+08:00  INFO 28488 --- [restartedMain] org.hibernate.orm.connections.pooling    : HHH10001005: Database info:
	Database JDBC URL [jdbc:postgresql://localhost:5432/learnSpringBoot_hospitalDB]
	Database driver: PostgreSQL JDBC Driver
	Database dialect: PostgreSQLDialect
	Database version: 17.4
	Default catalog/schema: learnSpringBoot_hospitalDB/public
	Autocommit mode: undefined/unknown
	Isolation level: READ_COMMITTED [default READ_COMMITTED]
	JDBC fetch size: none
	Pool: DataSourceConnectionProvider
	Minimum pool size: undefined/unknown
	Maximum pool size: undefined/unknown
2026-03-27T20:49:53.833+08:00  INFO 28488 --- [restartedMain] org.hibernate.orm.core                   : HHH000489: No JTA platform available (set 'hibernate.transaction.jta.platform' to enable JTA platform integration)
2026-03-27T20:49:53.875+08:00  INFO 28488 --- [restartedMain] j.LocalContainerEntityManagerFactoryBean : Initialized JPA EntityManagerFactory for persistence unit 'default'
2026-03-27T20:49:53.921+08:00  WARN 28488 --- [restartedMain] JpaBaseConfiguration$JpaWebConfiguration : spring.jpa.open-in-view is enabled by default. Therefore, database queries may be performed during view rendering. Explicitly configure spring.jpa.open-in-view to disable this warning
2026-03-27T20:49:53.997+08:00  WARN 28488 --- [restartedMain] ConfigServletWebServerApplicationContext : Exception encountered during context initialization - cancelling refresh attempt: org.springframework.beans.factory.UnsatisfiedDependencyException: Error creating bean with name 'authController' defined in file [D:\New learning codes\SpringBoot Code\anujSharma\CodingShuttleProject\Hospital_Mgmt_SB\Hospital_Mgmt_SB\target\classes\com\learnSpringBootCode\Hospital_Mgmt_SB\controllers\AuthController.class]: Unsatisfied dependency expressed through constructor parameter 0: No qualifying bean of type 'com.learnSpringBootCode.Hospital_Mgmt_SB.security.AuthService' available: expected at least 1 bean which qualifies as autowire candidate. Dependency annotations: {}
2026-03-27T20:49:53.997+08:00  INFO 28488 --- [restartedMain] j.LocalContainerEntityManagerFactoryBean : Closing JPA EntityManagerFactory for persistence unit 'default'
2026-03-27T20:49:53.998+08:00  INFO 28488 --- [restartedMain] com.zaxxer.hikari.HikariDataSource       : HikariPool-2 - Shutdown initiated...
2026-03-27T20:49:53.999+08:00  INFO 28488 --- [restartedMain] com.zaxxer.hikari.HikariDataSource       : HikariPool-2 - Shutdown completed.
2026-03-27T20:49:54.000+08:00  INFO 28488 --- [restartedMain] o.apache.catalina.core.StandardService   : Stopping service [Tomcat]
2026-03-27T20:49:54.005+08:00  INFO 28488 --- [restartedMain] .s.b.a.l.ConditionEvaluationReportLogger : 

Error starting ApplicationContext. To display the condition evaluation report re-run your application with 'debug' enabled.
2026-03-27T20:49:54.024+08:00 ERROR 28488 --- [restartedMain] o.s.b.d.LoggingFailureAnalysisReporter   : 

***************************
APPLICATION FAILED TO START
***************************

Description:

Parameter 0 of constructor in com.learnSpringBootCode.Hospital_Mgmt_SB.controllers.AuthController required a bean of type 'com.learnSpringBootCode.Hospital_Mgmt_SB.security.AuthService' that could not be found.


Action:

Consider defining a bean of type 'com.learnSpringBootCode.Hospital_Mgmt_SB.security.AuthService' in your configuration.

2026-03-27T20:49:55.480+08:00  INFO 28488 --- [restartedMain] c.l.H.Hospital_Management_Application    : Starting Hospital_Management_Application using Java 21.0.9 with PID 28488 (D:\New learning codes\SpringBoot Code\anujSharma\CodingShuttleProject\Hospital_Mgmt_SB\Hospital_Mgmt_SB\target\classes started by tauki in D:\New learning codes\SpringBoot Code\anujSharma\CodingShuttleProject\Hospital_Mgmt_SB)
2026-03-27T20:49:55.480+08:00  INFO 28488 --- [restartedMain] c.l.H.Hospital_Management_Application    : No active profile set, falling back to 1 default profile: "default"
2026-03-27T20:49:55.597+08:00  INFO 28488 --- [restartedMain] .s.d.r.c.RepositoryConfigurationDelegate : Bootstrapping Spring Data JPA repositories in DEFAULT mode.
2026-03-27T20:49:55.623+08:00  INFO 28488 --- [restartedMain] .s.d.r.c.RepositoryConfigurationDelegate : Finished Spring Data repository scanning in 24 ms. Found 8 JPA repository interfaces.
2026-03-27T20:49:55.782+08:00  INFO 28488 --- [restartedMain] o.s.boot.tomcat.TomcatWebServer          : Tomcat initialized with port 8081 (http)
2026-03-27T20:49:55.788+08:00  INFO 28488 --- [restartedMain] o.apache.catalina.core.StandardService   : Starting service [Tomcat]
2026-03-27T20:49:55.789+08:00  INFO 28488 --- [restartedMain] o.apache.catalina.core.StandardEngine    : Starting Servlet engine: [Apache Tomcat/11.0.18]
2026-03-27T20:49:55.816+08:00  INFO 28488 --- [restartedMain] b.w.c.s.WebApplicationContextInitializer : Root WebApplicationContext: initialization completed in 334 ms
2026-03-27T20:49:55.832+08:00  INFO 28488 --- [restartedMain] org.hibernate.orm.jpa                    : HHH008540: Processing PersistenceUnitInfo [name: default]
2026-03-27T20:49:55.860+08:00  INFO 28488 --- [restartedMain] o.s.o.j.p.SpringPersistenceUnitInfo      : No LoadTimeWeaver setup: ignoring JPA class transformer
2026-03-27T20:49:55.861+08:00  INFO 28488 --- [restartedMain] com.zaxxer.hikari.HikariDataSource       : HikariPool-3 - Starting...
2026-03-27T20:49:55.887+08:00  INFO 28488 --- [restartedMain] com.zaxxer.hikari.pool.HikariPool        : HikariPool-3 - Added connection org.postgresql.jdbc.PgConnection@52c79c9e
2026-03-27T20:49:55.887+08:00  INFO 28488 --- [restartedMain] com.zaxxer.hikari.HikariDataSource       : HikariPool-3 - Start completed.
2026-03-27T20:49:55.896+08:00  INFO 28488 --- [restartedMain] org.hibernate.orm.connections.pooling    : HHH10001005: Database info:
	Database JDBC URL [jdbc:postgresql://localhost:5432/learnSpringBoot_hospitalDB]
	Database driver: PostgreSQL JDBC Driver
	Database dialect: PostgreSQLDialect
	Database version: 17.4
	Default catalog/schema: learnSpringBoot_hospitalDB/public
	Autocommit mode: undefined/unknown
	Isolation level: READ_COMMITTED [default READ_COMMITTED]
	JDBC fetch size: none
	Pool: DataSourceConnectionProvider
	Minimum pool size: undefined/unknown
	Maximum pool size: undefined/unknown
2026-03-27T20:49:56.024+08:00  INFO 28488 --- [restartedMain] org.hibernate.orm.core                   : HHH000489: No JTA platform available (set 'hibernate.transaction.jta.platform' to enable JTA platform integration)
2026-03-27T20:49:56.055+08:00  INFO 28488 --- [restartedMain] j.LocalContainerEntityManagerFactoryBean : Initialized JPA EntityManagerFactory for persistence unit 'default'
2026-03-27T20:49:56.081+08:00  WARN 28488 --- [restartedMain] JpaBaseConfiguration$JpaWebConfiguration : spring.jpa.open-in-view is enabled by default. Therefore, database queries may be performed during view rendering. Explicitly configure spring.jpa.open-in-view to disable this warning
2026-03-27T20:49:56.124+08:00  INFO 28488 --- [restartedMain] r$InitializeUserDetailsManagerConfigurer : Global AuthenticationManager configured with UserDetailsService bean with name customUserDetailsService
2026-03-27T20:49:56.315+08:00  INFO 28488 --- [restartedMain] o.s.boot.tomcat.TomcatWebServer          : Tomcat started on port 8081 (http) with context path '/api'
2026-03-27T20:49:56.317+08:00  INFO 28488 --- [restartedMain] c.l.H.Hospital_Management_Application    : Started Hospital_Management_Application in 0.857 seconds (process running for 8707.766)
2026-03-27T20:49:56.319+08:00  INFO 28488 --- [restartedMain] .ConditionEvaluationDeltaLoggingListener : Condition evaluation unchanged
2026-03-27T20:51:03.378+08:00  INFO 28488 --- [File Watcher] rtingClassPathChangeChangedEventListener : Restarting due to 2 class path changes (0 additions, 0 deletions, 2 modifications)
2026-03-27T20:51:03.379+08:00  INFO 28488 --- [Thread-5] o.s.boot.tomcat.GracefulShutdown         : Commencing graceful shutdown. Waiting for active requests to complete
2026-03-27T20:51:03.391+08:00  INFO 28488 --- [tomcat-shutdown] o.s.boot.tomcat.GracefulShutdown         : Graceful shutdown complete
2026-03-27T20:51:03.393+08:00  INFO 28488 --- [Thread-5] j.LocalContainerEntityManagerFactoryBean : Closing JPA EntityManagerFactory for persistence unit 'default'
2026-03-27T20:51:03.394+08:00  INFO 28488 --- [Thread-5] com.zaxxer.hikari.HikariDataSource       : HikariPool-3 - Shutdown initiated...
2026-03-27T20:51:03.395+08:00  INFO 28488 --- [Thread-5] com.zaxxer.hikari.HikariDataSource       : HikariPool-3 - Shutdown completed.
2026-03-27T20:51:03.459+08:00  INFO 28488 --- [restartedMain] c.l.H.Hospital_Management_Application    : Starting Hospital_Management_Application using Java 21.0.9 with PID 28488 (D:\New learning codes\SpringBoot Code\anujSharma\CodingShuttleProject\Hospital_Mgmt_SB\Hospital_Mgmt_SB\target\classes started by tauki in D:\New learning codes\SpringBoot Code\anujSharma\CodingShuttleProject\Hospital_Mgmt_SB)
2026-03-27T20:51:03.459+08:00  INFO 28488 --- [restartedMain] c.l.H.Hospital_Management_Application    : No active profile set, falling back to 1 default profile: "default"
2026-03-27T20:51:03.545+08:00  INFO 28488 --- [restartedMain] .s.d.r.c.RepositoryConfigurationDelegate : Bootstrapping Spring Data JPA repositories in DEFAULT mode.
2026-03-27T20:51:03.560+08:00  INFO 28488 --- [restartedMain] .s.d.r.c.RepositoryConfigurationDelegate : Finished Spring Data repository scanning in 14 ms. Found 8 JPA repository interfaces.
2026-03-27T20:51:03.610+08:00  INFO 28488 --- [restartedMain] o.s.boot.tomcat.TomcatWebServer          : Tomcat initialized with port 8081 (http)
2026-03-27T20:51:03.611+08:00  INFO 28488 --- [restartedMain] o.apache.catalina.core.StandardService   : Starting service [Tomcat]
2026-03-27T20:51:03.611+08:00  INFO 28488 --- [restartedMain] o.apache.catalina.core.StandardEngine    : Starting Servlet engine: [Apache Tomcat/11.0.18]
2026-03-27T20:51:03.625+08:00  INFO 28488 --- [restartedMain] b.w.c.s.WebApplicationContextInitializer : Root WebApplicationContext: initialization completed in 165 ms
2026-03-27T20:51:03.642+08:00  INFO 28488 --- [restartedMain] org.hibernate.orm.jpa                    : HHH008540: Processing PersistenceUnitInfo [name: default]
2026-03-27T20:51:03.662+08:00  INFO 28488 --- [restartedMain] o.s.o.j.p.SpringPersistenceUnitInfo      : No LoadTimeWeaver setup: ignoring JPA class transformer
2026-03-27T20:51:03.663+08:00  INFO 28488 --- [restartedMain] com.zaxxer.hikari.HikariDataSource       : HikariPool-4 - Starting...
2026-03-27T20:51:03.694+08:00  INFO 28488 --- [restartedMain] com.zaxxer.hikari.pool.HikariPool        : HikariPool-4 - Added connection org.postgresql.jdbc.PgConnection@1dd536b7
2026-03-27T20:51:03.694+08:00  INFO 28488 --- [restartedMain] com.zaxxer.hikari.HikariDataSource       : HikariPool-4 - Start completed.
2026-03-27T20:51:03.704+08:00  INFO 28488 --- [restartedMain] org.hibernate.orm.connections.pooling    : HHH10001005: Database info:
	Database JDBC URL [jdbc:postgresql://localhost:5432/learnSpringBoot_hospitalDB]
	Database driver: PostgreSQL JDBC Driver
	Database dialect: PostgreSQLDialect
	Database version: 17.4
	Default catalog/schema: learnSpringBoot_hospitalDB/public
	Autocommit mode: undefined/unknown
	Isolation level: READ_COMMITTED [default READ_COMMITTED]
	JDBC fetch size: none
	Pool: DataSourceConnectionProvider
	Minimum pool size: undefined/unknown
	Maximum pool size: undefined/unknown
2026-03-27T20:51:03.719+08:00 ERROR 28488 --- [restartedMain] j.LocalContainerEntityManagerFactoryBean : Failed to initialize JPA EntityManagerFactory: Index 'idx_providerId_providerType_user_mst_sb' on table 'user_mst_sb' has no columns
2026-03-27T20:51:03.721+08:00 ERROR 28488 --- [restartedMain] t.s.DeferredServletContainerInitializers : Error starting Tomcat context. Exception: org.springframework.beans.factory.UnsatisfiedDependencyException. Message: Error creating bean with name 'jwtAuthFilter' defined in file [D:\New learning codes\SpringBoot Code\anujSharma\CodingShuttleProject\Hospital_Mgmt_SB\Hospital_Mgmt_SB\target\classes\com\learnSpringBootCode\Hospital_Mgmt_SB\security\JwtAuthFilter.class]: Unsatisfied dependency expressed through constructor parameter 0: Error creating bean with name 'userRepository' defined in com.learnSpringBootCode.Hospital_Mgmt_SB.repositories.UserRepository defined in @EnableJpaRepositories declared on DataJpaRepositoriesRegistrar.EnableJpaRepositoriesConfiguration: Cannot resolve reference to bean 'jpaSharedEM_entityManagerFactory' while setting bean property 'entityManager'
2026-03-27T20:51:03.722+08:00  INFO 28488 --- [restartedMain] o.apache.catalina.core.StandardService   : Stopping service [Tomcat]
2026-03-27T20:51:03.724+08:00  WARN 28488 --- [restartedMain] o.a.c.loader.WebappClassLoaderBase       : The web application [api] appears to have started a thread named [HikariPool-4:housekeeper] but has failed to stop it. This is very likely to create a memory leak. Stack trace of thread:
 java.base/jdk.internal.misc.Unsafe.park(Native Method)
 java.base/java.util.concurrent.locks.LockSupport.parkNanos(LockSupport.java:269)
 java.base/java.util.concurrent.locks.AbstractQueuedSynchronizer$ConditionObject.awaitNanos(AbstractQueuedSynchronizer.java:1763)
 java.base/java.util.concurrent.ScheduledThreadPoolExecutor$DelayedWorkQueue.take(ScheduledThreadPoolExecutor.java:1182)
 java.base/java.util.concurrent.ScheduledThreadPoolExecutor$DelayedWorkQueue.take(ScheduledThreadPoolExecutor.java:899)
 java.base/java.util.concurrent.ThreadPoolExecutor.getTask(ThreadPoolExecutor.java:1070)
 java.base/java.util.concurrent.ThreadPoolExecutor.runWorker(ThreadPoolExecutor.java:1130)
 java.base/java.util.concurrent.ThreadPoolExecutor$Worker.run(ThreadPoolExecutor.java:642)
 java.base/java.lang.Thread.run(Thread.java:1583)
2026-03-27T20:51:03.725+08:00  WARN 28488 --- [restartedMain] ConfigServletWebServerApplicationContext : Exception encountered during context initialization - cancelling refresh attempt: org.springframework.context.ApplicationContextException: Unable to start web server
2026-03-27T20:51:03.725+08:00  INFO 28488 --- [restartedMain] com.zaxxer.hikari.HikariDataSource       : HikariPool-4 - Shutdown initiated...
2026-03-27T20:51:03.725+08:00  INFO 28488 --- [restartedMain] com.zaxxer.hikari.HikariDataSource       : HikariPool-4 - Shutdown completed.
2026-03-27T20:51:03.726+08:00  INFO 28488 --- [restartedMain] .s.b.a.l.ConditionEvaluationReportLogger : 

Error starting ApplicationContext. To display the condition evaluation report re-run your application with 'debug' enabled.
2026-03-27T20:51:03.727+08:00 ERROR 28488 --- [restartedMain] o.s.boot.SpringApplication               : Application run failed

org.springframework.context.ApplicationContextException: Unable to start web server
	at org.springframework.boot.web.server.servlet.context.ServletWebServerApplicationContext.onRefresh(ServletWebServerApplicationContext.java:167) ~[spring-boot-web-server-4.0.3.jar:4.0.3]
	at org.springframework.context.support.AbstractApplicationContext.refresh(AbstractApplicationContext.java:615) ~[spring-context-7.0.5.jar:7.0.5]
	at org.springframework.boot.web.server.servlet.context.ServletWebServerApplicationContext.refresh(ServletWebServerApplicationContext.java:143) ~[spring-boot-web-server-4.0.3.jar:4.0.3]
	at org.springframework.boot.SpringApplication.refresh(SpringApplication.java:756) ~[spring-boot-4.0.3.jar:4.0.3]
	at org.springframework.boot.SpringApplication.refreshContext(SpringApplication.java:445) ~[spring-boot-4.0.3.jar:4.0.3]
	at org.springframework.boot.SpringApplication.run(SpringApplication.java:321) ~[spring-boot-4.0.3.jar:4.0.3]
	at org.springframework.boot.SpringApplication.run(SpringApplication.java:1365) ~[spring-boot-4.0.3.jar:4.0.3]
	at org.springframework.boot.SpringApplication.run(SpringApplication.java:1354) ~[spring-boot-4.0.3.jar:4.0.3]
	at com.learnSpringBootCode.Hospital_Mgmt_SB.Hospital_Management_Application.main(Hospital_Management_Application.java:10) ~[classes/:na]
	at java.base/jdk.internal.reflect.DirectMethodHandleAccessor.invoke(DirectMethodHandleAccessor.java:103) ~[na:na]
	at java.base/java.lang.reflect.Method.invoke(Method.java:580) ~[na:na]
	at org.springframework.boot.devtools.restart.RestartLauncher.run(RestartLauncher.java:52) ~[spring-boot-devtools-4.0.3.jar:4.0.3]
Caused by: org.springframework.boot.web.server.WebServerException: Unable to start embedded Tomcat
	at org.springframework.boot.tomcat.TomcatWebServer.initialize(TomcatWebServer.java:150) ~[spring-boot-tomcat-4.0.3.jar:4.0.3]
	at org.springframework.boot.tomcat.TomcatWebServer.<init>(TomcatWebServer.java:110) ~[spring-boot-tomcat-4.0.3.jar:4.0.3]
	at org.springframework.boot.tomcat.servlet.TomcatServletWebServerFactory.getTomcatWebServer(TomcatServletWebServerFactory.java:408) ~[spring-boot-tomcat-4.0.3.jar:4.0.3]
	at org.springframework.boot.tomcat.servlet.TomcatServletWebServerFactory.getWebServer(TomcatServletWebServerFactory.java:166) ~[spring-boot-tomcat-4.0.3.jar:4.0.3]
	at org.springframework.boot.web.server.servlet.context.ServletWebServerApplicationContext.createWebServer(ServletWebServerApplicationContext.java:190) ~[spring-boot-web-server-4.0.3.jar:4.0.3]
	at org.springframework.boot.web.server.servlet.context.ServletWebServerApplicationContext.onRefresh(ServletWebServerApplicationContext.java:164) ~[spring-boot-web-server-4.0.3.jar:4.0.3]
	... 11 common frames omitted
Caused by: org.springframework.beans.factory.UnsatisfiedDependencyException: Error creating bean with name 'jwtAuthFilter' defined in file [D:\New learning codes\SpringBoot Code\anujSharma\CodingShuttleProject\Hospital_Mgmt_SB\Hospital_Mgmt_SB\target\classes\com\learnSpringBootCode\Hospital_Mgmt_SB\security\JwtAuthFilter.class]: Unsatisfied dependency expressed through constructor parameter 0: Error creating bean with name 'userRepository' defined in com.learnSpringBootCode.Hospital_Mgmt_SB.repositories.UserRepository defined in @EnableJpaRepositories declared on DataJpaRepositoriesRegistrar.EnableJpaRepositoriesConfiguration: Cannot resolve reference to bean 'jpaSharedEM_entityManagerFactory' while setting bean property 'entityManager'
	at org.springframework.beans.factory.support.ConstructorResolver.createArgumentArray(ConstructorResolver.java:804) ~[spring-beans-7.0.5.jar:7.0.5]
	at org.springframework.beans.factory.support.ConstructorResolver.autowireConstructor(ConstructorResolver.java:240) ~[spring-beans-7.0.5.jar:7.0.5]
	at org.springframework.beans.factory.support.AbstractAutowireCapableBeanFactory.autowireConstructor(AbstractAutowireCapableBeanFactory.java:1382) ~[spring-beans-7.0.5.jar:7.0.5]
	at org.springframework.beans.factory.support.AbstractAutowireCapableBeanFactory.createBeanInstance(AbstractAutowireCapableBeanFactory.java:1221) ~[spring-beans-7.0.5.jar:7.0.5]
	at org.springframework.beans.factory.support.AbstractAutowireCapableBeanFactory.doCreateBean(AbstractAutowireCapableBeanFactory.java:565) ~[spring-beans-7.0.5.jar:7.0.5]
	at org.springframework.beans.factory.support.AbstractAutowireCapableBeanFactory.createBean(AbstractAutowireCapableBeanFactory.java:525) ~[spring-beans-7.0.5.jar:7.0.5]
	at org.springframework.beans.factory.support.AbstractBeanFactory.lambda$doGetBean$0(AbstractBeanFactory.java:333) ~[spring-beans-7.0.5.jar:7.0.5]
	at org.springframework.beans.factory.support.DefaultSingletonBeanRegistry.getSingleton(DefaultSingletonBeanRegistry.java:371) ~[spring-beans-7.0.5.jar:7.0.5]
	at org.springframework.beans.factory.support.AbstractBeanFactory.doGetBean(AbstractBeanFactory.java:331) ~[spring-beans-7.0.5.jar:7.0.5]
	at org.springframework.beans.factory.support.AbstractBeanFactory.getBean(AbstractBeanFactory.java:201) ~[spring-beans-7.0.5.jar:7.0.5]
	at org.springframework.boot.web.servlet.ServletContextInitializerBeans.getOrderedBeansOfType(ServletContextInitializerBeans.java:231) ~[spring-boot-4.0.3.jar:4.0.3]
	at org.springframework.boot.web.servlet.ServletContextInitializerBeans.addAsRegistrationBean(ServletContextInitializerBeans.java:185) ~[spring-boot-4.0.3.jar:4.0.3]
	at org.springframework.boot.web.servlet.ServletContextInitializerBeans.addAsRegistrationBean(ServletContextInitializerBeans.java:180) ~[spring-boot-4.0.3.jar:4.0.3]
	at org.springframework.boot.web.servlet.ServletContextInitializerBeans.addAdaptableBeans(ServletContextInitializerBeans.java:165) ~[spring-boot-4.0.3.jar:4.0.3]
	at org.springframework.boot.web.servlet.ServletContextInitializerBeans.<init>(ServletContextInitializerBeans.java:97) ~[spring-boot-4.0.3.jar:4.0.3]
	at org.springframework.boot.web.context.servlet.WebApplicationContextInitializer.initialize(WebApplicationContextInitializer.java:53) ~[spring-boot-4.0.3.jar:4.0.3]
	at org.springframework.boot.tomcat.servlet.DeferredServletContainerInitializers.onStartup(DeferredServletContainerInitializers.java:55) ~[spring-boot-tomcat-4.0.3.jar:4.0.3]
	at org.apache.catalina.core.StandardContext.startInternal(StandardContext.java:4416) ~[tomcat-embed-core-11.0.18.jar:11.0.18]
	at org.apache.catalina.util.LifecycleBase.start(LifecycleBase.java:164) ~[tomcat-embed-core-11.0.18.jar:11.0.18]
	at org.apache.catalina.core.ContainerBase$StartChild.call(ContainerBase.java:1162) ~[tomcat-embed-core-11.0.18.jar:11.0.18]
	at org.apache.catalina.core.ContainerBase$StartChild.call(ContainerBase.java:1158) ~[tomcat-embed-core-11.0.18.jar:11.0.18]
	at java.base/java.util.concurrent.FutureTask.run(FutureTask.java:317) ~[na:na]
	at org.apache.tomcat.util.threads.InlineExecutorService.execute(InlineExecutorService.java:81) ~[tomcat-embed-core-11.0.18.jar:11.0.18]
	at java.base/java.util.concurrent.AbstractExecutorService.submit(AbstractExecutorService.java:145) ~[na:na]
	at org.apache.catalina.core.ContainerBase.startInternal(ContainerBase.java:714) ~[tomcat-embed-core-11.0.18.jar:11.0.18]
	at org.apache.catalina.core.StandardHost.startInternal(StandardHost.java:780) ~[tomcat-embed-core-11.0.18.jar:11.0.18]
	at org.apache.catalina.util.LifecycleBase.start(LifecycleBase.java:164) ~[tomcat-embed-core-11.0.18.jar:11.0.18]
	at org.apache.catalina.core.ContainerBase$StartChild.call(ContainerBase.java:1162) ~[tomcat-embed-core-11.0.18.jar:11.0.18]
	at org.apache.catalina.core.ContainerBase$StartChild.call(ContainerBase.java:1158) ~[tomcat-embed-core-11.0.18.jar:11.0.18]
	at java.base/java.util.concurrent.FutureTask.run(FutureTask.java:317) ~[na:na]
	at org.apache.tomcat.util.threads.InlineExecutorService.execute(InlineExecutorService.java:81) ~[tomcat-embed-core-11.0.18.jar:11.0.18]
	at java.base/java.util.concurrent.AbstractExecutorService.submit(AbstractExecutorService.java:145) ~[na:na]
	at org.apache.catalina.core.ContainerBase.startInternal(ContainerBase.java:714) ~[tomcat-embed-core-11.0.18.jar:11.0.18]
	at org.apache.catalina.core.StandardEngine.startInternal(StandardEngine.java:201) ~[tomcat-embed-core-11.0.18.jar:11.0.18]
	at org.apache.catalina.util.LifecycleBase.start(LifecycleBase.java:164) ~[tomcat-embed-core-11.0.18.jar:11.0.18]
	at org.apache.catalina.core.StandardService.startInternal(StandardService.java:410) ~[tomcat-embed-core-11.0.18.jar:11.0.18]
	at org.apache.catalina.util.LifecycleBase.start(LifecycleBase.java:164) ~[tomcat-embed-core-11.0.18.jar:11.0.18]
	at org.apache.catalina.core.StandardServer.startInternal(StandardServer.java:864) ~[tomcat-embed-core-11.0.18.jar:11.0.18]
	at org.apache.catalina.util.LifecycleBase.start(LifecycleBase.java:164) ~[tomcat-embed-core-11.0.18.jar:11.0.18]
	at org.apache.catalina.startup.Tomcat.start(Tomcat.java:435) ~[tomcat-embed-core-11.0.18.jar:11.0.18]
	at org.springframework.boot.tomcat.TomcatWebServer.initialize(TomcatWebServer.java:131) ~[spring-boot-tomcat-4.0.3.jar:4.0.3]
	... 16 common frames omitted
Caused by: org.springframework.beans.factory.BeanCreationException: Error creating bean with name 'userRepository' defined in com.learnSpringBootCode.Hospital_Mgmt_SB.repositories.UserRepository defined in @EnableJpaRepositories declared on DataJpaRepositoriesRegistrar.EnableJpaRepositoriesConfiguration: Cannot resolve reference to bean 'jpaSharedEM_entityManagerFactory' while setting bean property 'entityManager'
	at org.springframework.beans.factory.support.BeanDefinitionValueResolver.resolveReference(BeanDefinitionValueResolver.java:377) ~[spring-beans-7.0.5.jar:7.0.5]
	at org.springframework.beans.factory.support.BeanDefinitionValueResolver.resolveValueIfNecessary(BeanDefinitionValueResolver.java:135) ~[spring-beans-7.0.5.jar:7.0.5]
	at org.springframework.beans.factory.support.AbstractAutowireCapableBeanFactory.applyPropertyValues(AbstractAutowireCapableBeanFactory.java:1712) ~[spring-beans-7.0.5.jar:7.0.5]
	at org.springframework.beans.factory.support.AbstractAutowireCapableBeanFactory.populateBean(AbstractAutowireCapableBeanFactory.java:1461) ~[spring-beans-7.0.5.jar:7.0.5]
	at org.springframework.beans.factory.support.AbstractAutowireCapableBeanFactory.doCreateBean(AbstractAutowireCapableBeanFactory.java:602) ~[spring-beans-7.0.5.jar:7.0.5]
	at org.springframework.beans.factory.support.AbstractAutowireCapableBeanFactory.createBean(AbstractAutowireCapableBeanFactory.java:525) ~[spring-beans-7.0.5.jar:7.0.5]
	at org.springframework.beans.factory.support.AbstractBeanFactory.lambda$doGetBean$0(AbstractBeanFactory.java:333) ~[spring-beans-7.0.5.jar:7.0.5]
	at org.springframework.beans.factory.support.DefaultSingletonBeanRegistry.getSingleton(DefaultSingletonBeanRegistry.java:371) ~[spring-beans-7.0.5.jar:7.0.5]
	at org.springframework.beans.factory.support.AbstractBeanFactory.doGetBean(AbstractBeanFactory.java:331) ~[spring-beans-7.0.5.jar:7.0.5]
	at org.springframework.beans.factory.support.AbstractBeanFactory.getBean(AbstractBeanFactory.java:201) ~[spring-beans-7.0.5.jar:7.0.5]
	at org.springframework.beans.factory.support.DefaultListableBeanFactory.resolveBean(DefaultListableBeanFactory.java:1225) ~[spring-beans-7.0.5.jar:7.0.5]
	at org.springframework.beans.factory.support.DefaultListableBeanFactory.doResolveDependency(DefaultListableBeanFactory.java:1704) ~[spring-beans-7.0.5.jar:7.0.5]
	at org.springframework.beans.factory.support.DefaultListableBeanFactory.resolveDependency(DefaultListableBeanFactory.java:1651) ~[spring-beans-7.0.5.jar:7.0.5]
	at org.springframework.beans.factory.support.ConstructorResolver.resolveAutowiredArgument(ConstructorResolver.java:912) ~[spring-beans-7.0.5.jar:7.0.5]
	at org.springframework.beans.factory.support.ConstructorResolver.createArgumentArray(ConstructorResolver.java:791) ~[spring-beans-7.0.5.jar:7.0.5]
	... 56 common frames omitted
Caused by: org.springframework.beans.factory.BeanCreationException: Error creating bean with name 'jpaSharedEM_entityManagerFactory': Cannot resolve reference to bean 'entityManagerFactory' while setting constructor argument
	at org.springframework.beans.factory.support.BeanDefinitionValueResolver.resolveReference(BeanDefinitionValueResolver.java:377) ~[spring-beans-7.0.5.jar:7.0.5]
	at org.springframework.beans.factory.support.BeanDefinitionValueResolver.resolveValueIfNecessary(BeanDefinitionValueResolver.java:135) ~[spring-beans-7.0.5.jar:7.0.5]
	at org.springframework.beans.factory.support.ConstructorResolver.resolveConstructorArguments(ConstructorResolver.java:691) ~[spring-beans-7.0.5.jar:7.0.5]
	at org.springframework.beans.factory.support.ConstructorResolver.instantiateUsingFactoryMethod(ConstructorResolver.java:513) ~[spring-beans-7.0.5.jar:7.0.5]
	at org.springframework.beans.factory.support.AbstractAutowireCapableBeanFactory.instantiateUsingFactoryMethod(AbstractAutowireCapableBeanFactory.java:1362) ~[spring-beans-7.0.5.jar:7.0.5]
	at org.springframework.beans.factory.support.AbstractAutowireCapableBeanFactory.createBeanInstance(AbstractAutowireCapableBeanFactory.java:1194) ~[spring-beans-7.0.5.jar:7.0.5]
	at org.springframework.beans.factory.support.AbstractAutowireCapableBeanFactory.doCreateBean(AbstractAutowireCapableBeanFactory.java:565) ~[spring-beans-7.0.5.jar:7.0.5]
	at org.springframework.beans.factory.support.AbstractAutowireCapableBeanFactory.createBean(AbstractAutowireCapableBeanFactory.java:525) ~[spring-beans-7.0.5.jar:7.0.5]
	at org.springframework.beans.factory.support.AbstractBeanFactory.lambda$doGetBean$0(AbstractBeanFactory.java:333) ~[spring-beans-7.0.5.jar:7.0.5]
	at org.springframework.beans.factory.support.DefaultSingletonBeanRegistry.getSingleton(DefaultSingletonBeanRegistry.java:371) ~[spring-beans-7.0.5.jar:7.0.5]
	at org.springframework.beans.factory.support.AbstractBeanFactory.doGetBean(AbstractBeanFactory.java:331) ~[spring-beans-7.0.5.jar:7.0.5]
	at org.springframework.beans.factory.support.AbstractBeanFactory.getBean(AbstractBeanFactory.java:201) ~[spring-beans-7.0.5.jar:7.0.5]
	at org.springframework.beans.factory.support.BeanDefinitionValueResolver.resolveReference(BeanDefinitionValueResolver.java:356) ~[spring-beans-7.0.5.jar:7.0.5]
	... 70 common frames omitted
Caused by: org.springframework.beans.factory.BeanCreationException: Error creating bean with name 'entityManagerFactory' defined in class path resource [org/springframework/boot/hibernate/autoconfigure/HibernateJpaConfiguration.class]: Index 'idx_providerId_providerType_user_mst_sb' on table 'user_mst_sb' has no columns
	at org.springframework.beans.factory.support.AbstractAutowireCapableBeanFactory.initializeBean(AbstractAutowireCapableBeanFactory.java:1817) ~[spring-beans-7.0.5.jar:7.0.5]
	at org.springframework.beans.factory.support.AbstractAutowireCapableBeanFactory.doCreateBean(AbstractAutowireCapableBeanFactory.java:603) ~[spring-beans-7.0.5.jar:7.0.5]
	at org.springframework.beans.factory.support.AbstractAutowireCapableBeanFactory.createBean(AbstractAutowireCapableBeanFactory.java:525) ~[spring-beans-7.0.5.jar:7.0.5]
	at org.springframework.beans.factory.support.AbstractBeanFactory.lambda$doGetBean$0(AbstractBeanFactory.java:333) ~[spring-beans-7.0.5.jar:7.0.5]
	at org.springframework.beans.factory.support.DefaultSingletonBeanRegistry.getSingleton(DefaultSingletonBeanRegistry.java:371) ~[spring-beans-7.0.5.jar:7.0.5]
	at org.springframework.beans.factory.support.AbstractBeanFactory.doGetBean(AbstractBeanFactory.java:331) ~[spring-beans-7.0.5.jar:7.0.5]
	at org.springframework.beans.factory.support.AbstractBeanFactory.getBean(AbstractBeanFactory.java:196) ~[spring-beans-7.0.5.jar:7.0.5]
	at org.springframework.beans.factory.support.BeanDefinitionValueResolver.resolveReference(BeanDefinitionValueResolver.java:365) ~[spring-beans-7.0.5.jar:7.0.5]
	... 82 common frames omitted
Caused by: org.hibernate.AnnotationException: Index 'idx_providerId_providerType_user_mst_sb' on table 'user_mst_sb' has no columns
	at org.hibernate.boot.model.internal.IndexBinder.selectables(IndexBinder.java:120) ~[hibernate-core-7.2.4.Final.jar:7.2.4.Final]
	at org.hibernate.boot.model.internal.IndexBinder.bindIndexes(IndexBinder.java:224) ~[hibernate-core-7.2.4.Final.jar:7.2.4.Final]
	at org.hibernate.boot.model.internal.TableBinder.addJpaIndexes(TableBinder.java:890) ~[hibernate-core-7.2.4.Final.jar:7.2.4.Final]
	at org.hibernate.boot.model.internal.EntityBinder.processComplementaryTableDefinitions(EntityBinder.java:396) ~[hibernate-core-7.2.4.Final.jar:7.2.4.Final]
	at org.hibernate.boot.model.internal.EntityBinder.bindEntityClass(EntityBinder.java:234) ~[hibernate-core-7.2.4.Final.jar:7.2.4.Final]
	at org.hibernate.boot.model.internal.AnnotationBinder.bindClass(AnnotationBinder.java:247) ~[hibernate-core-7.2.4.Final.jar:7.2.4.Final]
	at org.hibernate.boot.model.source.internal.annotations.AnnotationMetadataSourceProcessorImpl.processEntityHierarchies(AnnotationMetadataSourceProcessorImpl.java:190) ~[hibernate-core-7.2.4.Final.jar:7.2.4.Final]
	at org.hibernate.boot.model.process.spi.MetadataBuildingProcess$1.processEntityHierarchies(MetadataBuildingProcess.java:291) ~[hibernate-core-7.2.4.Final.jar:7.2.4.Final]
	at org.hibernate.boot.model.process.spi.MetadataBuildingProcess.coordinateProcessors(MetadataBuildingProcess.java:325) ~[hibernate-core-7.2.4.Final.jar:7.2.4.Final]
	at org.hibernate.boot.model.process.spi.MetadataBuildingProcess.complete(MetadataBuildingProcess.java:199) ~[hibernate-core-7.2.4.Final.jar:7.2.4.Final]
	at org.hibernate.jpa.boot.internal.EntityManagerFactoryBuilderImpl.metadata(EntityManagerFactoryBuilderImpl.java:1392) ~[hibernate-core-7.2.4.Final.jar:7.2.4.Final]
	at org.hibernate.jpa.boot.internal.EntityManagerFactoryBuilderImpl.populateSessionFactoryBuilder(EntityManagerFactoryBuilderImpl.java:1472) ~[hibernate-core-7.2.4.Final.jar:7.2.4.Final]
	at org.hibernate.jpa.boot.internal.EntityManagerFactoryBuilderImpl.build(EntityManagerFactoryBuilderImpl.java:1454) ~[hibernate-core-7.2.4.Final.jar:7.2.4.Final]
	at org.springframework.orm.jpa.vendor.SpringHibernateJpaPersistenceProvider.createContainerEntityManagerFactory(SpringHibernateJpaPersistenceProvider.java:93) ~[spring-orm-7.0.5.jar:7.0.5]
	at org.springframework.orm.jpa.LocalContainerEntityManagerFactoryBean.createNativeEntityManagerFactory(LocalContainerEntityManagerFactoryBean.java:443) ~[spring-orm-7.0.5.jar:7.0.5]
	at org.springframework.orm.jpa.AbstractEntityManagerFactoryBean.buildNativeEntityManagerFactory(AbstractEntityManagerFactoryBean.java:436) ~[spring-orm-7.0.5.jar:7.0.5]
	at org.springframework.orm.jpa.AbstractEntityManagerFactoryBean.afterPropertiesSet(AbstractEntityManagerFactoryBean.java:411) ~[spring-orm-7.0.5.jar:7.0.5]
	at org.springframework.orm.jpa.LocalContainerEntityManagerFactoryBean.afterPropertiesSet(LocalContainerEntityManagerFactoryBean.java:419) ~[spring-orm-7.0.5.jar:7.0.5]
	at org.springframework.beans.factory.support.AbstractAutowireCapableBeanFactory.invokeInitMethods(AbstractAutowireCapableBeanFactory.java:1864) ~[spring-beans-7.0.5.jar:7.0.5]
	at org.springframework.beans.factory.support.AbstractAutowireCapableBeanFactory.initializeBean(AbstractAutowireCapableBeanFactory.java:1813) ~[spring-beans-7.0.5.jar:7.0.5]
	... 89 common frames omitted

2026-03-27T20:51:27.562+08:00  INFO 28488 --- [restartedMain] c.l.H.Hospital_Management_Application    : Starting Hospital_Management_Application using Java 21.0.9 with PID 28488 (D:\New learning codes\SpringBoot Code\anujSharma\CodingShuttleProject\Hospital_Mgmt_SB\Hospital_Mgmt_SB\target\classes started by tauki in D:\New learning codes\SpringBoot Code\anujSharma\CodingShuttleProject\Hospital_Mgmt_SB)
2026-03-27T20:51:27.562+08:00  INFO 28488 --- [restartedMain] c.l.H.Hospital_Management_Application    : No active profile set, falling back to 1 default profile: "default"
2026-03-27T20:51:27.657+08:00  INFO 28488 --- [restartedMain] .s.d.r.c.RepositoryConfigurationDelegate : Bootstrapping Spring Data JPA repositories in DEFAULT mode.
2026-03-27T20:51:27.670+08:00  WARN 28488 --- [restartedMain] ConfigServletWebServerApplicationContext : Exception encountered during context initialization - cancelling refresh attempt: java.lang.TypeNotPresentException: Type com.learnSpringBootCode.Hospital_Mgmt_SB.entities.User not present
2026-03-27T20:51:27.671+08:00  INFO 28488 --- [restartedMain] .s.b.a.l.ConditionEvaluationReportLogger : 

Error starting ApplicationContext. To display the condition evaluation report re-run your application with 'debug' enabled.
2026-03-27T20:51:27.672+08:00 ERROR 28488 --- [restartedMain] o.s.boot.SpringApplication               : Application run failed

java.lang.TypeNotPresentException: Type com.learnSpringBootCode.Hospital_Mgmt_SB.entities.User not present
	at java.base/sun.reflect.generics.factory.CoreReflectionFactory.makeNamedType(CoreReflectionFactory.java:117) ~[na:na]
	at java.base/sun.reflect.generics.visitor.Reifier.visitClassTypeSignature(Reifier.java:125) ~[na:na]
	at java.base/sun.reflect.generics.tree.ClassTypeSignature.accept(ClassTypeSignature.java:49) ~[na:na]
	at java.base/sun.reflect.generics.visitor.Reifier.reifyTypeArguments(Reifier.java:68) ~[na:na]
	at java.base/sun.reflect.generics.visitor.Reifier.visitClassTypeSignature(Reifier.java:138) ~[na:na]
	at java.base/sun.reflect.generics.tree.ClassTypeSignature.accept(ClassTypeSignature.java:49) ~[na:na]
	at java.base/sun.reflect.generics.repository.ClassRepository.computeSuperInterfaces(ClassRepository.java:117) ~[na:na]
	at java.base/sun.reflect.generics.repository.ClassRepository.getSuperInterfaces(ClassRepository.java:95) ~[na:na]
	at java.base/java.lang.Class.getGenericInterfaces(Class.java:1298) ~[na:na]
	at org.springframework.core.ResolvableType.getInterfaces(ResolvableType.java:544) ~[spring-core-7.0.5.jar:7.0.5]
	at org.springframework.core.ResolvableType.as(ResolvableType.java:492) ~[spring-core-7.0.5.jar:7.0.5]
	at org.springframework.data.core.TypeDiscoverer.getSuperTypeInformation(TypeDiscoverer.java:264) ~[spring-data-commons-4.0.3.jar:4.0.3]
	at org.springframework.data.core.TypeInformation.getRequiredSuperTypeInformation(TypeInformation.java:328) ~[spring-data-commons-4.0.3.jar:4.0.3]
	at org.springframework.data.repository.core.support.DefaultRepositoryMetadata.<init>(DefaultRepositoryMetadata.java:55) ~[spring-data-commons-4.0.3.jar:4.0.3]
	at org.springframework.data.repository.core.support.AbstractRepositoryMetadata.getMetadata(AbstractRepositoryMetadata.java:79) ~[spring-data-commons-4.0.3.jar:4.0.3]
	at org.springframework.data.repository.config.RepositoryConfigurationExtensionSupport.getRepositoryConfigurations(RepositoryConfigurationExtensionSupport.java:93) ~[spring-data-commons-4.0.3.jar:4.0.3]
	at org.springframework.data.repository.config.RepositoryConfigurationDelegate.registerRepositoriesIn(RepositoryConfigurationDelegate.java:170) ~[spring-data-commons-4.0.3.jar:4.0.3]
	at org.springframework.boot.autoconfigure.data.AbstractRepositoryConfigurationSourceSupport.registerBeanDefinitions(AbstractRepositoryConfigurationSourceSupport.java:67) ~[spring-boot-autoconfigure-4.0.3.jar:4.0.3]
	at org.springframework.context.annotation.ConfigurationClassBeanDefinitionReader.lambda$loadBeanDefinitionsFromImportBeanDefinitionRegistrars$0(ConfigurationClassBeanDefinitionReader.java:422) ~[spring-context-7.0.5.jar:7.0.5]
	at java.base/java.util.LinkedHashMap.forEach(LinkedHashMap.java:986) ~[na:na]
	at org.springframework.context.annotation.ConfigurationClassBeanDefinitionReader.loadBeanDefinitionsFromImportBeanDefinitionRegistrars(ConfigurationClassBeanDefinitionReader.java:421) ~[spring-context-7.0.5.jar:7.0.5]
	at org.springframework.context.annotation.ConfigurationClassBeanDefinitionReader.loadBeanDefinitionsForConfigurationClass(ConfigurationClassBeanDefinitionReader.java:152) ~[spring-context-7.0.5.jar:7.0.5]
	at org.springframework.context.annotation.ConfigurationClassBeanDefinitionReader.loadBeanDefinitions(ConfigurationClassBeanDefinitionReader.java:124) ~[spring-context-7.0.5.jar:7.0.5]
	at org.springframework.context.annotation.ConfigurationClassPostProcessor.processConfigBeanDefinitions(ConfigurationClassPostProcessor.java:458) ~[spring-context-7.0.5.jar:7.0.5]
	at org.springframework.context.annotation.ConfigurationClassPostProcessor.postProcessBeanDefinitionRegistry(ConfigurationClassPostProcessor.java:310) ~[spring-context-7.0.5.jar:7.0.5]
	at org.springframework.context.support.PostProcessorRegistrationDelegate.invokeBeanDefinitionRegistryPostProcessors(PostProcessorRegistrationDelegate.java:349) ~[spring-context-7.0.5.jar:7.0.5]
	at org.springframework.context.support.PostProcessorRegistrationDelegate.invokeBeanFactoryPostProcessors(PostProcessorRegistrationDelegate.java:118) ~[spring-context-7.0.5.jar:7.0.5]
	at org.springframework.context.support.AbstractApplicationContext.invokeBeanFactoryPostProcessors(AbstractApplicationContext.java:795) ~[spring-context-7.0.5.jar:7.0.5]
	at org.springframework.context.support.AbstractApplicationContext.refresh(AbstractApplicationContext.java:603) ~[spring-context-7.0.5.jar:7.0.5]
	at org.springframework.boot.web.server.servlet.context.ServletWebServerApplicationContext.refresh(ServletWebServerApplicationContext.java:143) ~[spring-boot-web-server-4.0.3.jar:4.0.3]
	at org.springframework.boot.SpringApplication.refresh(SpringApplication.java:756) ~[spring-boot-4.0.3.jar:4.0.3]
	at org.springframework.boot.SpringApplication.refreshContext(SpringApplication.java:445) ~[spring-boot-4.0.3.jar:4.0.3]
	at org.springframework.boot.SpringApplication.run(SpringApplication.java:321) ~[spring-boot-4.0.3.jar:4.0.3]
	at org.springframework.boot.SpringApplication.run(SpringApplication.java:1365) ~[spring-boot-4.0.3.jar:4.0.3]
	at org.springframework.boot.SpringApplication.run(SpringApplication.java:1354) ~[spring-boot-4.0.3.jar:4.0.3]
	at com.learnSpringBootCode.Hospital_Mgmt_SB.Hospital_Management_Application.main(Hospital_Management_Application.java:10) ~[classes/:na]
	at java.base/jdk.internal.reflect.DirectMethodHandleAccessor.invoke(DirectMethodHandleAccessor.java:103) ~[na:na]
	at java.base/java.lang.reflect.Method.invoke(Method.java:580) ~[na:na]
	at org.springframework.boot.devtools.restart.RestartLauncher.run(RestartLauncher.java:52) ~[spring-boot-devtools-4.0.3.jar:4.0.3]
Caused by: java.lang.ClassNotFoundException: com.learnSpringBootCode.Hospital_Mgmt_SB.entities.User
	at java.base/jdk.internal.loader.BuiltinClassLoader.loadClass(BuiltinClassLoader.java:641) ~[na:na]
	at java.base/jdk.internal.loader.ClassLoaders$AppClassLoader.loadClass(ClassLoaders.java:188) ~[na:na]
	at java.base/java.lang.ClassLoader.loadClass(ClassLoader.java:526) ~[na:na]
	at java.base/java.lang.Class.forName0(Native Method) ~[na:na]
	at java.base/java.lang.Class.forName(Class.java:536) ~[na:na]
	at java.base/java.lang.Class.forName(Class.java:515) ~[na:na]
	at org.springframework.boot.devtools.restart.classloader.RestartClassLoader.loadClass(RestartClassLoader.java:123) ~[spring-boot-devtools-4.0.3.jar:4.0.3]
	at java.base/java.lang.ClassLoader.loadClass(ClassLoader.java:526) ~[na:na]
	at java.base/java.lang.Class.forName0(Native Method) ~[na:na]
	at java.base/java.lang.Class.forName(Class.java:536) ~[na:na]
	at java.base/java.lang.Class.forName(Class.java:515) ~[na:na]
	at java.base/sun.reflect.generics.factory.CoreReflectionFactory.makeNamedType(CoreReflectionFactory.java:114) ~[na:na]
	... 38 common frames omitted

2026-03-27T20:51:29.111+08:00  INFO 28488 --- [restartedMain] c.l.H.Hospital_Management_Application    : Starting Hospital_Management_Application using Java 21.0.9 with PID 28488 (D:\New learning codes\SpringBoot Code\anujSharma\CodingShuttleProject\Hospital_Mgmt_SB\Hospital_Mgmt_SB\target\classes started by tauki in D:\New learning codes\SpringBoot Code\anujSharma\CodingShuttleProject\Hospital_Mgmt_SB)
2026-03-27T20:51:29.111+08:00  INFO 28488 --- [restartedMain] c.l.H.Hospital_Management_Application    : No active profile set, falling back to 1 default profile: "default"
2026-03-27T20:51:29.189+08:00  INFO 28488 --- [restartedMain] .s.d.r.c.RepositoryConfigurationDelegate : Bootstrapping Spring Data JPA repositories in DEFAULT mode.
2026-03-27T20:51:29.203+08:00  INFO 28488 --- [restartedMain] .s.d.r.c.RepositoryConfigurationDelegate : Finished Spring Data repository scanning in 13 ms. Found 8 JPA repository interfaces.
2026-03-27T20:51:29.249+08:00  INFO 28488 --- [restartedMain] o.s.boot.tomcat.TomcatWebServer          : Tomcat initialized with port 8081 (http)
2026-03-27T20:51:29.251+08:00  INFO 28488 --- [restartedMain] o.apache.catalina.core.StandardService   : Starting service [Tomcat]
2026-03-27T20:51:29.251+08:00  INFO 28488 --- [restartedMain] o.apache.catalina.core.StandardEngine    : Starting Servlet engine: [Apache Tomcat/11.0.18]
2026-03-27T20:51:29.266+08:00  INFO 28488 --- [restartedMain] b.w.c.s.WebApplicationContextInitializer : Root WebApplicationContext: initialization completed in 154 ms
2026-03-27T20:51:29.279+08:00  INFO 28488 --- [restartedMain] org.hibernate.orm.jpa                    : HHH008540: Processing PersistenceUnitInfo [name: default]
2026-03-27T20:51:29.299+08:00  INFO 28488 --- [restartedMain] o.s.o.j.p.SpringPersistenceUnitInfo      : No LoadTimeWeaver setup: ignoring JPA class transformer
2026-03-27T20:51:29.299+08:00  INFO 28488 --- [restartedMain] com.zaxxer.hikari.HikariDataSource       : HikariPool-5 - Starting...
2026-03-27T20:51:29.439+08:00  INFO 28488 --- [restartedMain] com.zaxxer.hikari.pool.HikariPool        : HikariPool-5 - Added connection org.postgresql.jdbc.PgConnection@3e05fd66
2026-03-27T20:51:29.439+08:00  INFO 28488 --- [restartedMain] com.zaxxer.hikari.HikariDataSource       : HikariPool-5 - Start completed.
2026-03-27T20:51:29.446+08:00  INFO 28488 --- [restartedMain] org.hibernate.orm.connections.pooling    : HHH10001005: Database info:
	Database JDBC URL [jdbc:postgresql://localhost:5432/learnSpringBoot_hospitalDB]
	Database driver: PostgreSQL JDBC Driver
	Database dialect: PostgreSQLDialect
	Database version: 17.4
	Default catalog/schema: learnSpringBoot_hospitalDB/public
	Autocommit mode: undefined/unknown
	Isolation level: READ_COMMITTED [default READ_COMMITTED]
	JDBC fetch size: none
	Pool: DataSourceConnectionProvider
	Minimum pool size: undefined/unknown
	Maximum pool size: undefined/unknown
2026-03-27T20:51:29.541+08:00  INFO 28488 --- [restartedMain] org.hibernate.orm.core                   : HHH000489: No JTA platform available (set 'hibernate.transaction.jta.platform' to enable JTA platform integration)
2026-03-27T20:51:29.608+08:00  INFO 28488 --- [restartedMain] j.LocalContainerEntityManagerFactoryBean : Initialized JPA EntityManagerFactory for persistence unit 'default'
2026-03-27T20:51:29.633+08:00  WARN 28488 --- [restartedMain] JpaBaseConfiguration$JpaWebConfiguration : spring.jpa.open-in-view is enabled by default. Therefore, database queries may be performed during view rendering. Explicitly configure spring.jpa.open-in-view to disable this warning
2026-03-27T20:51:29.664+08:00  INFO 28488 --- [restartedMain] r$InitializeUserDetailsManagerConfigurer : Global AuthenticationManager configured with UserDetailsService bean with name customUserDetailsService
2026-03-27T20:51:29.781+08:00  INFO 28488 --- [restartedMain] o.s.boot.tomcat.TomcatWebServer          : Tomcat started on port 8081 (http) with context path '/api'
2026-03-27T20:51:29.782+08:00  INFO 28488 --- [restartedMain] c.l.H.Hospital_Management_Application    : Started Hospital_Management_Application in 0.687 seconds (process running for 8801.23)
2026-03-27T20:51:29.782+08:00  INFO 28488 --- [restartedMain] .ConditionEvaluationDeltaLoggingListener : Condition evaluation unchanged
2026-03-27T20:51:52.703+08:00  INFO 28488 --- [http-nio-8081-exec-4] o.a.c.c.C.[Tomcat-2].[localhost].[/api]  : Initializing Spring DispatcherServlet 'dispatcherServlet'
2026-03-27T20:51:52.703+08:00  INFO 28488 --- [http-nio-8081-exec-4] o.s.web.servlet.DispatcherServlet        : Initializing Servlet 'dispatcherServlet'
2026-03-27T20:51:52.705+08:00  INFO 28488 --- [http-nio-8081-exec-4] o.s.web.servlet.DispatcherServlet        : Completed initialization in 2 ms
2026-03-27T20:51:52.706+08:00  INFO 28488 --- [http-nio-8081-exec-4] c.l.H.security.JwtAuthFilter             : Incoming request : /api/auth/signup
2026-03-27T20:51:52.814+08:00  WARN 28488 --- [http-nio-8081-exec-4] .m.m.a.ExceptionHandlerExceptionResolver : Resolved [java.lang.IllegalArgumentException: User already exists with this username]
2026-03-27T20:59:24.973+08:00  INFO 28488 --- [File Watcher] rtingClassPathChangeChangedEventListener : Restarting due to 1 class path change (0 additions, 0 deletions, 1 modification)
2026-03-27T20:59:24.975+08:00  INFO 28488 --- [Thread-12] o.s.boot.tomcat.GracefulShutdown         : Commencing graceful shutdown. Waiting for active requests to complete
2026-03-27T20:59:24.987+08:00  INFO 28488 --- [tomcat-shutdown] o.s.boot.tomcat.GracefulShutdown         : Graceful shutdown complete
2026-03-27T20:59:24.988+08:00  INFO 28488 --- [Thread-12] j.LocalContainerEntityManagerFactoryBean : Closing JPA EntityManagerFactory for persistence unit 'default'
2026-03-27T20:59:24.990+08:00  INFO 28488 --- [Thread-12] com.zaxxer.hikari.HikariDataSource       : HikariPool-5 - Shutdown initiated...
2026-03-27T20:59:24.992+08:00  INFO 28488 --- [Thread-12] com.zaxxer.hikari.HikariDataSource       : HikariPool-5 - Shutdown completed.
2026-03-27T20:59:25.082+08:00  INFO 28488 --- [restartedMain] c.l.H.Hospital_Management_Application    : Starting Hospital_Management_Application using Java 21.0.9 with PID 28488 (D:\New learning codes\SpringBoot Code\anujSharma\CodingShuttleProject\Hospital_Mgmt_SB\Hospital_Mgmt_SB\target\classes started by tauki in D:\New learning codes\SpringBoot Code\anujSharma\CodingShuttleProject\Hospital_Mgmt_SB)
2026-03-27T20:59:25.083+08:00  INFO 28488 --- [restartedMain] c.l.H.Hospital_Management_Application    : No active profile set, falling back to 1 default profile: "default"
2026-03-27T20:59:25.193+08:00  INFO 28488 --- [restartedMain] .s.d.r.c.RepositoryConfigurationDelegate : Bootstrapping Spring Data JPA repositories in DEFAULT mode.
2026-03-27T20:59:25.213+08:00  INFO 28488 --- [restartedMain] .s.d.r.c.RepositoryConfigurationDelegate : Finished Spring Data repository scanning in 19 ms. Found 8 JPA repository interfaces.
2026-03-27T20:59:25.261+08:00  INFO 28488 --- [restartedMain] o.s.boot.tomcat.TomcatWebServer          : Tomcat initialized with port 8081 (http)
2026-03-27T20:59:25.262+08:00  INFO 28488 --- [restartedMain] o.apache.catalina.core.StandardService   : Starting service [Tomcat]
2026-03-27T20:59:25.262+08:00  INFO 28488 --- [restartedMain] o.apache.catalina.core.StandardEngine    : Starting Servlet engine: [Apache Tomcat/11.0.18]
2026-03-27T20:59:25.278+08:00  INFO 28488 --- [restartedMain] b.w.c.s.WebApplicationContextInitializer : Root WebApplicationContext: initialization completed in 194 ms
2026-03-27T20:59:25.294+08:00  INFO 28488 --- [restartedMain] org.hibernate.orm.jpa                    : HHH008540: Processing PersistenceUnitInfo [name: default]
2026-03-27T20:59:25.313+08:00  INFO 28488 --- [restartedMain] o.s.o.j.p.SpringPersistenceUnitInfo      : No LoadTimeWeaver setup: ignoring JPA class transformer
2026-03-27T20:59:25.313+08:00  INFO 28488 --- [restartedMain] com.zaxxer.hikari.HikariDataSource       : HikariPool-6 - Starting...
2026-03-27T20:59:25.340+08:00  INFO 28488 --- [restartedMain] com.zaxxer.hikari.pool.HikariPool        : HikariPool-6 - Added connection org.postgresql.jdbc.PgConnection@1c7d2a1b
2026-03-27T20:59:25.340+08:00  INFO 28488 --- [restartedMain] com.zaxxer.hikari.HikariDataSource       : HikariPool-6 - Start completed.
2026-03-27T20:59:25.348+08:00  INFO 28488 --- [restartedMain] org.hibernate.orm.connections.pooling    : HHH10001005: Database info:
	Database JDBC URL [jdbc:postgresql://localhost:5432/learnSpringBoot_hospitalDB]
	Database driver: PostgreSQL JDBC Driver
	Database dialect: PostgreSQLDialect
	Database version: 17.4
	Default catalog/schema: learnSpringBoot_hospitalDB/public
	Autocommit mode: undefined/unknown
	Isolation level: READ_COMMITTED [default READ_COMMITTED]
	JDBC fetch size: none
	Pool: DataSourceConnectionProvider
	Minimum pool size: undefined/unknown
	Maximum pool size: undefined/unknown
2026-03-27T20:59:25.445+08:00  INFO 28488 --- [restartedMain] org.hibernate.orm.core                   : HHH000489: No JTA platform available (set 'hibernate.transaction.jta.platform' to enable JTA platform integration)
2026-03-27T20:59:25.472+08:00  INFO 28488 --- [restartedMain] j.LocalContainerEntityManagerFactoryBean : Initialized JPA EntityManagerFactory for persistence unit 'default'
2026-03-27T20:59:25.495+08:00  WARN 28488 --- [restartedMain] JpaBaseConfiguration$JpaWebConfiguration : spring.jpa.open-in-view is enabled by default. Therefore, database queries may be performed during view rendering. Explicitly configure spring.jpa.open-in-view to disable this warning
2026-03-27T20:59:25.537+08:00  INFO 28488 --- [restartedMain] r$InitializeUserDetailsManagerConfigurer : Global AuthenticationManager configured with UserDetailsService bean with name customUserDetailsService
2026-03-27T20:59:25.701+08:00  INFO 28488 --- [restartedMain] o.s.boot.tomcat.TomcatWebServer          : Tomcat started on port 8081 (http) with context path '/api'
2026-03-27T20:59:25.703+08:00  INFO 28488 --- [restartedMain] c.l.H.Hospital_Management_Application    : Started Hospital_Management_Application in 0.646 seconds (process running for 9277.151)
2026-03-27T20:59:25.703+08:00  INFO 28488 --- [restartedMain] .ConditionEvaluationDeltaLoggingListener : Condition evaluation unchanged
2026-03-27T20:59:47.474+08:00  INFO 28488 --- [File Watcher] rtingClassPathChangeChangedEventListener : Restarting due to 1 class path change (0 additions, 0 deletions, 1 modification)
2026-03-27T20:59:47.475+08:00  INFO 28488 --- [Thread-22] o.s.boot.tomcat.GracefulShutdown         : Commencing graceful shutdown. Waiting for active requests to complete
2026-03-27T20:59:47.488+08:00  INFO 28488 --- [tomcat-shutdown] o.s.boot.tomcat.GracefulShutdown         : Graceful shutdown complete
2026-03-27T20:59:47.489+08:00  INFO 28488 --- [Thread-22] j.LocalContainerEntityManagerFactoryBean : Closing JPA EntityManagerFactory for persistence unit 'default'
2026-03-27T20:59:47.490+08:00  INFO 28488 --- [Thread-22] com.zaxxer.hikari.HikariDataSource       : HikariPool-6 - Shutdown initiated...
2026-03-27T20:59:47.491+08:00  INFO 28488 --- [Thread-22] com.zaxxer.hikari.HikariDataSource       : HikariPool-6 - Shutdown completed.
2026-03-27T20:59:47.544+08:00  INFO 28488 --- [restartedMain] c.l.H.Hospital_Management_Application    : Starting Hospital_Management_Application using Java 21.0.9 with PID 28488 (D:\New learning codes\SpringBoot Code\anujSharma\CodingShuttleProject\Hospital_Mgmt_SB\Hospital_Mgmt_SB\target\classes started by tauki in D:\New learning codes\SpringBoot Code\anujSharma\CodingShuttleProject\Hospital_Mgmt_SB)
2026-03-27T20:59:47.544+08:00  INFO 28488 --- [restartedMain] c.l.H.Hospital_Management_Application    : No active profile set, falling back to 1 default profile: "default"
2026-03-27T20:59:47.611+08:00  INFO 28488 --- [restartedMain] .s.d.r.c.RepositoryConfigurationDelegate : Bootstrapping Spring Data JPA repositories in DEFAULT mode.
2026-03-27T20:59:47.635+08:00  INFO 28488 --- [restartedMain] .s.d.r.c.RepositoryConfigurationDelegate : Finished Spring Data repository scanning in 23 ms. Found 8 JPA repository interfaces.
2026-03-27T20:59:47.678+08:00  INFO 28488 --- [restartedMain] o.s.boot.tomcat.TomcatWebServer          : Tomcat initialized with port 8081 (http)
2026-03-27T20:59:47.679+08:00  INFO 28488 --- [restartedMain] o.apache.catalina.core.StandardService   : Starting service [Tomcat]
2026-03-27T20:59:47.679+08:00  INFO 28488 --- [restartedMain] o.apache.catalina.core.StandardEngine    : Starting Servlet engine: [Apache Tomcat/11.0.18]
2026-03-27T20:59:47.692+08:00  INFO 28488 --- [restartedMain] b.w.c.s.WebApplicationContextInitializer : Root WebApplicationContext: initialization completed in 147 ms
2026-03-27T20:59:47.704+08:00  INFO 28488 --- [restartedMain] org.hibernate.orm.jpa                    : HHH008540: Processing PersistenceUnitInfo [name: default]
2026-03-27T20:59:47.723+08:00  INFO 28488 --- [restartedMain] o.s.o.j.p.SpringPersistenceUnitInfo      : No LoadTimeWeaver setup: ignoring JPA class transformer
2026-03-27T20:59:47.724+08:00  INFO 28488 --- [restartedMain] com.zaxxer.hikari.HikariDataSource       : HikariPool-7 - Starting...
2026-03-27T20:59:47.848+08:00  INFO 28488 --- [restartedMain] com.zaxxer.hikari.pool.HikariPool        : HikariPool-7 - Added connection org.postgresql.jdbc.PgConnection@45b683f
2026-03-27T20:59:47.848+08:00  INFO 28488 --- [restartedMain] com.zaxxer.hikari.HikariDataSource       : HikariPool-7 - Start completed.
2026-03-27T20:59:47.856+08:00  INFO 28488 --- [restartedMain] org.hibernate.orm.connections.pooling    : HHH10001005: Database info:
	Database JDBC URL [jdbc:postgresql://localhost:5432/learnSpringBoot_hospitalDB]
	Database driver: PostgreSQL JDBC Driver
	Database dialect: PostgreSQLDialect
	Database version: 17.4
	Default catalog/schema: learnSpringBoot_hospitalDB/public
	Autocommit mode: undefined/unknown
	Isolation level: READ_COMMITTED [default READ_COMMITTED]
	JDBC fetch size: none
	Pool: DataSourceConnectionProvider
	Minimum pool size: undefined/unknown
	Maximum pool size: undefined/unknown
2026-03-27T20:59:47.930+08:00  INFO 28488 --- [restartedMain] org.hibernate.orm.core                   : HHH000489: No JTA platform available (set 'hibernate.transaction.jta.platform' to enable JTA platform integration)
2026-03-27T20:59:47.956+08:00  INFO 28488 --- [restartedMain] j.LocalContainerEntityManagerFactoryBean : Initialized JPA EntityManagerFactory for persistence unit 'default'
2026-03-27T20:59:47.976+08:00  WARN 28488 --- [restartedMain] JpaBaseConfiguration$JpaWebConfiguration : spring.jpa.open-in-view is enabled by default. Therefore, database queries may be performed during view rendering. Explicitly configure spring.jpa.open-in-view to disable this warning
2026-03-27T20:59:48.015+08:00  INFO 28488 --- [restartedMain] r$InitializeUserDetailsManagerConfigurer : Global AuthenticationManager configured with UserDetailsService bean with name customUserDetailsService
2026-03-27T20:59:48.124+08:00  INFO 28488 --- [restartedMain] o.s.boot.tomcat.TomcatWebServer          : Tomcat started on port 8081 (http) with context path '/api'
2026-03-27T20:59:48.125+08:00  INFO 28488 --- [restartedMain] c.l.H.Hospital_Management_Application    : Started Hospital_Management_Application in 0.594 seconds (process running for 9299.574)
2026-03-27T20:59:48.125+08:00  INFO 28488 --- [restartedMain] .ConditionEvaluationDeltaLoggingListener : Condition evaluation unchanged
2026-03-27T20:59:59.112+08:00  INFO 28488 --- [SpringApplicationShutdownHook] o.s.boot.tomcat.GracefulShutdown         : Commencing graceful shutdown. Waiting for active requests to complete
2026-03-27T20:59:59.125+08:00  INFO 28488 --- [tomcat-shutdown] o.s.boot.tomcat.GracefulShutdown         : Graceful shutdown complete
2026-03-27T20:59:59.126+08:00  INFO 28488 --- [SpringApplicationShutdownHook] j.LocalContainerEntityManagerFactoryBean : Closing JPA EntityManagerFactory for persistence unit 'default'
2026-03-27T20:59:59.126+08:00  INFO 28488 --- [SpringApplicationShutdownHook] com.zaxxer.hikari.HikariDataSource       : HikariPool-7 - Shutdown initiated...
2026-03-27T20:59:59.127+08:00  INFO 28488 --- [SpringApplicationShutdownHook] com.zaxxer.hikari.HikariDataSource       : HikariPool-7 - Shutdown completed.
2026-03-27T21:00:00.705+08:00  INFO 73468 --- [restartedMain] c.l.H.Hospital_Management_Application    : Starting Hospital_Management_Application using Java 21.0.9 with PID 73468 (D:\New learning codes\SpringBoot Code\anujSharma\CodingShuttleProject\Hospital_Mgmt_SB\Hospital_Mgmt_SB\target\classes started by tauki in D:\New learning codes\SpringBoot Code\anujSharma\CodingShuttleProject\Hospital_Mgmt_SB)
2026-03-27T21:00:00.708+08:00  INFO 73468 --- [restartedMain] c.l.H.Hospital_Management_Application    : No active profile set, falling back to 1 default profile: "default"
2026-03-27T21:00:00.748+08:00  INFO 73468 --- [restartedMain] .e.DevToolsPropertyDefaultsPostProcessor : Devtools property defaults active! Set 'spring.devtools.add-properties' to 'false' to disable
2026-03-27T21:00:00.749+08:00  INFO 73468 --- [restartedMain] .e.DevToolsPropertyDefaultsPostProcessor : For additional web related logging consider setting the 'logging.level.web' property to 'DEBUG'
2026-03-27T21:00:01.363+08:00  INFO 73468 --- [restartedMain] .s.d.r.c.RepositoryConfigurationDelegate : Bootstrapping Spring Data JPA repositories in DEFAULT mode.
2026-03-27T21:00:01.421+08:00  INFO 73468 --- [restartedMain] .s.d.r.c.RepositoryConfigurationDelegate : Finished Spring Data repository scanning in 51 ms. Found 8 JPA repository interfaces.
2026-03-27T21:00:01.961+08:00  INFO 73468 --- [restartedMain] o.s.boot.tomcat.TomcatWebServer          : Tomcat initialized with port 8081 (http)
2026-03-27T21:00:01.976+08:00  INFO 73468 --- [restartedMain] o.apache.catalina.core.StandardService   : Starting service [Tomcat]
2026-03-27T21:00:01.977+08:00  INFO 73468 --- [restartedMain] o.apache.catalina.core.StandardEngine    : Starting Servlet engine: [Apache Tomcat/11.0.18]
2026-03-27T21:00:02.017+08:00  INFO 73468 --- [restartedMain] b.w.c.s.WebApplicationContextInitializer : Root WebApplicationContext: initialization completed in 1268 ms
2026-03-27T21:00:02.213+08:00  INFO 73468 --- [restartedMain] org.hibernate.orm.jpa                    : HHH008540: Processing PersistenceUnitInfo [name: default]
2026-03-27T21:00:02.277+08:00  INFO 73468 --- [restartedMain] org.hibernate.orm.core                   : HHH000001: Hibernate ORM core version 7.2.4.Final
2026-03-27T21:00:02.695+08:00  INFO 73468 --- [restartedMain] o.s.o.j.p.SpringPersistenceUnitInfo      : No LoadTimeWeaver setup: ignoring JPA class transformer
2026-03-27T21:00:02.715+08:00  INFO 73468 --- [restartedMain] com.zaxxer.hikari.HikariDataSource       : HikariPool-1 - Starting...
2026-03-27T21:00:02.851+08:00  INFO 73468 --- [restartedMain] com.zaxxer.hikari.pool.HikariPool        : HikariPool-1 - Added connection org.postgresql.jdbc.PgConnection@6d457d2a
2026-03-27T21:00:02.852+08:00  INFO 73468 --- [restartedMain] com.zaxxer.hikari.HikariDataSource       : HikariPool-1 - Start completed.
2026-03-27T21:00:02.901+08:00  INFO 73468 --- [restartedMain] org.hibernate.orm.connections.pooling    : HHH10001005: Database info:
	Database JDBC URL [jdbc:postgresql://localhost:5432/learnSpringBoot_hospitalDB]
	Database driver: PostgreSQL JDBC Driver
	Database dialect: PostgreSQLDialect
	Database version: 17.4
	Default catalog/schema: learnSpringBoot_hospitalDB/public
	Autocommit mode: undefined/unknown
	Isolation level: READ_COMMITTED [default READ_COMMITTED]
	JDBC fetch size: none
	Pool: DataSourceConnectionProvider
	Minimum pool size: undefined/unknown
	Maximum pool size: undefined/unknown
2026-03-27T21:00:03.781+08:00  INFO 73468 --- [restartedMain] org.hibernate.orm.core                   : HHH000489: No JTA platform available (set 'hibernate.transaction.jta.platform' to enable JTA platform integration)
2026-03-27T21:00:03.845+08:00  INFO 73468 --- [restartedMain] j.LocalContainerEntityManagerFactoryBean : Initialized JPA EntityManagerFactory for persistence unit 'default'
2026-03-27T21:00:03.897+08:00  INFO 73468 --- [restartedMain] o.s.d.j.r.query.QueryEnhancerFactories   : Hibernate is in classpath; If applicable, HQL parser will be used.
2026-03-27T21:00:04.031+08:00  WARN 73468 --- [restartedMain] JpaBaseConfiguration$JpaWebConfiguration : spring.jpa.open-in-view is enabled by default. Therefore, database queries may be performed during view rendering. Explicitly configure spring.jpa.open-in-view to disable this warning
2026-03-27T21:00:04.372+08:00  INFO 73468 --- [restartedMain] r$InitializeUserDetailsManagerConfigurer : Global AuthenticationManager configured with UserDetailsService bean with name customUserDetailsService
2026-03-27T21:00:05.862+08:00  INFO 73468 --- [restartedMain] o.s.boot.tomcat.TomcatWebServer          : Tomcat started on port 8081 (http) with context path '/api'
2026-03-27T21:00:05.870+08:00  INFO 73468 --- [restartedMain] c.l.H.Hospital_Management_Application    : Started Hospital_Management_Application in 5.565 seconds (process running for 5.996)
2026-03-27T21:00:16.163+08:00  INFO 73468 --- [http-nio-8081-exec-1] o.a.c.c.C.[Tomcat].[localhost].[/api]    : Initializing Spring DispatcherServlet 'dispatcherServlet'
2026-03-27T21:00:16.163+08:00  INFO 73468 --- [http-nio-8081-exec-1] o.s.web.servlet.DispatcherServlet        : Initializing Servlet 'dispatcherServlet'
2026-03-27T21:00:16.165+08:00  INFO 73468 --- [http-nio-8081-exec-1] o.s.web.servlet.DispatcherServlet        : Completed initialization in 1 ms
2026-03-27T21:00:16.187+08:00  INFO 73468 --- [http-nio-8081-exec-2] c.l.H.security.JwtAuthFilter             : Incoming request : /api/login
2026-03-27T21:00:16.214+08:00  INFO 73468 --- [http-nio-8081-exec-3] c.l.H.security.JwtAuthFilter             : Incoming request : /api/default-ui.css
2026-03-27T21:01:00.972+08:00  INFO 73468 --- [http-nio-8081-exec-5] c.l.H.security.JwtAuthFilter             : Incoming request : /api/login
2026-03-27T21:01:01.003+08:00  INFO 73468 --- [http-nio-8081-exec-6] c.l.H.security.JwtAuthFilter             : Incoming request : /api/default-ui.css
2026-03-27T21:01:06.706+08:00  INFO 73468 --- [http-nio-8081-exec-9] c.l.H.security.JwtAuthFilter             : Incoming request : /api/login
2026-03-27T21:01:06.735+08:00  INFO 73468 --- [http-nio-8081-exec-10] c.l.H.security.JwtAuthFilter             : Incoming request : /api/default-ui.css
